image_id,preprocess_ms,set_tensor_ms,invoke_ms,get_tensor_ms,postprocess_ms,total_ms,delegate_active
397133,73.40743199995359,0.7494799999676616,145.66579100005583,0.44934599998214253,96.98396600003889,317.2560149999981,True
37777,65.07940599999529,0.7526050000024043,146.0455900000852,0.4745549999825016,81.02556099993308,293.3777169999985,True
252219,71.13049200006571,0.7743139999547566,145.75404000004255,0.4569709999486804,82.02321400005985,300.13903100007155,True
87038,69.04643399991528,0.7596040001089932,146.07892499998343,0.45884600001500075,80.51225499991688,296.8560639999396,True
174482,69.66449200001534,0.7572709999976723,144.63363199990908,0.45805400009157893,80.17328599999018,295.68673500000386,True
403385,71.48316699999668,0.8656909999444906,144.25733000007313,0.4596789999595785,81.49382300007346,298.55969000004734,True
6818,65.30953599997247,0.7456460000412335,145.49265599998762,0.45138699999824894,75.30994199998986,287.30916699998943,True
480985,68.0201960000204,0.7443120000516501,145.85374899991166,1.6395449999890843,79.99232100007703,296.2501230000498,True
458054,72.02868099989246,0.8386490000020785,145.4296090000753,0.453513000024941,81.37819299997773,300.1286449999725,True
331352,63.75124200008031,0.7313539999813656,145.19681100000525,0.4626379999308483,76.5870590000759,286.7291040000737,True
296649,69.60207199995239,0.7477709999648141,144.92513700008658,0.44855399994503387,82.31938500000524,298.04291899995405,True
386912,70.65530800002762,0.7346460000690058,144.3023250000124,0.46384699999180157,78.47365199995693,294.62977800005774,True
502136,70.58084899995265,0.7496450000417099,144.58091699998477,0.454929999932574,80.25766000002932,296.624000999941,True
491497,64.94485799998984,0.8420650000289243,144.6497099999533,0.4631799999970099,82.3448849999977,293.2446979999668,True
184791,67.58834800007207,0.714102999950228,146.0057040000038,0.4398040000523906,75.47898399991482,290.2269429999933,True
348881,64.05991500002983,0.703644999930475,145.33018500003436,0.4432199999655495,77.24807500005682,287.78504000001703,True
289393,62.88029799998185,0.7038530000045284,145.367436000015,0.45705499996984145,76.98860899995452,286.39725099992575,True
522713,62.540788999967845,0.7158949999848119,145.78786499998841,0.4621379999889541,78.58769400002075,288.0943809999508,True
181666,64.47496700002375,0.749437999957081,144.5629940000117,0.45547100000931096,85.1077099999884,295.35057999999026,True
17627,71.7892129999882,0.7541039999523491,146.10270500008937,0.4630129999441124,83.58562499995514,302.6946599999292,True
143931,71.01923300001545,0.732894999941891,144.8057100000142,0.45563800006220845,76.05341499993301,293.06689099996674,True
303818,67.13562300001286,0.7151039999371278,146.0069490000251,0.45976199999131495,79.35258999998496,293.67002799995134,True
463730,66.2870160000466,0.7508539999889763,144.9020019999807,0.44951300003504,85.46996799998396,297.8593530000353,True
460347,68.2614879999619,0.7698970000546979,145.127341000034,0.44572100000550563,80.93800799997553,295.5424550000316,True
322864,68.41078399997969,0.7131030000664396,147.91458399997737,0.5209309999827383,78.2433489999903,295.80275099999653,True
226111,63.977158999932726,0.7568960000980951,145.53122499989968,0.46059600003900414,73.58896900007039,284.3148450000399,True
153299,67.1720400000595,0.7298959999388899,145.62064400001873,0.4615960000364794,76.01599500003431,290.0001710000879,True
308394,63.57006400003229,0.7414379999772791,144.7768289999658,1.7519650000394904,80.3406149999546,291.18091099996946,True
456496,71.48128399990128,0.7442700000410696,144.87032900001395,0.45638799997504975,80.86950400002024,298.4217749999516,True
58636,71.87492000002749,0.7215199999563993,145.08108500001526,0.45342999999320455,74.06902200000332,292.19997699999567,True
41888,74.12998300003437,0.884400000018104,145.39584299996022,0.4533459999720435,80.95071499997175,301.8142869999565,True
184321,72.13955200006694,0.826022999945053,147.00313599996662,0.5732660000603573,79.68217799998456,300.22415500002353,True
565778,73.60063399994488,0.7612709999875733,144.6573210000679,0.4540539999879911,81.45476899994719,300.9280489999355,True
297343,67.59521600008611,0.7584789999555142,145.89043900002707,0.5781819999128857,78.27651400009472,293.0988300000763,True
336587,67.54554799999823,0.7469789999277054,145.95081400000254,0.44622100006108667,76.0222829999293,290.71184499991887,True
122745,59.46890600000643,0.7118949999949109,143.73670899999524,0.4596380000521094,77.17973100000108,281.5568790000498,True
219578,69.20505100003993,0.7648970000673216,145.29841899991425,0.42846999997436797,81.92911400010416,297.62595100010003,True
555705,66.0698809999758,0.8974410000064381,147.63115099992774,0.462097000081485,79.52771299994765,294.5882829999391,True
443303,64.41562600002726,0.7463539999434943,145.84834900006172,0.49547199989774526,76.86263800007964,288.36843900000986,True
500663,63.11350600003607,0.700060999974994,144.8809060000258,0.4599289999305256,77.79770600006941,286.9521080000368,True
418281,71.43557100005182,0.7574789999580389,144.7575270000243,0.4338869999855888,81.84015200004069,299.22461600006045,True
25560,69.9496120000731,0.7487709999622894,145.89439099995616,0.46492900003158866,79.89163800004917,296.9493410000723,True
403817,66.05516899992381,0.7598550000693649,144.91719599993758,0.4670959999657498,80.73841100008394,292.93772699998044,True
85329,69.89798500001143,0.7401869999057453,146.36682000002565,0.4621369999995295,78.06462899998223,295.5317579999246,True
329323,69.03741999997237,0.7173950000378682,144.80223400005343,0.4539709999562547,80.13239399997474,295.14341399999466,True
239274,72.62689300000602,0.6731439999612121,144.71464600001127,0.43626199999380333,78.16188100002819,296.6128260000005,True
286994,66.3594689999627,0.6816019999860146,146.58278100000643,0.552557999981218,78.06271000004017,292.23911999997654,True
511321,68.07160000005297,0.7930219999252586,146.18814499999644,1.774883000052796,80.6754909999654,297.50314099999287,True
314294,73.53420999993432,0.8347310000544894,145.63829499991243,0.46722100000806677,76.91938599998593,297.39384299989524,True
233771,71.20297799997388,0.683852000065599,145.94176100001732,0.461262999920109,81.06054300003507,299.350397000012,True
475779,71.54977899995174,0.7302699999627293,145.0694040000826,0.44667899999240035,74.8851209999657,292.6812529999552,True
301867,65.69207400002597,0.851191000037943,145.32186799999636,0.45838799997000024,77.08309700001337,289.40661800004364,True
312421,67.52345699999296,0.87427400001161,145.80075499998202,0.43092900000374357,82.37366100001964,297.00307600000997,True
185250,69.77739500007374,0.8456900000055612,146.98407899993526,0.463429999967957,79.91559300000972,297.98618699999224,True
356427,68.99120700006733,0.7134779999660168,144.92781399997057,0.4313870000487441,76.12265399995977,291.1865400000124,True
572517,71.61711200001264,0.7429370000409108,145.11014999993677,1.6882140000689105,80.68227900002967,299.8406920000889,True
270244,73.70212699993317,0.7506460000286097,145.91858899996168,0.4203450000659359,78.09737499997027,298.88908199995967,True
516316,71.35097900004439,0.8317319999378014,145.0931080000828,0.46405399996274355,76.44970399996964,294.18957699999737,True
125211,74.23435099997278,0.7486460000336592,145.11156499997924,0.44551200005571445,82.3318239999935,302.8718980000349,True
562121,72.11745699999028,0.7643550000011601,146.21113600003355,0.43926299997565366,78.02978799998073,297.56199899998137,True
360661,67.88996499994937,0.8418989999654514,146.48901900000055,0.4480960000137202,77.40443700004107,293.07341599997017,True
16228,68.79374000004645,0.7607299999108363,145.82191700003477,1.6925469999478082,86.09471900001608,303.16365299995596,True
382088,72.14124900008301,0.8464399999184025,145.5178240000805,0.44234500001039123,80.3690599999527,299.316918000045,True
266409,68.85082400003739,0.7908139999699415,145.23360700002286,0.4594289999886314,76.01002299998072,291.34469699999954,True
430961,65.96520200002942,0.75406300004488,144.89347299991095,0.4648039999892717,80.84353200001715,292.9210739999917,True
80671,66.0254540000551,0.7556459999022991,146.0585860000947,0.46447099998658814,78.77680699994016,292.08096399997885,True
577539,65.8856160000596,0.7402709999269064,145.53411300005337,0.4643050000368021,76.07531499991182,288.6996199999885,True
104612,64.09127500000977,0.7146859999238586,144.3069970000579,0.46159599992279254,77.14571900010014,286.72027300001446,True
476258,64.81216999998196,0.7581879999634111,149.38921899999968,0.46338799995737645,79.27423600006023,294.69720099996266,True
448365,72.50754799997594,0.7343959999843719,144.89455099999304,0.451345999977093,80.64735700008896,299.2351980000194,True
35197,69.87597599993478,0.7464790000994981,144.17415599996275,0.467804999971122,77.30359799995767,292.5680139999258,True
349860,68.83882199997515,0.7353539999712666,146.71606000001702,0.45972100008384587,81.77688799992211,298.5268449999694,True
180135,67.46990800002095,0.7208529999616076,143.5524290000103,0.4659300000184885,78.27662299996518,290.48574299997654,True
486438,72.06353500009754,0.7371030000058454,145.74786499997572,0.45188799992956774,78.30937400001403,297.3097650000227,True
400573,71.24784600000567,0.7228950000808254,147.62312499999553,0.446970999973928,76.20506599994314,296.2459029999991,True
109798,69.43429499995091,0.7358960000374282,144.88896299997123,1.6602550000470728,78.17649399999027,294.8959029999969,True
370677,70.00131100005547,0.7233110000015586,144.97929999993175,0.4255530000136787,85.35990200005017,301.4893770000526,True
238866,66.75080299999081,0.7299790000843132,145.2495569999428,0.4413870000234965,81.80384499996762,294.97557100000904,True
369370,71.76694299994324,0.7630620000327326,145.47898000000714,1.6825049999624753,82.25298100001055,301.94447099995614,True
502737,72.40475100002186,0.7648959999642102,144.27940300004138,0.45905499996479193,79.06114200000047,296.9692469999927,True
515579,66.86193099994853,0.762563000080263,146.1333709999053,0.4645130001108555,79.99225199989723,294.2146299999422,True
515445,68.03483799990317,0.7264370000257259,144.28102800002307,0.4600959999834231,77.9656120000709,291.4680110000063,True
173383,72.35999900001389,0.7698959999515864,146.77867800003241,1.7517149999548565,78.73767500007034,300.3979630000231,True
438862,75.01640499992845,0.7317289999946297,146.3174570000092,0.46180399999684596,80.40280400007305,302.9301990000022,True
180560,66.37241700002505,0.7191439999587601,145.53085299996837,0.580391000085001,75.56941999996525,288.77222500000244,True
347693,70.43248599995877,0.7363539999687418,145.7063970000263,1.6719210000246676,79.18547700001,297.7326349999885,True
39956,71.2975929999402,0.7478539999965506,145.65789499999937,0.5243900000095891,79.33302300000378,297.5607549999495,True
321214,67.79691300005197,0.6941860000324596,146.54708599994137,0.5806830000665286,75.43449799993596,291.0533660000283,True
474028,72.94676399999389,0.7495199999993929,144.22260600008485,0.4603459999543702,82.54402700003993,300.92326300007244,True
66523,71.88585800008696,0.751395999941451,146.2660350000533,0.46788800000285846,78.01802699998461,297.3892040000692,True
355257,68.88040000001183,0.7049780000443207,145.30325900000207,0.4433450000078665,75.88155199994162,291.2135340000077,True
142092,73.25656299997263,0.7276029999729872,144.7823690000405,1.8000500000425745,79.65298900001017,300.21957400003885,True
63154,73.3015629999727,0.7356040000559005,144.99758099998417,0.4614709999941624,78.53262300000097,298.0288420000079,True
199551,67.94595599990316,0.7151450000719706,144.34077099997467,0.5348070000081862,74.3718840000156,287.9085629999736,True
239347,72.61379399994894,0.8613979999836374,145.97856700004286,0.4588880000255813,79.6825299999,299.595176999901,True
514508,70.46506799997587,0.7057699999677425,144.3723959999943,0.4652620000342722,76.19026700001541,292.1987629999876,True
473237,67.67182400005822,0.8352309999963836,145.08924799997658,0.4540539999879911,80.27850400003445,294.3288610000536,True
228144,65.05516800007172,0.7556449999128745,145.39034000006268,0.45272099998783233,79.77040699995541,291.4242809999905,True
206027,73.28910299997915,0.7568959999844083,145.3890060000731,0.4675129999895944,81.6901670000334,301.59268500005965,True
78915,70.32101999993756,0.7649380000884776,145.20454099999824,0.4610539999703178,80.57251100001395,297.32406400000855,True
551215,67.7284899999222,0.7576880000215169,146.01743800005806,0.455345999966994,75.33853300003557,290.29749500000435,True
544519,67.87828599999557,0.7571879999659359,145.28779299996586,0.4679710000345949,79.91065900000649,294.30189699996845,True
96493,72.20511299999544,0.7498960000020816,148.52604700001848,0.455636999959097,80.34958700000061,302.2862799999757,True
23899,66.55620699996234,0.8205230000157826,144.54977100001543,0.4528460000301493,76.21876500002145,288.59811200004515,True
340175,70.33535300001859,0.7248539999409331,144.9638240000013,0.46692900002653914,82.71331900004952,299.2042790000369,True
578500,65.14908500003003,0.8408979999785515,145.47237900001164,0.45142900000882946,79.74907000004805,291.6628610000771,True
366141,68.51309400008176,0.7325609999497829,145.26224700000512,1.7861740000171267,81.25127699997847,297.54535300003226,True
57597,73.45514600001479,0.861273999930745,146.11006200004795,0.4571790000227338,84.90812799993819,305.7917889999544,True
559842,71.91318700006377,0.6940609999901426,145.1197009999987,0.4549289999431494,78.8269610000043,297.0088390000001,True
434230,70.0243840000212,0.7555210000873558,145.64233799990234,0.4608039999993707,86.05932500006475,302.942372000075,True
428454,69.18065200000001,0.7536879999179291,145.01340399999663,0.4661380000925419,79.52164499999981,294.9355270000069,True
399462,68.55501099994399,0.7507290000603462,145.67696399990382,0.45538800009126135,78.89937799996005,294.33746999995947,True
261061,68.90406200000143,0.7560620000504059,146.00747199995112,0.46467900006064156,81.4007369999672,297.5330120000308,True
168330,64.46335499992983,0.8268980000138981,145.36432800002785,0.43726199999127857,77.8060559999858,288.89789899994867,True
383384,71.9039339999199,0.7550630000423553,144.64826699997957,0.4662210000105915,82.08033999994768,299.8538249999001,True
342006,67.53481400005512,0.7374369999979535,144.8492309999665,0.4605550000178482,81.7810799999279,295.3631169999653,True
217285,74.66726000006929,0.7364780000216342,145.50241399990682,0.4715970000006564,87.13751800007685,308.51526700007526,True
236412,67.5941069999908,0.7099780000316969,148.01627500003178,0.4632619999256349,74.36333500004366,291.1469570000236,True
524456,65.01245200001904,0.718812000059188,146.3187279999829,0.4666379999207493,76.75573300002725,289.27236300000914,True
153343,62.98218799997812,0.7317700000157856,144.43979899999704,0.4605130000072677,75.45465499993043,284.06892499992864,True
95786,63.2014860000254,0.7596870000270428,145.42028500000015,0.46605399995769403,81.14210300004743,290.9896150000577,True
326541,69.36898799995106,0.9441930000093635,145.19677800001318,0.4528050000089934,79.29363499999909,295.2563989999817,True
213086,65.83314099998461,0.714728000048126,145.08769099995789,0.46584599999732745,76.20700799998303,288.308413999971,True
231339,64.25538799999231,0.8437320000211912,145.6107049999673,0.459720999970159,76.7517310000585,287.92127700000947,True
508730,67.65577399994527,0.7861050000883552,147.03011799997512,0.4727219999267618,75.50382200008698,291.4485410000225,True
550426,70.12429899998551,0.7564800000636751,145.0856899999735,0.5328890000555475,81.73511799998323,298.2344760000615,True
368294,71.8302620000486,0.7311869999284681,144.78393000001688,0.5238060000465339,79.07591899993349,296.945103999974,True
171190,67.2744700000294,0.7160619999240225,145.85391700006767,0.4603879999649507,84.2580610000141,298.56289800000013,True
301135,75.27485700006764,0.7171859999743901,144.63850899994668,0.4635129999996934,86.7864220000456,307.880487000034,True
580294,66.70183000005636,0.7091029999628518,146.9542370000454,0.4456369999843446,81.0300969999389,295.84090399998786,True
494869,75.26873099993736,0.8007300000372197,146.5411839999433,0.44234599999981583,82.5619720000077,305.6149629999254,True
33638,68.7928859999829,0.6673510000609895,145.38127799994527,0.4638880000129575,78.1356009999854,293.4410039999875,True
329219,66.46278000005168,0.7343539999737914,145.60882500006755,0.4655959999126935,82.20991900009267,295.4814740000984,True
34873,67.73648099999718,0.7103110000343804,146.20933999992758,0.4578460000175255,79.97044199998982,295.0844199999665,True
186980,73.92440000000988,0.7549790000211942,145.2893990000348,1.8007989999659912,81.98332999995728,303.75290699998914,True
127182,73.01054300000942,0.7227700000385084,146.09421199997996,0.4641790000050605,79.46284399997694,299.7545480000099,True
356387,70.3413429999955,0.7661050000251635,146.1055849999866,0.4589710000573177,83.73212699996202,301.4041310000266,True
367680,67.70297899993238,0.839023000025918,144.41895599998134,0.46655400001327507,82.37304800002221,295.8005599999751,True
263796,71.9347619999553,0.737394999987373,145.14664199998606,0.4591800000071089,75.01826300006087,293.2962419999967,True
117425,68.03132200002437,0.7647699999324686,146.3236729999835,1.6814630000681063,83.41424200000347,300.2154700000119,True
365387,71.61741899994922,0.7656039999801578,145.67540500001996,0.4632210000181658,80.5450389999578,299.0666879999253,True
487583,66.31069000002299,0.7200610000381857,143.946982999978,0.4715549999900759,76.59467999997105,288.0439690000003,True
504711,64.90110999993703,0.7496870000522904,144.75850399992396,0.4424290000315523,75.82061699997666,286.6723469999215,True
363840,67.21663099995112,0.7291030000260434,145.00955200003318,1.8107579999195877,82.96456200002922,297.73060599995915,True
214720,71.34536900002786,0.7743959999970684,145.57098399995994,0.4635129999996934,80.35399000004873,298.5082520000333,True
379453,67.66856000001553,0.7425620000276467,144.95338300002913,0.4374289999304892,78.97566100007225,292.77759500007505,True
311295,73.33283900004517,0.714477999963492,145.88174000004983,0.4646379999257988,80.31944700007898,300.71314200006327,True
29393,66.60365499999443,0.6732680000141045,144.86696300002677,0.46334599994679593,74.89325699998517,287.5004889999673,True
278848,69.27010300000802,0.7616460000008374,145.0600509999731,1.6952129999481258,80.61024700009511,297.3972600000252,True
166391,70.95035700001517,0.745895000022756,146.87301599997227,0.5290980000154377,87.81556700000692,306.91393300003256,True
48153,68.13752900006875,0.8439819999921383,146.45000400003028,0.4636789999494795,74.72758500000509,290.62277900004574,True
459153,75.9910360000049,0.761937999982365,145.33601499999804,1.6839209999943705,79.73368000000391,303.5065899999836,True
295713,72.79944899994462,0.8796900000334062,146.9406840000147,0.4686789999368557,82.98935200002688,304.07785399995646,True
223130,70.93060499994408,0.7076030000234823,145.65631400000711,0.4633870000816387,73.63651299999674,291.39442200005305,True
273132,67.41155099996377,0.7003939999776776,146.0650330000135,0.45613700001467805,74.8602959999971,289.4934109999667,True
198960,68.97888499997862,0.7406030000538522,146.07549200002268,0.4614709999941624,81.01242199995795,297.26887300000726,True
344059,72.97832599999765,0.8641489999945406,144.76874600006795,0.45326199995088245,79.66534299998784,298.72982599999887,True
410428,69.89524200002961,0.8484400000270398,146.89205399997718,0.528556000062963,77.65791299993907,295.82220500003586,True
87875,67.77835199989113,0.7078110000975357,146.19236799990176,0.43580300007306505,74.24411199997394,289.35844599993743,True
450758,65.01144300000306,0.6988940000383081,144.67070000000604,0.459720999970159,75.71331700000883,286.5540750000264,True
458790,61.573973000008664,0.7526869999310293,144.4963620000408,0.4633039999362154,77.50470000007681,284.7910259999935,True
460160,72.02684200001386,0.7264360000363013,145.47863899997537,0.4585120000228926,76.7172619999883,295.4076910000367,True
458109,73.27700100006496,0.7565619999923001,144.96662499993818,1.7644230000541938,78.50889299993469,299.2735039999843,True
30675,73.35170999999718,0.7648119999430492,145.20750500003032,0.4649710000421692,79.52375299998948,299.3127510000022,True
566524,70.9503110000469,0.730561999944257,145.12770999999702,0.45747100000426144,76.69530100008615,293.9613550000786,True
338428,70.28271000001496,0.7412290000274879,145.0577919999887,0.46071999997820967,79.67075800002021,296.21320900002956,True
545826,69.06192700000702,0.8713980000720767,145.03762300000744,0.4630129999441124,80.95691699998042,296.39087800001107,True
166277,67.9614790000187,0.7843129999400844,146.47511999999097,0.45997100005479297,76.19470399993133,291.8755869999359,True
269314,68.87975400002233,0.7553949999419274,146.34974200009765,1.751547999901959,80.82008000008045,298.5565190000443,True
476415,70.37225299995953,0.7481039999674977,145.30233800007863,0.524056000017481,80.55257099999835,297.4993220000215,True
292082,72.28476300008424,0.7233939999196082,145.59838700006367,0.528346999999485,75.86511099998461,295.0000020000516,True
360137,71.50449100004153,0.7043529999464226,145.2122920001102,0.46205499995721766,76.66125699995519,294.54444800001056,True
122046,73.68917600001623,0.7544789999656132,144.66694400005053,1.7543399999340181,82.0741119999866,302.939050999953,True
352684,67.51804900000025,0.7880210000621446,146.0031879998951,0.4609290000416877,80.33464799996182,295.104834999961,True
512836,69.62468999995508,0.712977000034698,144.9983269999393,0.4647630000818026,76.27061999994567,292.07137699995656,True
8021,65.15665100005208,0.7446029999300663,144.76773700005197,0.45663799994599685,77.27523100004419,288.4008600000243,True
107226,66.53647999996792,0.7622709999850485,145.464463000053,1.675753999961671,84.7163079999973,299.15527599996494,True
84477,72.54381000007015,0.7337280000001556,144.19992799992087,0.4614709999941624,80.54181900001822,298.48075600000357,True
562243,70.90393100008896,0.7989799998995295,146.62462000001142,0.46759600002133084,76.3420790000282,295.13720600004945,True
181859,69.7895679999192,0.7507290000603462,148.10040899999422,0.45505399998546636,80.59657000001152,299.69232999997075,True
177015,72.86373400006596,0.7473539999409695,144.620021000037,0.4479289999608227,80.83482600000025,299.513864000005,True
292236,69.41363999999339,0.7413119999455375,146.32469200000742,0.46630500003175257,79.08894499996677,296.03489399994487,True
121506,73.3989149999843,0.7503540000470821,145.9505990000025,0.4470540000056644,80.87386800002605,301.4207900000656,True
288042,74.44752599997173,0.7359370000585841,146.01043199991182,0.4689300000109142,79.76812900005825,301.4309540000113,True
453860,65.87175100003151,0.7018109999989974,147.86706600000343,0.5537240000421662,76.07623699993837,291.0705890000145,True
500257,71.71861799997714,0.7176450000088153,144.96744600000966,0.46838699995532806,84.80289200008428,302.6749880000352,True
113403,67.05870099995082,0.7254780000494065,145.0187369999867,0.4411370000525494,79.37324299996362,292.6172960000031,True
125062,71.7389930000536,0.7391450000113764,147.337008999898,0.4490530000111903,81.00382899999659,301.26802899997074,True
375015,70.19453499992778,0.7168940001065494,144.37792799992621,0.5727650000153517,79.60066600003302,295.4627880000089,True
334719,67.1268680000594,0.78872999995383,144.83914900006312,0.44380299993918015,78.08608200002709,291.2846320000426,True
134112,67.05965699995886,0.888606999978947,144.6635590000369,0.46609599996827455,80.90794999998252,293.9858689999255,True
283520,75.40192600004048,0.7096020000290082,145.92505199993866,0.4548450000356752,80.79528100006428,303.2867060001081,True
31269,73.49070700001903,0.726561999954356,144.63368299993817,0.45322000005398877,80.99003600000287,300.2942079999684,True
319721,70.89517800000067,0.7029769999462587,144.76001800005633,0.4614709999941624,75.28562999993937,292.1052739999368,True
165351,66.196757000057,0.7396869999638511,145.94821700006833,0.4639709999310071,75.92839699998422,289.2770290000044,True
347265,71.03484799995385,0.7572700000082477,145.77046299996255,0.5148470000904126,80.78740399992057,298.86483199993563,True
414170,72.15200300004199,0.7547699999577162,146.57119200001034,0.44155399996270717,79.14535899999464,299.0648779999674,True
231508,70.91763599999013,0.7210190000250805,145.5695800000285,0.46476299996811576,82.18002499995691,299.85302299996874,True
389381,76.21215400001802,0.7630620000327326,145.4269519999798,0.45438699999067467,81.87630800000534,304.73286300002655,True
118921,73.16340500005936,0.7400619999771152,146.17655500001092,0.4666369999313247,79.72783300010633,300.27449200008505,True
21503,67.61425299998791,0.7241860000704037,144.56613499999094,0.4552199999352524,77.35156000001098,290.7113539999955,True
785,71.00917900004333,0.8860660000209464,144.23441700000694,1.650044999905731,80.38355800010777,298.1632650000847,True
300842,70.61658400004944,0.7593130000032033,144.37421200000244,0.46380499998122104,78.80043199997999,295.0143460000163,True
105014,72.32492299999649,0.7316859999946246,145.6556210000599,0.4679710000345949,77.21505499989689,296.3952559999825,True
261982,71.85194999999567,0.8477729999185613,147.82426400006443,1.7103789999737273,80.951572999993,303.1859389999454,True
34205,71.09876300000906,0.7075199999917459,144.60321700005352,0.4645960000289051,78.79026399996292,295.66436000004614,True
99242,66.65701800000079,0.6881859999339213,145.1178140000593,0.45663699995657225,74.77173800009496,287.69139300004554,True
314709,70.67787599999065,0.7352700000637924,145.65199399999074,1.6831709999678424,80.63952199995583,299.38783299996885,True
460494,72.99043900002289,0.7250620000149866,144.91626599999563,0.46088700003110716,80.80606800001533,299.89872200007994,True
339442,69.17179399999895,0.6987269999854107,145.98700299995926,0.46555500000522443,75.93889300005685,292.2619720000057,True
541055,69.49046900001576,0.7257689999278227,145.6707440000855,0.4608869999174203,83.17004800005634,299.51791700000285,True
409475,69.95010599996476,0.8789400000068781,145.1746049999656,0.46338699996795185,77.54510400002346,294.01214199992864,True
464786,65.5119850000574,0.7213949999140823,144.43258400001469,0.43647000006785674,75.18941499995435,286.29184900000837,True
378605,66.481385999964,0.7261870000547788,143.669229000011,1.687878999973691,79.76474600002348,292.32942700002695,True
331817,73.77212599999439,0.6992690000515722,144.5735859999786,0.4600539999728426,81.76192600001286,301.26696100001027,True
218091,67.4029110000447,0.6925599999476617,144.25836999998864,0.4656380000369609,76.09527199997501,288.914750999993,True
578545,66.84839599995485,0.6939769999689815,144.17715900003714,0.45705399998041685,76.28794300001118,288.46452899995256,True
363207,70.28536300003907,0.7436039999220156,146.02287400009573,1.6726699999480843,83.24371499998051,301.9682259999854,True
372577,75.88214000008975,0.7073529999388484,145.15468399997644,0.4629710000472187,79.74562000003971,301.95276800009196,True
212166,69.87539400006426,0.7023939999726281,145.2133950000416,0.46792899991032755,74.97253200006071,291.2316440000495,True
172571,72.35216899994157,0.7592700000031982,148.99341199998162,0.4629710000472187,82.55894499995975,305.12676699993335,True
294831,70.74049999994259,0.7367700000031618,145.4372319999493,0.46397100004469394,80.1238789999843,297.50235199992403,True
84431,67.22398800002338,0.7334790000186331,145.0017619999926,0.45722000004388974,75.60888199998317,289.02533100006167,True
323355,71.52668800006268,0.8482729999741423,144.88363300006313,1.6906699999026387,79.3879420000394,298.337206000042,True
355325,75.87905499997305,0.7463949999646502,145.24935000008554,0.46138799996242597,82.20239299998866,304.53858099997433,True
100582,70.1936929999647,0.7286860000021989,144.1341540000849,0.4578459999038387,76.44277800000054,291.95715699995617,True
555412,71.41318400010732,0.9008579999090216,145.56373400000666,0.46438700007911393,79.46752699990611,297.80969000000823,True
4495,70.05027200000313,0.7442279999168022,146.12433100001,0.4617630000893769,80.5422629999839,297.9228570000032,True
9483,67.644165000047,0.7236019999936616,144.27132299999812,0.4569290000517867,77.09125399992445,290.187273000015,True
326082,68.36097600000812,0.7435200000145414,146.51842499995382,0.5226800000173171,81.99705399999857,298.1426549999924,True
398237,75.57075399995483,0.7498530000020764,145.09851000002527,0.4423039999892353,80.43455099993935,302.29597199991076,True
507223,73.84158100001059,0.7998969999789551,145.34947499998907,0.46097099993858137,80.353882000054,300.8058059999712,True
31050,74.30542700001297,0.7593120000137787,144.9425060000067,0.5735150000418798,78.88980199993512,299.47056200001043,True
239537,71.99269800003094,0.8845659999678901,145.4299770000489,0.4671369999869057,79.82245099992724,298.5968289999619,True
340930,66.09820400001354,0.7312289999390487,145.0570480000124,0.4680960000769119,78.47374799996487,290.82832500000677,True
11813,65.79298799999833,0.8891909999420022,145.47047600001406,0.46355500001027394,80.19887699992978,292.81508699989445,True
281414,70.47778200001176,0.731352999991941,145.96244799997748,0.447471000029509,76.49131899995609,294.1103729999668,True
537991,69.18537000001379,0.8348559999831195,145.66893900007472,1.688253999986955,81.38211799996498,298.75953700002356,True
284282,68.50756100004673,0.7318529999338352,147.7522449999924,0.46413699999448,79.25418499996795,296.7099809999354,True
321333,71.69073000000026,0.7545209999761937,145.03083800002514,0.4368030000705403,80.44067599996652,298.35356800003865,True
521282,72.31895500001428,0.7337280000001556,144.64415999998437,0.46151300000474293,78.37490999997954,296.5332659999831,True
108026,66.38004399997044,0.6908110000267698,145.009253000012,0.45747000001483684,76.72294899998633,289.26052700001037,True
243204,65.3086820000226,0.6916020000744538,144.53736499990555,0.4686380000293866,76.07926499997575,287.08555200000774,True
177935,65.98861700001635,0.7336449999684191,144.68132700005754,0.4607619999887902,79.13355499999852,290.9979060000296,True
38829,69.09874199993737,0.7518120000895578,144.72340999998323,0.4668039999842222,82.25351399994452,297.2942819999389,True
397327,70.67399300001398,0.766354000006686,144.78341200003797,0.4344289999380635,80.15379000005396,296.81197800005066,True
501523,67.60145100008685,0.7162690000086513,147.51119499999277,0.4438859999709166,75.63591899997846,291.90872000003765,True
555050,60.674054999935834,0.7140610000533343,144.61603099994136,0.4676800000424919,77.77497500001118,284.2468019999842,True
376442,61.688083000035476,0.712060999944697,145.36780100002034,0.46330400004990224,76.19168299993362,284.42293199998403,True
187243,68.6249369999814,0.7633120000036797,145.35738400002174,1.6847130000314792,79.52877299999273,295.959119000031,True
356347,68.50201699990066,0.750479000089399,145.52442999990944,0.46238700008416345,78.54428699999971,293.7835999999834,True
293044,64.0576460000375,0.7581039999422501,145.3262979999863,0.46468000005006616,78.71466699998564,289.32139500000176,True
560279,70.88820600006329,0.741769999990538,145.49601199996687,0.5175549999876239,75.46028800004478,293.1038310000531,True
42276,69.39704100000199,0.74781199998597,144.65007199999036,0.46413699999448,81.16006599993852,296.4191279999113,True
534827,70.24577099991802,0.8272300000271571,145.93002200001592,0.44505400001071393,77.19295799995507,294.6410349999269,True
190756,69.37012299999878,0.7567699999526667,144.22026700003698,1.7799240000613281,80.19487199999276,296.3219560000425,True
482917,70.08634999999686,0.8441899999525049,145.58284500003538,0.4661379999788551,78.64208099999814,295.62160399996174,True
300659,70.89295499997661,0.7347279999976308,144.77957300005073,0.45684599990636343,79.13171800009877,295.9958200000301,True
199977,67.36735899994528,0.7621869999638875,146.18311100002757,0.4586790000757901,79.00138099989817,293.7727169999107,True
442480,68.70535400003064,0.7271029999174061,145.09483100005127,0.45934599995689496,77.41921399997409,292.4058479999303,True
384350,71.82560399996873,0.7513960000551378,147.11092699997153,0.468221000005542,79.65139800000998,299.8075460000109,True
383621,70.00642999992124,0.9001079999961803,146.15827500006162,0.4456780000055005,79.9998659999801,297.51035699996464,True
189828,68.67055999998684,0.7281030000285682,145.54467499999646,0.4524710000168852,77.53504899994823,292.930857999977,True
412894,63.30220699999245,0.6928100000322956,145.3190029999405,0.4605120000178431,82.16296600005535,291.93749800003843,True
537153,66.92809600008331,0.757853999971303,147.83415199997307,0.4647630000818026,78.46086499989724,294.44573000000673,True
361103,71.27321300004041,0.7705629999463781,144.54948000002332,0.4470119999950839,85.48222100000658,302.5224890000118,True
392722,71.49022000010063,0.7506029999149177,146.15269000000808,0.4427620000342358,82.26567600002,301.10195100007786,True
338560,70.12947399994118,0.7774790000212306,145.18333000000894,0.4602630000363206,75.86337699990509,292.41392299991276,True
264535,68.51197100002082,0.8028549999608003,145.24078900001314,0.4672630000186473,75.50082700004168,290.5237050000551,True
295231,63.516252999988865,0.7314790000236826,146.24485699994239,0.457387999972525,75.96950600009222,286.9194830000197,True
154947,66.2095349999845,0.7211439999537106,145.09145200008788,0.4698459999872284,73.83832300001814,286.33030000003146,True
212559,70.29639299992141,0.6996030000436804,145.7512179999867,0.4600959999834231,75.63032899997779,292.837638999913,True
458755,66.35116200004632,0.7563539999182467,146.1949800000184,0.5727660000047763,74.77134800001295,288.6466100000007,True
104782,63.16349300004731,0.751811999975871,145.6644239999605,0.4630959999758488,75.9012950001079,285.9441200000674,True
315257,74.75063899994439,0.7608960000879961,144.94977799995468,1.7764230000238967,78.99021100001846,301.2279470000294,True
130599,73.7086100000397,0.7466040000281282,147.66701799999282,0.46247099999163765,79.43013900001006,302.01484200006234,True
227187,71.95922999994764,0.7236019999936616,146.00543300002755,0.4553449999775694,76.21021900001779,295.3538289999642,True
151662,71.26546100005271,0.7703960000071675,146.00622299997212,0.46084600000995124,79.03237799996532,297.5353040000073,True
461275,70.59760899994671,0.7661450000568948,145.3887059999488,0.46517900000253576,78.542490000018,295.76012899997295,True
523811,67.77190699995117,0.7233119999909832,142.76275999998234,0.5439730000489362,72.1273999999994,283.9293519999728,True
456559,67.05830499993226,0.8290639999586347,147.23471400009203,1.806256999998368,80.28220299991062,297.2105429998919,True
101068,73.5727719999204,0.8413980000341326,146.28414499998144,0.4607210000813211,80.61650299998746,301.77553900000476,True
140640,67.72907300000952,0.7221029999300299,145.23945000007643,0.4565539999248358,78.27594000002591,292.42311999996673,True
516708,69.2436550000366,0.8088550000593386,145.39941299995007,0.45792900004926196,79.8735249999254,295.78337700002066,True
544605,68.9049380000597,0.7695209999383223,145.5184570000938,0.4665119998890077,79.68522700002723,295.34465500000806,True
385190,63.94601199997396,0.7032690000414732,145.8134639999571,0.46372100007374684,76.89335999998548,287.81982600003175,True
338986,71.0704949999581,0.760396000032415,144.88160600001265,1.7739229999733652,78.42723499993554,296.91365499991207,True
53994,75.30011000005743,0.7507279999572347,145.76071300007243,0.4619289999254761,80.95609400004378,303.22957400005635,True
61171,69.23486199991657,0.7215200000700861,145.31078300001354,0.46447099998658814,77.14628299993365,292.87791899992044,True
314034,66.95242600005713,0.7796039999448112,145.18527999996422,0.458720000096946,80.14790599997923,293.52393600004234,True
291490,68.72497400001976,0.7567699999526667,144.81568600001538,0.4648039999892717,80.91946800004735,295.6817020000244,True
152740,73.18009300001904,0.7463119999329137,144.6002210000188,0.44913700003235135,82.73559899998872,301.7113619999918,True
24919,68.2357509999747,0.8648980000316442,145.09506799993233,0.4481370000348761,75.41936100005842,290.06321500003196,True
79837,68.10674700000163,0.7307280000077299,146.292682999956,0.4589709999436309,81.40018800008875,296.98931699999775,True
21903,75.19081299994923,0.840855999967971,144.94989600007102,0.4635129999996934,80.54899799992654,301.99407599991446,True
564133,68.9250190000621,0.7774370000106501,146.4558530000204,0.4592619999357339,74.95022299997345,291.5677940000023,True
337055,71.39175199995407,0.7717290000073262,146.35672500003238,1.6745039999932487,79.47321899996496,299.667928999952,True
110638,74.72625799994148,0.7463540000571811,144.6799299999384,0.46176199998626544,80.86104799997429,301.4753519998976,True
34139,68.20762400002423,0.7346859999870503,146.8054030000303,0.4666369999313247,75.95629100001133,292.17064099998424,True
80340,70.9227390000251,0.7559370000080889,145.16519199992217,0.4452609999816559,83.70308300004581,300.9922119999828,True
83113,75.15255999999226,0.9079830000473521,146.67356600000403,0.4440530000238141,78.60098699995888,301.77914900002634,True
173033,73.43976499998917,0.8912739999686892,144.97843499998453,0.4605540000284236,80.33461599995917,300.10464399993,True
255664,70.2943870001036,0.7624379999242592,144.76251200005663,0.46384600000237697,77.75012999991304,294.0333129999999,True
72813,68.44396399992547,0.7290610000154629,144.62755099998503,0.4585120000228926,74.68088100006298,288.93996900001184,True
545129,70.68981500003702,0.7534369999575574,144.69696900005147,0.46626300002117205,80.40628299988839,297.0127669999556,True
546011,65.85347600002933,0.7555199999842444,144.44629500007977,0.4542619999483577,80.94175700000505,292.45131000004676,True
121031,70.0793400000066,0.739352999971743,145.3638199999432,0.4541790000303081,77.74742000003698,294.3841119999888,True
172547,70.20034300001043,0.7676039999751083,145.9472100000312,0.4630959999758488,80.73895999996239,298.117212999955,True
369081,72.53352999998697,0.8493139999927735,145.52907300003426,0.4573449999725199,80.00843900003929,299.3777010000258,True
509131,66.45044999993388,0.7121849999975893,144.89447300002212,0.45159500007230235,77.72191899994141,290.2306219999673,True
578922,76.51192900004844,0.7319779999761522,146.57855899997685,0.4654709999840634,80.58591300004991,304.8738500000354,True
464089,74.97738799997933,0.7383530000879546,143.69231399996352,0.45909499999652326,82.79643000003034,302.66358000005766,True
453708,67.68802500005222,0.7111439999789582,147.47274799992738,0.4726800000298681,78.22313999997732,294.56773699996575,True
177714,70.19509200006269,0.7571039999447748,144.66688100003466,0.46042899998610665,82.00311699999929,298.0826230000275,True
459887,70.4578910000464,0.7659369999828414,145.55582200000572,0.46247000000221306,79.94714500000555,297.1892650000427,True
155179,68.30091599999832,0.781437000000551,144.50800099996286,0.4417620000367606,75.97974600002999,290.0118620000285,True
261116,69.73257799995736,0.8493980000139345,145.35743999999795,0.46380399999179645,82.43600299999798,298.839222999959,True
396274,75.87411800000154,0.726852999946459,144.47837500006244,0.4628039999943212,76.31442199999583,297.8565720000006,True
29640,72.81099400006497,0.7036439999410504,147.40353600006983,0.47088699989217275,86.9990000001053,308.3880610000733,True
141328,67.40551600000799,0.6588089999013391,146.01704100005009,0.46192900003916293,78.98982599999727,293.53312099999584,True
308430,67.20746899998176,0.7123939999473805,145.18805900002008,0.46676299996306625,79.20841500003917,292.78309999995145,True
43314,65.39121200000864,0.7760619999999108,146.79280999996536,0.4614289999835819,79.56321599999683,292.9847289999543,True
273715,67.97078100009912,0.7763119999708579,144.4948729999851,0.4643879999548517,80.57524299999841,294.28159700000833,True
456303,65.60388399998374,0.7100599999603219,145.8804940000391,0.4587199999832592,74.30686700001843,286.96002499998485,True
406611,64.59460600001421,0.7055610000179513,145.40652200003024,0.4556379999485216,81.77623300002779,292.9385600000387,True
475064,65.96851799997694,0.7547280000608225,143.85877199993047,0.46580399998674693,78.48214400007691,289.5299660000319,True
466567,74.9628420001045,0.7789789999606,144.8645899999974,0.45567899996967753,79.55954900000961,300.6216390000418,True
137246,67.72518900004343,0.7396869999638511,148.20130400005382,0.46447099998658814,79.09870299999966,296.22935400004735,True
15079,70.34426000006988,0.7423119999430128,144.72295999996732,0.45430400007262506,78.96328100002847,295.2271170000813,True
296284,66.08289600001171,0.7545199999867691,146.1162890000196,0.5705989999569283,79.09449300007054,292.61879700004556,True
226147,69.68299200002548,0.7367279999925813,144.4740780000302,0.46205399996779306,77.65462200006823,293.0104740000843,True
226903,71.48254000003362,0.7543529999338716,146.44558899999538,1.667795000003025,81.94027800004733,302.2905550000132,True
127517,73.04291499997362,0.7373110000798988,145.66406799997367,0.4653039999311659,81.15096500000618,301.06056299996453,True
162092,73.06191500003933,0.7427279999774328,142.9329110000026,0.5308480000394411,78.42347500002234,295.69187700008115,True
131379,66.89695800002937,0.7800629999792363,143.5927200000151,0.5481399999780479,74.57566400000815,286.3935450000099,True
366611,71.86279799998374,0.7669789999908971,145.6450660000428,1.673252999921715,79.61054800000511,299.55864399994425,True
263969,76.21495699993375,0.865814999997383,144.32207200002267,0.4611790000126348,80.48527999994803,302.34930299991447,True
551439,67.47193100000004,0.7154360000640736,144.17781800000284,0.4550959999960469,77.25390099994911,290.0741820000121,True
474167,70.83589700005177,0.8290639999586347,145.39318200002072,0.46534600005543325,81.11029599990616,298.6337849999927,True
159458,75.07821800004422,0.8565229999248913,145.66523200005577,0.45417799992719665,80.79541300003257,302.84956399998464,True
554735,73.21512599992275,0.7495620000099734,146.19795400005842,0.536180999915814,79.15578500001175,299.8546079999187,True
99428,75.00017400002434,0.7638539999561544,145.2359280000337,0.4661369999894305,78.5467680000238,300.01286100002744,True
386352,66.65865899992696,0.7515199999943434,145.57418600008987,0.4425119999496019,81.9717760000458,295.39865300000656,True
173004,69.90286999996442,0.7121439999764334,147.3196499999858,0.44255300008444465,80.58748999997078,298.9647069999819,True
311394,68.59116900000117,0.7337280000001556,145.20167600005607,0.5521819999785293,79.2333699999972,294.3121250000331,True
578489,71.45832800006247,0.8198549999178795,145.28905200006648,0.4619289999254761,83.29689499998949,301.3260589999618,True
189310,68.2449920000181,0.6941430000324544,145.7285649998994,0.46034500007863244,77.65191099997537,292.77995600000395,True
491366,68.37970399999449,0.7575200000928817,145.02125399997112,0.4644289999760076,82.78246400004718,297.4053710000817,True
448076,71.00339900000563,0.7621030000564133,146.12899099995502,0.4586370000652096,82.6677939999172,301.02092399999947,True
293804,63.99266999994779,0.7130190000452785,144.10893599995234,0.4668050000873336,76.29299799998535,285.5744280000181,True
312237,64.46472400000403,0.9095240000078775,144.618950999984,1.6931280000562765,82.307908999951,293.9942360000032,True
221291,68.65746099992975,0.7621030000564133,146.4317069999197,0.46263800004453515,79.64017000006152,295.9540790000119,True
141821,70.01962200001799,0.6987689999959912,145.33501000005344,0.46242899998105713,76.14374299998872,292.6595730000372,True
410650,71.21911199999431,0.7586869999158807,145.91756700008318,1.6921279999451144,89.56776900004115,309.15526299997964,True
199310,73.53817399996387,0.7583120000163035,146.24524200007727,0.46297099993353186,78.69827000001806,299.70296900000903,True
323151,68.41324399999849,0.7258530000626706,145.15058699998917,0.46405399996274355,76.83092900003885,291.5846670000519,True
89648,71.97363099999166,0.7576870000320923,144.79349399994135,0.445554000066295,84.91010199998072,302.8804680000121,True
219283,67.10029300006681,0.7376029999477396,144.5619880000777,0.4680539999526445,75.00508800001171,287.8730260000566,True
471869,64.8556500000268,0.7919380000203091,145.5985979999923,0.4548039999008324,75.68993900008536,287.3909290000256,True
520264,66.54573599996638,0.7483950000732875,144.68865699996059,0.45530399995641346,78.3460100000184,290.78410199997506,True
111179,70.87072599995281,0.7591449999608813,144.72228300007828,0.4636789999494795,80.45410800002628,297.26994099996773,True
151000,70.97910499999216,0.851814000043305,145.6125569999358,0.45634499997504463,81.5767210000331,299.4765419999794,True
100624,65.76575600001888,0.7411860000274828,146.5186639999274,0.4666370000450115,77.70478399993408,291.19702699995287,True
332570,66.06893100001798,0.8443969999234469,145.0554990000228,1.6615450000472265,80.25722599995788,293.88759799996933,True
57238,69.73411299998133,0.7603530000324099,146.0516509999934,0.4666370000450115,80.59373599996889,297.60649000002104,True
502732,67.58626299995285,0.6875190000528164,144.5868179999934,0.44559599996318866,76.10561500007407,289.4118110000363,True
135561,68.69833399991876,0.7466870000598647,145.9843139999748,1.7499640000551153,80.22184999992987,297.4011489999384,True
8277,74.76212099993518,0.7417700001042249,145.88043699995978,0.5169720000139932,78.38846799995736,300.28976799997054,True
173044,73.1730370000605,0.7458949999090692,146.38474100001986,0.4636370000525858,81.93947899997056,302.7067890000126,True
168458,67.76809999996658,0.7225189999644499,146.0888999999952,0.4621369999995295,75.02621100002216,290.0678669999479,True
512194,71.76699900003314,0.7389779999584789,145.89285199997448,1.7727140000260988,80.70290400007707,300.87444700006927,True
370042,70.76093000000583,0.7177280000405517,145.33821299994543,0.46155400002589886,83.42968499994186,300.70810999995956,True
189436,68.73041699998339,0.7327700000132609,144.86944899999799,0.45580399989830767,76.13711500005138,290.9255549999443,True
533958,69.42901900004017,0.7235609999725057,145.1231229999621,0.4600120000759489,76.46762399997442,292.20333900002515,True
117645,68.13885999997638,0.7478950000177065,145.3674620000811,0.461678999954529,81.738722999944,296.4546189999737,True
221708,71.89804400002231,0.7127270000637509,144.73511099993175,0.45813700000962854,76.48162400005276,294.2856430000802,True
202228,66.90445200001705,0.7576030000109313,145.5111320000242,1.6521689999535738,81.33275300008336,296.1581090000891,True
403565,75.12717100007649,0.9043569999676038,145.42925499995363,0.4623450000735829,79.60687399997823,301.53000200004954,True
211042,68.56741199999306,0.7219780000013998,145.6403010000713,0.45567899996967753,76.79409000002124,292.1794600000567,True
492878,70.96810100006223,0.7113519999393247,147.11634000002505,0.4592210000282648,79.36461600002076,298.61963000007563,True
441586,70.27883299997484,0.753769999960241,144.70369200000732,1.8053820000432097,83.84315199998582,301.38482899997143,True
547816,73.39349799997308,0.7581040000559369,145.68217699991237,0.4645540000183246,80.86365600001955,301.16198899997926,True
306733,67.13470600004712,0.7137689999581198,144.80498600005376,0.5230969999274748,77.66094600003726,290.8375040000237,True
530099,65.97934299998087,0.7329779999736274,144.92153000003327,0.4648459999998522,80.4740620000075,292.57275899999513,True
312278,72.74798200000987,0.7256860000097731,146.7089530000294,0.5804319999924701,80.04800899993825,300.81106199997976,True
97679,67.49917399997685,0.6894350000266058,144.98194899999817,0.43405299993537483,77.19226599999729,290.7968769999343,True
564127,70.41879400003381,0.7306019999759883,145.95768200001658,0.4611790000126348,80.55181399993216,298.1200709999712,True
251065,74.12639300002866,0.7063519999519485,147.51472299997204,0.4650130000527497,79.98229800000445,302.79477900000984,True
3845,66.59031599997434,0.6866850000051272,145.13932699992438,0.45930400006000127,78.57351099994503,291.4491429999089,True
138819,67.5996339999756,0.760021000019151,146.14776899998105,1.6810450000548371,81.05324300004213,297.24171200007277,True
205834,71.80257999993955,0.8106880000013916,145.2106610000783,0.46697099992343283,81.38116800000716,299.67206799994983,True
348708,71.46548800005803,0.8417310000368161,145.62583899999026,0.4490530000111903,80.70190099999763,299.08401200009394,True
166521,70.5494630000203,0.7192279999799212,146.22656199992434,0.46422000002621644,81.52633899999273,299.4858119999435,True
485802,66.51960499993947,0.7177700000511322,145.70425599993087,0.44009500004449364,75.45492700000977,288.83665299997574,True
99054,70.73100900004192,0.8816069999966203,146.7302830000108,1.8693419999635807,82.36602700003459,302.5782680000475,True
22969,66.30951600004664,0.6784769999512719,146.18793500005722,0.46513799998137983,75.69247399999313,289.33354000002964,True
570539,69.5238519999748,0.7396029999426901,145.82609199999297,1.6773780000676197,81.64075799993498,299.40768299991305,True
278353,81.42241899997771,0.7134769999765922,146.01413900004445,0.4589699999542063,80.30418099997405,308.913185999927,True
158548,72.39926199997626,0.8656889999656414,145.4871670000557,0.4558450000331504,77.71648599998571,296.92444900001647,True
461405,72.74072799998521,0.7325190000528892,145.31091099991045,0.468221000005542,81.88143000006676,301.13380900002085,True
176606,77.35897699990346,0.7376440000825824,145.4165389999389,0.45247000002746063,82.31848299999456,306.28411299994696,True
44699,74.26805999989483,0.8180640001000938,145.15236499994444,0.4650539999602188,79.49624100001529,300.19978399991487,True
559956,74.37827199998992,0.7029770000599456,147.52750999991804,0.4573450000862067,82.99579300000914,306.06189700006325,True
268996,68.06843699996534,0.7284780000418323,144.89764799998284,0.4657209999550105,76.97100700011106,291.1312910000561,True
11197,67.82842999996319,0.7218529999590828,146.003677000067,0.442761999920549,83.54489100008777,298.5416129999976,True
483667,72.96281699996143,0.7217270000410281,144.6642260000317,0.5181799999718351,81.09811600002104,299.96506600002704,True
448810,65.84996100002627,0.7484779999913371,144.92323100000704,0.4661379999788551,76.18561000003865,288.17341800004215,True
724,70.33474700006082,0.7415190000301664,146.3673949999702,1.7785889999686333,80.2855949999639,299.5078449999937,True
51961,73.90113300004941,0.8322310000039579,144.8645209999313,0.459846000012476,80.20225899997513,300.2599899999723,True
375278,65.81595900001957,0.7008940000332586,145.155778000003,0.4644289999760076,76.54166199995416,288.678721999986,True
302165,65.69412300007116,0.7162269999980708,144.42238399999496,0.46267899995200423,76.84721100008574,288.14262400010193,True
131131,65.94779599993217,0.7195200000751356,145.761001999972,0.47368000002734334,76.75458299991078,289.6565809999174,True
98839,68.91379099999995,0.8990659999881245,145.330657000045,0.4621369999995295,81.36987299997145,296.97552400000404,True
402992,73.38228500009336,0.7467279999673337,144.73205799993138,0.46438700007911393,82.44590100002824,301.77135900009944,True
465675,66.52047700004005,0.7303529999944658,147.4006290000034,0.4547199999933582,75.65459600004942,290.7607750000807,True
240754,72.3377569999002,0.7060190000629518,144.96989700000995,1.6734609999957684,81.96851299999253,301.6556469999614,True
21167,71.33272999999463,0.7966040000155772,145.6736650000039,0.4615960000364794,80.03879499995037,298.30339000000095,True
148730,67.7048840000225,0.6938100000297709,144.9993969999923,0.4646789999469547,74.86694900001112,288.72971900000266,True
384468,69.1540889999942,0.6941430000324544,144.7582239999292,0.4596380000521094,76.62666199996693,291.6927559999749,True
253742,70.3067850000707,0.7603959999187282,145.72383200004424,1.6739610000513494,87.81295899996167,306.2779330000467,True
186873,71.00005400002374,0.722477999943294,143.56527500001448,0.4603030000680519,77.4867269999504,293.23483699999997,True
82180,73.25965600000472,0.735853000037423,145.55811899992932,1.7691310000600424,81.05807100002949,302.380830000061,True
446522,73.01252499996735,0.8990240000912308,146.9307799999342,0.45992900004421244,80.35296799994285,301.65522599997985,True
552902,70.71658799998204,0.7027270000889985,145.65799599995444,0.4662210000105915,76.7760820000376,294.31961400007367,True
125405,69.50018000009095,0.7263109999939843,145.4242400000112,1.8198819999497573,81.60645999998906,299.07707300003494,True
110211,72.46446800002104,0.7203940000408693,145.6766209998932,0.4638040001054833,80.30284199992366,299.62812899998426,True
16010,73.0144400000654,0.8141470000282425,147.77317599998696,0.45797099994615564,81.60779299998921,303.667527000016,True
64462,70.24674199999481,0.7346439999764698,144.77288800003407,0.46388799989927065,79.76449400007368,295.9826559999783,True
314182,69.54330599990044,0.7451870000068084,145.11656400009088,0.4425949998676515,83.06154000001698,298.90919199988275,True
248980,72.55742699999246,0.8889399998679437,146.34284600015235,0.4650959999707993,81.54208199994173,301.7963909999253,True
68387,67.52671000003829,0.7108939998943242,144.6349249999912,0.4600540000865294,77.69185500001186,291.0244380000222,True
429281,73.95742300013808,0.8804819999568281,145.3786530000798,1.6689199999291304,82.05517900000814,303.94065700011197,True
345466,71.39697999991768,0.74114499989264,145.46073800011072,0.4658870000184834,80.85943900005077,298.9241889999903,True
352900,71.4697729999898,0.6983519999721466,144.7913450001579,0.44051099985153996,81.38441200003399,298.78439300000537,True
118367,71.34643699987464,0.7211439999537106,145.34569300008116,0.4596789999595785,79.7005330000502,297.5734859999193,True
113235,69.2233799998121,0.6776019999961136,144.8469300000852,0.4541370001334144,75.42900199996438,290.6310509999912,True
311303,70.13740399997914,0.7550610000635061,145.12760299999172,0.46701299993401335,82.4246879999464,298.9117689999148,True
163640,73.58062100001916,0.75381099986771,145.23039799996695,0.4428030001690786,82.53281599991169,302.5404489999346,True
370999,67.22390999993877,0.7346859999870503,144.92126499999358,0.4326779999246355,77.31563600009395,290.628174999938,True
1490,60.89507499996216,0.6749770000169519,144.26303699997334,0.4669710001508065,76.01805900003455,282.3181190001378,True
329456,67.94405300001927,0.781355000071926,145.11135099996864,1.6887120000319555,81.12102799987042,296.6464989999622,True
570471,70.60212399983357,0.7658950000859477,145.26373099988632,0.4645960000289051,82.80369800013432,299.90004399996906,True
88269,68.05076499995266,0.721811000175876,145.87616299991168,0.459846000012476,75.80205299996123,290.91063800001393,True
260470,72.84047499979351,0.7591450000745681,144.00048800007426,1.7505460000393214,84.69653899987861,304.0471929998603,True
193494,73.63037100003567,0.7516450000366603,144.16740899991964,0.4603039999437897,80.41542500018295,299.4251540001187,True
252776,67.8716339998573,0.72177000015472,144.3873309999617,0.4524710000168852,75.90842999979941,289.34163599979,True
201072,72.71792899996399,0.7543120000264025,146.12608500010538,0.4647629998544289,82.18572200007657,302.24881100002676,True
18150,74.09571499988488,0.7527699999627657,146.2016709999716,0.43313600008332287,78.67196300003343,300.155254999936,True
337498,75.00224000000344,0.8351890000994899,145.21735299990723,0.4612200000337907,78.60900299988316,300.1250049999271,True
521405,72.25245899985566,0.7559360001323512,145.80899299994599,0.46192900003916293,76.84187099994233,296.1211879999155,True
518770,69.21500299995387,0.8298970001305861,145.84811800000352,0.46497099992848234,84.61341099996389,300.97139999998035,True
201646,65.70757600002253,0.7360619999872142,145.3963980000026,0.44238600003154716,75.08203399993363,287.3644559999775,True
36936,69.2600869999751,0.7231030001548788,146.3510899998255,1.6695440001512907,85.53393499983031,303.53775899993707,True
59044,70.92867300002581,0.7060190000629518,144.55937499997162,0.4642199999125296,84.43198899999516,301.09027599996807,True
172946,66.27121500014255,0.7456869998350157,145.39677200014012,0.4667619998599548,78.08340400015368,290.9638400001313,True
234607,69.23946100005196,0.7245609999699809,145.77344899998934,0.4591370000071038,79.92882799999279,296.1254360000112,True
532690,72.7735959999336,0.7933960000627849,144.43345399990903,0.4548460001387866,79.56023399992773,298.01552599997194,True
323895,71.94157399999312,0.7141019998471165,146.96406300004128,0.46451200000774406,81.24165399999583,301.3259049998851,True
384670,70.20952800007763,0.7631870000750496,146.51759299999867,0.45555399992736056,82.47506099996826,300.42092300004697,True
50326,66.62255700007336,0.7470199998351745,145.13793100013572,0.46434499995484657,79.98407900004167,292.9559320000408,True
205542,70.4970350000167,0.8267719999821566,145.26618400009284,0.44909499979439715,78.38132800020503,295.4204140000911,True
217957,76.97474799988413,0.7541869999840856,146.16091600009895,0.4621789998964232,80.74497300003713,305.0970029999007,True
162035,65.98887399991327,0.7004349999988335,145.1933900000313,0.478763000046456,74.99440399988089,287.35586599987073,True
415727,64.81838499985315,0.7192690000010771,144.74212699997224,0.45776199999636447,75.8697190001385,286.60726199996134,True
46252,68.98632800016458,0.710309999931269,144.05498399992211,0.4690959999607003,77.36688400018465,291.5876020001633,True
182021,62.923917000034635,0.7493529999464954,146.20666600012555,0.6005160000768228,80.95756199986681,291.4380140000503,True
231747,73.86824800005343,0.831855999877007,146.15166299995508,0.45726200005447026,81.29232100009176,302.60135000003174,True
90284,70.18577600001663,0.7344780001403706,144.40607500000624,0.4591790000176843,75.76542399988284,291.55093200006377,True
286553,64.77046600002723,0.735478000024159,145.74665199984338,0.46838800017212634,77.8008529998715,289.5218369999384,True
488736,66.86156299997492,0.7433110001784371,146.24379099996077,0.45976199999131495,75.38328900000124,289.6917160001067,True
63602,64.8156749998634,0.7626870001331554,145.1516779998201,1.6652940000767558,80.79768199991122,293.19301599980463,True
383386,68.08996999984629,0.8199799999601964,146.54275600014444,0.4636789999494795,81.5959120000116,297.512296999912,True
450686,68.9046170000438,0.7317689999126742,144.66403999995237,0.46413700010816683,76.57606999987365,291.34063299989066,True
5060,66.52847000009388,0.8288550000088435,145.41572600001018,0.457678999964628,76.3714390000132,289.6021690000907,True
286523,68.48360499998307,0.8381889999782288,145.64706500004831,1.6681279998920218,81.81533300012234,298.452320000024,True
120420,68.22122399989894,0.7513950001794001,146.2082460000147,0.46397099981732026,78.55066299998725,294.1954989998976,True
579655,68.04175999991458,0.7538950001162448,144.62753699990571,0.4571380000015779,80.78118399998857,294.6615139999267,True
117908,68.63567599998532,0.7587330001115333,144.5155019998765,0.4644310001822305,82.13469499992243,296.509037000078,True
550322,68.45279499998469,0.7290240000656922,145.8693790000325,0.4440140000951942,76.3198409999859,291.81505300016397,True
322844,72.78976799989323,0.7261069999913161,145.67325300004086,1.6560880001179612,80.1010549998864,300.94627099992977,True
218362,72.56938299997273,0.730641000018295,147.39769199991315,0.47137100000327337,80.18272800018167,301.3518150000891,True
213224,70.20994900017286,0.7677679998323583,145.81319400008397,0.4538270000011835,76.03965499993137,293.28439300002174,True
223747,66.68254700002763,0.7492669999464852,145.15543399988928,0.4629950001344696,79.7458590000133,292.79610200001116,True
297578,67.1608229999947,0.8989450000171928,147.78823799997554,0.4652029999760998,82.29641999992054,298.6096289998841,True
458992,68.79882599992015,0.7131390000267857,145.24437299996862,0.4584110001815134,78.15067999990788,293.36542900000495,True
78266,70.11697000007189,0.888402000100541,143.03520099997513,1.7789300000004005,81.74246099997617,297.56196400012414,True
164602,67.17407399992226,0.8951110000907647,145.55696100001114,0.4616609999175125,81.29978600004506,295.38759299998674,True
440475,66.57218100008322,0.7323069999074505,144.68742899998688,0.4548680001335015,78.14745799987577,290.5942429999868,True
101762,70.3746859999228,0.7491829999253241,146.00603100006992,0.4638279999653605,80.61352400000033,298.20725199988374,True
557501,69.4389880000017,0.7018879998668126,145.39956700014045,0.4661609998493077,75.7836350001071,291.79023899996537,True
203317,70.63627700017605,0.7598089998737123,144.59947900013503,0.46153599987519556,82.40964900005565,298.86675000011564,True
368940,72.08322299993597,0.7709349999913684,145.88207799988595,0.4565770000226621,79.40149900014148,298.59431199997744,True
569917,76.40768300007039,0.7442669998454221,145.0497630000882,0.46545300006073376,80.50462599999264,303.1717920000574,True
144798,71.11305500006893,0.9000279999327176,145.54506700005732,0.461953000012727,78.14784600009261,296.1679490001643,True
284623,71.6951379999955,0.7530159998623276,144.64991500017277,0.46136899982229806,82.56539700005305,300.12483499990594,True
520301,67.4099309999292,0.7094300001426745,144.63582999997016,0.4623279999123042,74.881133999952,288.09865299990634,True
127987,67.97105800001191,0.7585999999264459,145.82519999999022,0.4521179998846492,82.75852200017653,297.76549799998975,True
63740,70.13650399994731,0.775852000060695,146.24451199983923,0.4540770000858174,83.19059599989487,300.8015409998279,True
36494,71.12953899991226,0.7298900000023423,144.48495900001035,0.4624939999757771,88.94154199992954,305.74842399983027,True
210032,69.94178099989767,0.7599750001645589,145.71730299985575,0.4532010000275477,80.89661400003934,297.76887399998486,True
488270,69.61928600003375,0.7558079998943867,144.4793910000044,0.4657030001453677,80.56604599983075,295.88623399990865,True
67180,69.92918399987502,0.7160550001117372,146.51463199993486,0.4344920000676211,76.12295299986727,293.7173159998565,True
281179,71.93250599993917,0.7304309999653924,144.330797000066,0.4627849998541933,80.84415100006481,298.3006699998896,True
64359,69.27662399994006,0.7143470002120011,145.5238629998803,0.4670359999181528,80.2173380000113,296.1992079999618,True
126226,73.95173100007923,0.7511409999096941,144.54312100019706,0.45828499992239813,82.0029760000125,301.7072540001209,True
190923,71.49037499993938,0.749808000136909,144.94831799993335,0.46424399988609366,85.58383500007949,303.2365799999752,True
150265,70.3497460001472,0.749433000009958,147.7576400000089,0.4600349998327147,79.83012800013967,299.14698200013845,True
216739,71.43969200001266,0.7420160000037868,140.48624199995174,0.46595200001320336,81.57063599992398,294.70453799990537,True
38048,67.0354789999692,0.7179300000643707,144.4635059999655,0.4597849999754544,78.65728799993121,291.33398799990573,True
354829,68.65668700015704,0.7269719999385416,144.48734100005822,0.4652019999866752,80.7087660000434,295.04496800018387,True
525155,66.82761699994444,0.791685999956826,145.73741100002735,0.45261800005391706,74.80652100002771,288.61585300001025,True
163314,65.91592299992044,0.7996029999048915,145.8426280000822,0.4636599999230384,83.50914500010731,296.53095899993787,True
259571,67.25198399999499,0.723514000128489,145.9965970000212,0.46103499994387676,81.81418300000587,296.24731300009444,True
561679,70.19928799991249,0.7059710001158237,146.14241599997513,0.45882700010224653,75.66382300001351,293.1703250001192,True
236166,71.62101400012943,0.74559900008353,144.74189299994578,0.46711899994988926,80.86038600004031,298.43601100014894,True
153529,73.13467099993431,0.7444319999194704,144.40274200001113,0.4388249999465188,84.17376500005957,302.894434999871,True
473015,74.26275800003168,0.8668579998811765,145.5090659999314,0.4622850001396728,77.8840200000559,298.98498700003984,True
379800,75.85282399986681,0.7501400000364811,145.41787699999986,0.4606190000231436,79.53502100008336,302.01648100000966,True
253835,69.20581700001094,0.6754680000540247,146.13288999998986,0.4564099999697646,77.30118500012395,293.77177000014854,True
34071,65.44623900003899,0.7638499998847692,145.6109750001815,1.6645019998122734,78.80441700012852,292.28998300004605,True
36861,67.99842200007333,0.7537239998782752,145.66791300012483,0.46215999986998213,78.95204600004035,293.8342649999868,True
569565,70.11958299995058,0.7270969999808585,148.14526700001807,0.5548340000132157,75.45744799995191,295.00422899991463,True
219271,67.81761699994604,0.7838510000510723,145.205876999853,0.45870200005992956,83.15365799990104,297.4197049998111,True
205647,72.49830499995369,0.7093870001426694,145.35711400003493,0.4562429999168671,78.44361899992691,297.46466799997506,True
460841,69.02740499981519,0.7151380000323115,148.5896500000763,0.4622429999017186,81.24820800003363,300.04264399985914,True
123131,70.79091400009929,0.8780250000199885,145.1766409998072,0.46107700018183095,78.6993879999045,296.0060450000128,True
334006,72.76439699990078,0.7472649999726855,146.01148800011288,0.4692019999765762,80.44375800000125,300.4361099999642,True
511599,69.67910899993512,0.7259720000547532,144.92705499992553,0.43482499995661783,81.12414200013518,296.8911030000072,True
229858,75.69814700013922,0.7343889999447129,144.93489000005866,0.4628269998647738,80.92500199995811,302.7552549999655,True
174004,77.69929899995986,0.7200550001016381,145.62027499982833,0.45461700005944294,79.8452480000833,304.3394940000326,True
519764,65.04603799999131,0.6999279999035934,146.83471700004702,0.46240999995461607,75.44719900010932,288.49029200000587,True
137576,77.10011600011057,0.8576899999752641,145.40865000003578,1.6605009998329479,81.65716799999245,306.684124999947,True
87470,75.60516900002767,0.757307999947443,147.53564400007235,0.4644519999601471,82.33226099991953,306.69483399992714,True
9769,73.48921500010874,0.8647319998544845,146.11055400018813,0.4458669998257392,77.85170000011021,298.7620680000873,True
558114,71.652567000001,0.7158460000482592,143.9208049998797,0.4626180000286695,83.41299500011701,300.1648310000746,True
205776,72.82665600018845,0.725138000007064,145.66035199982252,0.45366000017565966,80.50990099991395,300.17570700010765,True
163257,67.45504300010907,0.6806760000017675,145.77756099993167,0.46711799996046466,77.36427600002571,291.7446740000287,True
475678,65.40416799998638,0.6763010001122893,145.1405379998505,0.4531600000063918,79.78958300009253,291.4637500000481,True
85478,67.11146299994653,0.7304299999759678,145.62520000004042,0.4654929998650914,80.76140599996506,294.69399199979307,True
318080,74.55677300004027,0.7359310000083497,144.61608200008413,0.44620099993153417,78.86417700001402,299.2191640000783,True
361551,66.74113199983367,0.6959690001622221,144.81515600004968,0.44449199981499987,80.02600300005724,292.7227519999178,True
236784,66.37539600001219,0.675717999911285,145.88127799993345,0.46495100013999036,76.09616699983235,289.49350999982926,True
92839,66.63595800000621,0.6973850001941173,144.36903999990136,0.4384910000680975,76.87139199992998,289.01226600009977,True
42296,69.52529999989565,0.737762999960978,144.19521700006044,1.7926760001500952,80.8970139999019,297.14796999996906,True
560266,74.60879299992484,0.7414300000618823,148.1582989999879,0.4600760000812443,77.69098199992186,301.6595799999777,True
486479,68.25781799989272,0.7555980000688578,144.97076900011052,0.454366999974809,80.25204899990968,294.6906009999566,True
127955,74.30881300001602,0.744846999850779,145.3083339999921,0.5288730001211661,80.98788200004492,301.878749000025,True
307658,74.28542299999208,0.774182999975892,147.86779299993213,0.4459500000848493,75.87583400004405,299.249183000029,True
417465,70.12436299987712,0.76188999992155,145.52520200004437,0.4619510000338778,79.78979199992864,296.66319799980556,True
342971,70.3326279999601,0.738138000087929,144.9589509998077,0.4529090001597069,80.35525199989024,296.8378779999057,True
11760,71.00858600006177,0.7236369999645831,145.64814499999557,0.4650349999337777,75.09842900003605,292.94383199999174,True
69106,65.79023500012227,0.7258040000124311,146.18310199989537,1.6628319999654195,79.91374700009146,294.27572000008695,True
70158,73.99730600013754,0.7421379998504563,144.43843000003653,0.46099299993329623,80.27598200010289,299.9148490000607,True
176634,68.95238800007064,0.6824249999226595,144.67310600002747,0.462450999975772,75.41369000000486,290.1840600000014,True
281447,71.3452210000014,0.7596399998419656,144.29718700012018,0.44044900005246745,80.41614599983404,297.25864299985005,True
552371,68.82653399998162,0.7495559998460521,145.5436539999937,0.4366580001260445,79.50882799991632,295.06522999986373,True
361919,73.1343120000929,0.7554730000265408,146.0816949997934,0.465659000155938,86.6336809999666,307.0708200000354,True
560256,66.63552600002731,0.7007190001786512,145.2197309999974,0.46236799994403555,78.947898000024,291.9662420001714,True
138115,62.01789200008534,0.7031770001049154,145.1228490000176,0.4549919999590202,75.24658199986334,283.5454920000302,True
114871,67.02372199993079,0.7650570000805601,145.6910990000324,0.4678679999869928,80.08719100007511,294.03493700010586,True
374369,71.213489999991,0.8463540000320791,145.5128949999107,0.44907500000590517,80.70009800007938,298.7219120000191,True
123213,70.79449000002569,0.738804999855347,146.50592700013476,0.46574299994972534,81.46323799996935,299.9682029999349,True
123321,73.65470100012317,0.7640149999588175,145.9405099999458,0.44111600004725915,81.55891199999132,302.35925400006636,True
15278,74.08327500002088,0.7433880000462523,145.65247900009126,0.46645099996567296,82.10914699998284,303.0547400001069,True
357742,68.32433700014917,0.7058859998778644,146.46948300014628,0.4999119998956303,77.05089899991435,293.0505169999833,True
439854,67.07061999986763,0.7349710001562926,144.795651999857,0.4628670001238788,84.24330499997268,297.3074149999775,True
465836,68.46305599992775,0.7260120000864845,144.60734499994032,0.43824099998346355,80.10632700006681,294.34098100000483,True
414385,68.31236700008958,0.7751819998702558,145.12411000009706,0.43894899999941117,77.01309100002618,291.6636990000825,True
131556,69.51733100004276,0.7510969999202644,143.4514449999824,0.4626590000498254,79.97518499996659,294.15771699996185,True
322724,70.54482299986375,0.7200530001227889,145.00730999998268,0.4576999999699183,80.0511899999492,296.78107599988834,True
320664,67.45067799988647,0.6893429999763612,143.81028699995113,0.5580829999871639,77.26109700001871,289.76948799981983,True
481390,68.77384800009168,0.8391040000788053,146.14749399993343,0.46424299989666906,80.40461900009177,296.62930800009235,True
109916,64.01916499999061,0.7285950000550656,144.80422900010126,0.4609089999121352,75.9201230000599,285.93302100011897,True
276434,66.35587800019493,0.757721999889327,145.98848300011014,1.6778309998244367,81.70949400005156,296.4894080000704,True
579635,72.41251999994347,0.7408460000988271,144.46993100000327,0.46274200008156186,80.27559699985432,298.36163599998144,True
295316,69.67461099998218,0.7233030000861618,145.10576899988337,0.4674090000662545,75.09650900010456,291.0676010001225,True
571313,64.59773899996435,0.7767649999550486,145.2101100001073,0.4584089999752905,77.19203800002106,288.23506100002305,True
183127,67.8793060001226,0.7525969999733206,145.55582000002687,1.7486699998698896,80.8706269999675,296.8070199999602,True
115898,73.63251400010995,0.7636390000698157,145.19441899983576,0.46153400012372003,79.00632399991991,299.05843000005916,True
146358,71.44210400019801,0.7530129998940538,145.04924199991365,0.46374200019272394,80.49576700000216,298.2038680002006,True
329542,71.26300699997046,0.8531040000434587,145.36150399999315,0.44449100005294895,76.93070200002694,294.85280800008695,True
189752,71.1928660000467,0.7503469998937362,146.60145600009855,1.6629959998226695,81.58283300008407,301.7904979999457,True
290163,74.51502599997184,0.7241769999382086,144.13811000008536,0.4628259998753492,83.353795000221,303.19393400009176,True
91406,70.98830900008579,0.7551379999313212,146.38481599990882,0.4621580001185066,85.6590779999351,304.24949899997955,True
322352,72.0430829999259,0.7429289998981403,144.6535820000463,0.4631589999917196,83.85111000006873,301.7538629999308,True
223959,68.8171809999858,0.7190530000116269,147.9074019998734,0.45870000008108036,76.03162400005203,293.93396000000394,True
326248,71.07201200005875,0.7601810000323894,145.60302599988972,1.666621000140367,87.18956199982131,306.29140199994254,True
218439,68.52723600013633,0.7436789999246685,145.68950900002164,0.45986700001776626,81.02359899999101,296.4438900000914,True
453722,69.37033499980316,0.73084500013465,145.09946699990905,0.5295800001476891,77.1343579999666,292.86458499996115,True
293625,64.10445200003778,0.7079269998939708,145.75626400005604,0.4587830001128168,79.36456199990971,290.3919880000103,True
411817,68.10466000001725,0.7568890000584361,144.68734100000802,1.8093809999299992,83.60377300004984,298.96204400006354,True
546964,75.42351300003247,0.7334279998758575,144.67566300004364,0.4589500001657143,84.77581599981932,306.067369999937,True
215259,67.78254300002118,0.7556789998943714,144.8220060001404,0.46336699983839935,79.86583599995356,293.6894309998479,True
573094,70.5771199998253,0.7485959999939951,145.90421000002607,0.4396560000259342,82.83512399998472,300.504705999856,True
560011,66.51273100010258,0.8912729999792646,145.2998929999012,0.4679090000081487,77.27651000004698,290.4483160000382,True
38576,69.49573900010364,0.7601380000323843,144.72705999992286,0.44540700014295,79.43316599994432,294.86151000014615,True
147729,69.70912899987525,0.7528880000791105,146.18799899994883,0.4600750000918197,81.26059000005625,298.37068100005126,True
579307,70.18045099994197,0.7129269999950338,144.63503000001765,0.4578660000333912,77.30975000004037,293.2960240000284,True
154425,70.92437200003587,0.8408109999891167,145.53246899981787,0.4574080001020775,81.3940040000034,299.14906399994834,True
432898,69.79295800010732,0.7353859998602275,144.41088900002796,0.4661999998916144,82.34878100006426,297.7542139999514,True
404923,74.09297699996387,0.7348860001457069,145.50875099985205,0.4582830001709226,81.02383899995402,301.8187360000866,True
130586,72.61427499997808,0.8724790000087523,145.4591909998726,0.46828400013509963,81.07600999983333,300.49023899982785,True
163057,72.56822899989857,0.7359700000506564,145.58628400004636,0.46490799991261156,84.1752329999963,303.5306239999045,True
7511,68.20120700012922,0.7166769999003009,144.64263200011374,0.4602829999384994,78.59503200006657,292.6158310001483,True
67406,61.707978999947954,0.7194679999429354,142.93536200011658,0.453031999995801,76.7413519999991,282.55719300000237,True
290179,67.79729200002294,0.7594300000164367,145.53400599993438,0.463367000065773,81.74312799997097,296.2972230000105,True
248752,68.76640399991629,0.9048560000337602,148.13261100016462,0.4536569999800122,80.56675199986785,298.8242799999625,True
54593,70.3855609999664,0.7234690001496347,144.83602199993584,0.46644999997624836,78.81965499996113,295.23115699998925,True
116208,65.2825170000142,0.7613049999690702,144.91002200020375,0.44865699987894914,80.1283749999584,291.53087600002436,True
340697,65.68667199985612,0.7448450000993034,144.82364099990264,0.4634500000975095,83.89401999988877,295.61262799984434,True
450303,68.4752050001407,0.6810899999436515,146.49379799993767,0.4604079999808164,80.48347099997955,296.5939719999824,True
494427,68.61741300008362,0.7513870000366296,144.8918319999848,1.6565349999382306,81.74710200000845,297.6642690000517,True
137294,72.87830099994608,0.7422200001201418,144.2017819999819,0.5191199998080265,77.28611700008514,295.6275399999413,True
410880,68.54586600002222,0.7568040000478504,144.21761700009483,0.45694899995396554,80.56510100004743,294.5423370001663,True
311180,72.59731099998135,0.7471370001894684,144.50628099984897,0.4607830001077673,79.58301899998332,297.8945310001109,True
91654,68.88958799981992,0.8447270001852303,146.277365999822,0.45549100013886346,76.53559300001689,293.0027649999829,True
181796,69.19548499990924,0.7660960000066552,145.77828899996348,0.46086700012892834,84.69188300000496,300.89262000001327,True
2431,73.27010899984998,0.7482200001049932,145.0994729998456,0.46324100003403146,82.58730400007153,302.16834699990613,True
349184,67.6477800000157,0.7073000001582841,144.70256499998868,0.4357809998509765,78.8189100001091,292.31233600012274,True
298396,72.61080099988249,0.8764789999986533,144.9781260000691,1.666994000061095,82.81206899982863,302.94446899983996,True
472046,72.18456200007495,0.8576860000175657,145.2551019999646,0.4617419999703998,83.7795830000232,302.5386750000507,True
74058,65.91647999994166,0.6956320000881533,146.2321509998219,0.45411600012812414,79.28184699994745,292.5802259999273,True
58029,70.65735800006223,0.7623459998740145,145.11678000008033,0.4583659999752854,80.5165599999782,297.51140999997006,True
134096,69.31926400011434,0.724510000054579,146.39628700001595,0.5559569999604719,77.44404999994003,294.4400680000854,True
111951,69.9988870001107,0.7520950000525772,144.90840899998148,0.4606160000548698,81.9799849998617,298.0999920000613,True
103585,67.38036600017949,0.7744709998860344,144.64243199995508,0.45544900012828293,78.52144799994676,291.77416600009565,True
210273,70.61992900003133,0.8123489999434241,145.15530200014837,0.465991999817561,90.64884999997957,307.70242199992026,True
352584,65.90042699986043,0.749678000147469,145.65007800001695,0.4505739998421632,78.69582300008915,291.44657999995616,True
446651,71.72499600005722,0.7148429999688233,147.91922499989596,0.4636580001715629,80.4721569998037,301.29487899989726,True
194875,72.87566100012555,0.6824649999543908,145.9764209998866,0.45544900012828293,88.11753199984196,308.1075279999368,True
52017,69.39445600005456,0.7569709998733742,145.92458200013425,0.46086599991213006,79.54582900015339,296.0827040001277,True
336309,70.66824300000007,0.7488869998724113,145.34414500008097,0.465325000050143,80.77520799997728,298.0018079999809,True
227478,68.96049800002402,0.7080499999574386,145.56532799997512,0.45682400013902225,77.71320000006199,293.4039000001576,True
339870,69.42119800010005,0.7597199999054283,145.17717600006108,1.7897509999329486,81.50651000005382,298.65435500005333,True
80666,76.63690599997608,0.7976809999945544,144.54319200012833,0.4611580000073445,76.99026199998116,299.42919900008746,True
33707,68.88385799993557,0.7538860002114234,145.41416999986723,0.4614910001237149,76.7915809999522,292.30498600009014,True
327601,64.97858199986695,0.745719000178724,144.95884699999806,0.4602399999384943,81.59858699991673,292.74197499989896,True
255749,67.59043199986081,0.7604710001487547,143.92059400006474,0.4661159998704534,78.05115800010753,290.7887710000523,True
8762,64.7773910000069,0.6879649999973481,144.7089319999577,0.43703100004677253,77.54970600012712,288.16102500013585,True
526392,65.37414199988234,0.7315089999337943,144.23377399998571,0.4638240000076621,81.98131000017383,292.78455899998335,True
535578,77.86735399986355,0.7189259999904607,144.6455100001458,0.4455319999578933,81.04990299989367,304.7272249998514,True
580757,67.06616700012091,0.8152240000072197,145.06476799988377,0.4403220000313013,77.12029000003895,290.50677100008215,True
165039,71.84408599982817,0.8377250001103675,146.40540400000646,0.4593659998590738,83.3173490000263,302.86392999983036,True
148719,76.27089700008582,0.7376759999715432,145.6029309999849,0.4637829999865062,82.84623300005478,305.92152000008355,True
108440,66.31961200014302,0.6855899998754467,143.59497600003124,0.45328200008043495,77.62756400006765,288.6810240001978,True
489842,73.9819749999242,0.7262169999648904,145.4719410000962,1.736955000069429,87.28524000002835,309.20232800008307,True
579818,72.70384299999932,0.7334269998864329,145.9597670000221,0.4572400000597554,79.98097799986681,299.83525499983443,True
423229,71.41475399998853,0.7580530000268482,145.3822589999163,0.4514900001595379,76.66065099988373,294.66720699997495,True
323828,73.32520899990413,0.7647620000170718,144.84604200015383,0.46595000003435416,80.4647909999403,299.8667540000497,True
166287,73.03277200003322,0.7485940000151459,147.89479700016273,0.44932299988431623,86.35845399999198,308.4839400000874,True
101420,70.46105099993838,0.7207170001493068,145.99662299997362,0.4391549998672417,79.57384600013029,297.19139200005884,True
334555,73.970202000055,0.7405099997868092,146.25941100007367,0.4337380000833946,83.48969899998337,304.89355999998224,True
196759,73.69343200002731,0.7608030000483268,145.32038700008343,0.4633240000657679,80.64254199985044,300.8804880000753,True
411665,66.00843799992617,0.6947570000193082,145.46481399997901,0.5468710000968713,76.3490339998043,289.0639139998257,True
61418,69.38692100015942,0.7275919999756297,145.55225599997357,1.6567820000545908,83.36630299982062,300.6898539999838,True
526751,72.09839300003296,0.800890000164145,146.02441399983945,0.46098999996502243,82.18159600005492,301.5662830000565,True
24021,65.17149399996924,0.6936320000932028,148.416288999897,0.516202999961024,77.00231800004076,291.79993599996124,True
277020,65.2745429999868,0.7643030000963336,145.6822170000578,0.461823000023287,81.74159500003952,293.92448100020374,True
47828,71.14739999997255,0.808681000080469,143.6074749999534,0.4521149999163754,82.80862600008732,298.8242970000101,True
183716,65.67889500001911,0.7033819999833213,143.8280320001013,0.5765819998941879,76.7151620000277,287.5020530000256,True
271997,65.6904800000575,0.7703449998643919,145.3030090001448,0.4536980000011681,76.43122199988284,288.6487539999507,True
8532,65.59358799995607,0.8188069998595893,144.12069700006214,0.4648240001188242,80.51566399990406,291.5135799999007,True
94336,68.54337499999019,0.752093999835779,145.57100600018202,0.4479059998629964,81.038701000125,296.353081999996,True
390555,67.68160699994041,0.7140080001590832,145.86669400000574,0.4479059998629964,85.83419900014633,300.54441400011456,True
250282,67.80136600013975,0.7741370000076131,145.70287199990162,0.46036499998081126,86.56540400011181,301.3041440001416,True
68409,68.56257499998719,0.8781440001257579,145.29942499984827,0.4518640000696905,81.92791700002999,297.1199250000609,True
2299,63.9216709998891,0.7165910001276643,144.75542800005314,0.4605739998169156,82.74526400009563,292.59952799998246,True
11051,71.98164500005078,0.7477179999568762,144.9576459999662,1.7519550001452444,80.95200299999306,300.39096700011214,True
66038,75.91944800014971,0.757009999915681,144.64944199994534,0.46190700004444807,83.3812119999493,305.1690190000045,True
360960,67.52978500003337,0.7828459999927873,145.35086499995487,0.4536559999905876,78.60200800018902,292.7191600001606,True
360097,66.95687100000214,0.7503019999148819,145.17477000003964,0.4604060000019672,83.29770599993935,296.640054999898,True
421455,70.12753799995153,0.7485520000045653,144.5511220001663,0.466823999886401,81.1015019999104,296.9955379999192,True
504589,68.60359899997093,0.728966999986369,144.65804599990406,0.44348900019031134,77.46558499979983,291.8996859998515,True
464522,70.35322100000485,0.8571839998694486,144.97923400017498,1.6686989999925572,79.90396099989994,297.7622989999418,True
454750,71.49613199999294,0.7193409999217693,145.59917700012193,0.46169899997039465,79.83598600003461,298.11233500004164,True
509735,68.31565400011641,0.6888799998705508,145.764101000168,0.45319799983190023,77.02512700006992,292.2469600000568,True
23034,73.31632999989779,0.9013950000280602,145.3566980001142,0.46624099991277035,81.21599800006152,301.25666200001433,True
141671,68.28673499990146,0.744009000072765,144.89337400004842,0.45928099984848814,85.59720400012338,299.9806029999945,True
506656,68.52478300015719,0.7080059999680088,141.02892200003225,0.44711399982588773,79.22776700002032,289.93659200000366,True
272566,71.39014599988514,0.7556770001428958,144.79555499997332,0.4592810000758618,80.45514299988099,297.8558019999582,True
45728,73.26435799996034,0.764968999874327,144.6110420001787,0.4651570000078209,77.3855149998326,296.4910409998538,True
424551,66.98504500013769,0.8335989998613513,145.4079919999458,0.45644800002264674,76.22471700005917,289.90780100002667,True
341719,72.19360700014477,0.7566769997993106,145.60442300012255,1.6610299999229028,82.49802099999215,302.7137579999817,True
72795,69.03480699997999,0.8940200000324694,145.73051399997894,0.4602819999490748,84.02983399992081,300.1494569998613,True
78959,71.04565400004503,0.9044369999173796,145.6659989999025,0.45240600002216524,80.42315900001995,298.49165499990704,True
417285,70.4091420000168,0.7477589999780321,147.1535910000057,0.46015599991733325,83.33106600002793,302.1017139999458,True
2157,66.87190000002374,0.7235499999751482,145.9548000000268,0.4584480000175972,80.19493500000863,294.2036330000519,True
43816,68.85836900005415,0.9063540001079673,145.30942299984417,0.4639490000499791,80.9948539999823,296.53294900003857,True
455555,69.8354680000648,0.7390920000034384,145.01071499989848,0.46257300004981516,76.31295099986346,292.36079899988,True
535306,67.91221100002076,0.7225490001019352,145.44532899981277,0.46632300018245587,80.5588649998299,295.1052769999478,True
30504,70.74694600009934,0.7115900000371767,146.13379200000054,0.4609059999438614,75.54977399991003,293.60300799999095,True
93353,68.42207700015024,0.7544679999682558,144.28114499992262,1.7568690000189235,79.78630100001283,295.00086000007286,True
530052,75.16673700001775,0.7313829999020527,145.21400000012363,0.4617399999915506,82.32176499996058,303.89562499999556,True
473118,68.24480699992819,0.7609270001012192,146.10576899985972,0.4538220000540605,78.74152199997297,294.30684699991616,True
91779,74.06041100011862,0.7569259998945199,145.71210999997675,0.45815600014975644,81.59287099988433,302.58047400002397,True
283113,69.60143100013738,0.728882999965208,144.4513859999006,0.4567810001390171,76.1578770000142,291.3963580001564,True
226130,67.55266700020002,0.9022699998695316,147.1314010000242,0.517035000029864,80.63505599989185,296.73842900001546,True
97278,72.48216899984072,0.7473840000784548,145.5154580000908,0.4705320000084612,80.21968799994283,299.4352309999613,True
567640,66.32332499998483,0.8401820000472071,147.44681799993486,0.5279530000734667,77.87981499996022,293.0180930000006,True
532493,71.28670299994155,0.7499250000364555,145.94421700007842,1.662570999997115,80.58008200009681,300.22349800015036,True
45550,73.16082900001675,0.7362579999607988,144.88727000002655,0.45953100016049575,81.4461410000149,300.6900290001795,True
156643,69.15930700006356,0.7200069999271363,144.25804100005735,0.5369519999476324,79.66371700013042,294.3380240001261,True
430056,68.86519599993335,0.7536759999311471,145.9315700001298,0.4359459999250248,82.53536899997016,298.5217569998895,True
410456,73.96441499986395,0.7732190001661365,145.77068399989912,0.4384880000998237,81.28557700001693,302.23238300004596,True
441286,75.01340299995718,0.7452590000411874,146.01586000003408,0.4612390000602318,80.11419399986153,302.3499549999542,True
279541,69.80349900004512,0.7525099999838858,145.04648900015127,0.4553229998691677,83.91199199991206,299.9698129999615,True
885,69.82591699988916,0.7439670000621845,146.17448199987848,0.4635320001398213,81.7953910000142,299.00328899998385,True
378284,71.0556669998823,0.7336749999922176,145.62661200011462,0.4360709999673418,81.24272300005941,299.0947480000159,True
156076,77.03951799999231,0.7196740000381396,145.61679899998126,0.4636149999441841,84.73920200003704,308.57880799999293,True
143572,70.52895499987244,0.7005889999618375,144.24649900001896,0.45478000015464204,77.70014599987007,293.63096899987795,True
229849,74.67285799998535,0.8421400000315771,145.3243640000892,0.46440599999186816,86.70608499983246,308.00985299993044,True
39551,71.66290200007097,0.8921009998630325,145.6020289999742,0.4651140000078158,82.53045900005418,301.1526049999702,True
56344,70.97047399997791,0.7242159999805153,145.017155000005,0.46274000010271266,80.56661899991013,297.7412039999763,True
193348,70.4031870000108,0.7569259998945199,145.68486699999994,0.4552390000753803,77.9185660001076,295.21878500008825,True
16958,72.48215899994648,0.7377169999926991,141.1729720000494,0.4649479999443429,81.84711000012612,296.70490600005905,True
572678,67.52114999994774,0.7286740001291037,144.50643499981197,0.45986400004949246,80.30221500007428,293.5183380000126,True
106235,68.9477870000701,0.7440919998771278,144.9541310000768,1.7753690001427458,81.94749199992657,298.36887100009335,True
341681,70.48784900007377,0.7439670000621845,146.09204099997442,0.4674899998917681,81.20972799997617,299.0010749999783,True
83172,65.64059900006214,0.7217559998480283,144.81714400017154,0.4548219999378489,78.05513699986477,289.6894579998843,True
343524,69.57990399996561,0.755092000190416,145.8436289999554,0.46307200000228477,79.40447800001493,296.04617500012864,True
395801,73.21623000007094,0.7536339999205666,144.37382200003412,0.5362439999316848,83.94832300018606,302.8282530001434,True
388056,70.79723399988325,0.7447160000992881,146.2991809999039,0.5246600001100887,79.11286400008066,297.4786550000772,True
259690,74.7793659998024,0.7511750000048778,145.99195200003123,0.46036399999138666,83.76875800013295,305.75161499996284,True
235836,77.34916300000805,0.732882000193058,145.3846199999589,0.46707299998161034,80.3988659999959,304.3326040001375,True
343218,64.0258979999544,0.7252569998854597,145.00121200012472,0.4364039998563385,77.6365460001216,287.8253169999425,True
205105,68.87025400010316,0.74563299995134,145.47110500006966,1.6719449999982317,82.26393799986909,299.0228749999915,True
513283,67.80322400004479,0.7192979999217641,144.61842400010028,0.4581969999435387,79.29407300002822,292.8932160000386,True
176446,69.66530700015028,0.6995049998295144,145.9155100001226,0.4658640000343439,74.10718400001315,290.8533700001499,True
371677,64.70955099985076,0.7178390001172374,145.7021009998698,0.4550310000013269,77.46273199995812,289.04725399979725,True
308531,68.73648600003435,0.7562579999103036,144.5714430001317,1.7497409999123192,79.00537599994095,294.8193039999296,True
497599,73.64639499996883,0.7270060000337253,147.87603800004945,0.45994699985385523,79.91168600005949,302.62107199996535,True
455352,71.93232300005548,0.7281319999492553,145.6499140001597,0.4646549998597038,75.94683000002078,294.7218540000449,True
236914,70.86190899985922,0.7320900001559494,144.69634800002495,0.45977999980095774,81.68979400011267,298.43992099995376,True
232684,62.9680100000769,0.8723910000298929,145.39918600007695,0.4609469999650173,80.02734999990935,289.7278840000581,True
415238,71.85751599990908,0.7059639999624778,147.59445499998947,0.4635310001503967,78.0040800000279,298.6255460000393,True
290843,70.74005799995575,0.7227979999697709,145.4351269999279,0.4634470001292357,79.94808400007969,297.30951400006234,True
519522,74.4157599999653,0.7159639999372303,144.6048630000405,0.4421549999733543,78.6281630000758,298.8069049999922,True
144784,65.4834590000064,0.6851709999864397,145.24394699992627,0.44244600007914414,75.79455900008725,287.6495820000855,True
167486,73.03686999989623,0.8606809999491816,146.63864600015586,0.46540499988623196,82.43773799995324,303.43933999984074,True
392228,73.10995500006356,0.7276310000179365,147.01654500004224,0.5375359999106877,79.51387799994336,300.9055449999778,True
488673,69.8934920001193,0.7042549998459435,145.85342700002002,0.45494699998016586,78.78541200011568,295.6915330000811,True
191013,74.86036199998125,0.7467580001048191,145.42925999990075,0.4576970000016445,81.99644699993769,303.49052399992615,True
80057,71.48650399994949,0.749757999983558,144.5103599999129,0.45544700014943373,80.7421979998253,297.9442669998207,True
570169,66.35466600005202,0.7207559999642399,145.84753199983425,0.46540600010303024,74.82689099992967,288.2152509998832,True
224807,71.00193099995522,0.8370129999093479,146.27893500005484,1.9006669999726,89.6676509998997,309.6861969997917,True
163562,68.27532499983135,0.7192970001597132,146.00548099997468,0.46540599987565656,76.76550900009715,292.23101799993856,True
136355,71.83151699996415,0.7184640001014486,145.54532600004677,0.44102899983045063,83.30435500010935,301.8406910000522,True
492362,75.13327700007721,0.7156720000693895,145.16438400005427,0.4625719998330169,82.67935599997145,304.15526100000534,True
102707,73.95227400002113,0.7587160000639415,144.73358599980202,0.45207200014374394,80.3579839998747,300.25463199990554,True
232563,69.68782600006307,0.7169630000589677,144.12962999995216,0.46965599995019147,75.39740900006109,290.4014840000855,True
10977,65.9350370001448,0.7380479999028466,144.65608099999372,1.846455000077185,78.82763399993564,292.0032550000542,True
51598,70.18006600014814,0.7410069999878033,146.1555859998498,0.46436399998128763,79.46141500019621,297.00243800016324,True
32285,65.78739399992628,0.6996709998929873,145.6732120000197,0.4535289999694214,75.57495200012454,288.18875799993293,True
520910,68.62487200010037,0.7631749999745807,146.17466100003185,1.6825269999571901,80.15083500004039,297.3960700001044,True
131273,66.39418300005673,0.7442989999617566,145.48069900001792,0.461613999959809,76.23644800014517,289.3172430001414,True
206411,63.583450000123776,0.7065869999678398,145.54572599990934,0.4624890000286541,76.32486600004995,286.62311800007956,True
472375,65.72242299989739,0.7173800001964992,146.00550599993767,0.4439039998942462,77.61228300000766,290.50149599993347,True
481404,71.11881799983166,0.7530899999892426,145.27929200016843,1.6543579999961366,79.32847899996887,298.13403699995433,True
471991,74.22297799985245,0.724714000170934,145.26739799998722,0.46257200006039056,78.55520899988733,299.2328709999583,True
17436,68.19711699995423,0.6889610001508117,144.69298499989236,0.45944599992253643,75.57364000012967,289.6121490000496,True
177934,69.05425599984483,0.6957540001621965,144.96612699986144,0.459571999954278,79.27379800003109,294.44950699985384,True
165518,63.950714999919,0.7942610000100103,145.52653600003396,0.467321999849446,76.99214000012944,287.73097399994185,True
571718,67.65690599991103,0.75467400006346,144.9680250000256,0.4595299999436975,84.69684900001084,298.5359839999546,True
459467,71.8980990000091,0.8740990001570026,145.28608699993129,0.4528209999534738,77.38366500007032,295.8947710001212,True
135673,67.9722600000332,0.8530139998583763,145.28717000007418,0.46319700004460174,76.29588600002535,290.8715270000357,True
134886,64.55923999988045,0.8094689999325055,144.744325000147,0.44582099985746027,78.01990400002978,288.5787589998472,True
485895,65.01076700010344,0.7498400000258698,144.4926829999531,0.4621139999017032,80.86775600008878,291.5831600000729,True
287545,67.2697469999548,0.8051770000747638,146.0553679999066,0.46015499992790865,75.81005300016841,290.4005000000325,True
577182,72.20427699985521,0.8430960001533094,145.43711299984352,1.7007350002131716,80.12740599997414,300.31262700003936,True
289222,66.74416200007727,0.7700920000388578,146.01576299992303,0.462655000092127,80.020482000009,294.0131540001403,True
372819,69.6639770001184,0.7178799999110197,144.7272630000498,0.45390399986899865,75.02278300012222,290.5858070000704,True
310072,72.36215199986873,0.7503820002057182,145.70895199994993,0.4637800000182324,80.93328599989036,300.21855199993297,True
87144,73.22953199991389,0.7509240001581929,145.1036009998461,0.4352780001681822,81.29984699985471,300.81918199994107,True
430875,67.74426100014352,0.7274629999756144,145.29278100008014,0.4394869999941875,77.69611300000179,291.90010500019525,True
60347,78.5272079999686,0.7340480001403193,145.56300599997485,0.4354029999831255,79.12878999991335,304.38845499998024,True
42070,76.54003700008616,0.7276720000390924,144.52783699994143,0.4620709999016981,79.90970500009098,302.16732200005936,True
420916,69.23114000005626,0.7065869999678398,144.19977400007156,0.45540499991147954,76.2245079999957,290.8174140000028,True
453584,72.86916600014592,0.7529229999363451,145.06158099993627,0.46098799998617324,79.28620500001671,298.4308630000214,True
296224,69.96810299983736,0.7169630000589677,145.1770400001351,0.4654469998968125,75.96681499990154,292.2943679998298,True
122606,65.77574100015227,0.7491320000099222,145.02897600004871,0.4573629998958495,76.13270000001648,288.14391200012324,True
311909,70.08635199986202,0.7572570000320411,146.13496400011172,1.688316999889139,80.1641269999891,298.831016999884,True
579893,68.93569499993646,0.8593469999595982,147.50280199996268,0.46728000006623915,77.78334799991171,295.5484719998367,True
284296,73.13245599993934,0.8218030000080034,145.29680800001188,0.44440299984671583,80.87733000002117,300.5727999998271,True
221017,74.00284499999543,0.7336310000027879,144.4033750001381,0.45827999997527513,77.75879499990879,297.3569260000204,True
315001,73.73420299995814,0.6828359998962696,146.6401019999921,0.45423799997479364,78.14711200012425,299.65849099994557,True
439715,73.86662799990518,0.742506000051435,144.32064599986916,0.46440400001301896,82.83215300002666,302.22633699986545,True
284991,70.85705100007544,0.7617989999744168,143.81869399994684,0.4374860000098124,80.24240400004601,296.1174340000525,True
389566,66.22158599998329,0.7279630001448822,146.931185999847,0.4691970000294532,76.39761399991585,290.7475459999205,True
78843,64.59052299987889,0.7290880000709876,145.06210600006852,0.443403999952352,76.56603200007339,287.39115300004414,True
122927,65.99831300013648,0.7257969998590852,147.7804290000222,0.4634470001292357,79.96204100004434,294.93002700019133,True
225532,69.23256300001412,0.7173789999797009,145.89272600005643,0.4495700000006764,80.12246900011633,296.41470700016725,True
13659,68.99275599994326,0.7715489998645353,145.36677500018413,0.4436539998096123,80.5896650001614,296.16439899996294,True
153568,69.10483999990902,0.7528400001319824,144.74059199983458,0.523574999988341,81.71201799996197,296.8338649998259,True
395633,72.36258700004328,0.7477139999991778,145.70481999999174,0.46357199994417897,81.0959370001001,300.37463000007847,True
419096,68.97832899994683,0.787801000114996,145.32921199997872,0.4406949999520293,76.42797199991946,291.96400899991204,True
203488,68.8630300001023,0.8967239998582954,145.30262100015534,1.6644390000237763,80.91899999999441,297.6458140001341,True
361268,71.9697609999912,0.7095450000633718,146.5259369999785,0.45965499998601445,80.3107930000806,299.9756910000997,True
466125,72.16756499997246,0.7597149999583053,146.61973500005843,0.45644599981642386,80.2856249999877,300.2890859997933,True
414795,73.55631999985235,0.742506000051435,145.2552729999752,0.460613000086596,90.5560629998945,310.5707749998601,True
508101,67.09677499998179,0.8010510000531212,144.80476800008546,0.4644460000235995,76.92044199984593,290.0874819999899,True
253386,65.66985099993872,0.7537559999946097,144.48933099993155,0.45948700017106603,80.58880099997623,291.9612260000122,True
222991,73.21529000000737,0.7648400001016853,144.85835499999666,0.45611199993800255,79.85350400008429,299.148101000128,True
530854,71.50821799996265,0.7493810001051315,144.84254299986787,0.4651970000395522,80.06867400013107,297.6340130001063,True
351810,70.87779900007263,0.7269630000337202,144.92517299981955,0.4604050000125426,79.70598500014603,296.69632500008447,True
338624,71.14160700007233,0.7373799999186303,145.82181400010086,0.464613000076497,85.0973689998682,303.2627830000365,True
138492,68.53819100001601,0.6858770000235381,144.66031699998894,0.4699050000454008,76.7739549999078,291.1282449999817,True
263463,69.82209800003147,0.7507980001264514,145.90325899985146,0.46352899994417385,79.3849130000126,296.32459699996616,True
226592,73.94527600013134,0.7560069998362451,143.78958300017075,0.44373699984134873,82.0152460000827,300.9498490000624,True
378454,65.03904400005922,0.7985089998783224,145.31963900003575,0.44581999986803567,78.07544900015273,289.67846099999406,True
20059,66.74464399998215,0.8056760000272334,145.87194699993233,0.4631550000340212,76.17374100004781,290.05916300002355,True
227686,73.4590270001263,0.7204209998690203,145.9367850000035,0.46336300010807463,79.79792899982385,300.37752499993076,True
476215,72.62301600007959,0.730297000018254,146.0859609999261,0.4610700000284851,79.24914499994884,299.14948900000127,True
297698,65.54002600000786,0.6800009998642054,145.68470900007924,0.4671960000450781,75.93350899992402,288.3054409999204,True
247917,68.59471099983239,0.6999610000093526,145.25564100017618,0.4599039998538501,79.0329120000024,294.04312899987417,True
439522,66.44469999991998,0.7553400000688271,145.74421299994356,1.6751059999933204,80.36203799997566,294.98139699990134,True
479448,70.13555800017457,0.7520479998675,145.0960849999774,0.4572370000914816,84.12555699987934,300.5664849999903,True
424721,66.51086300007591,0.7833409999875585,145.54943300004197,0.4556530000172643,78.86743399990337,292.1667240000261,True
26690,70.0164169998061,0.7461720001629146,147.29550099991684,0.45936200012874906,82.61696299996402,301.1344149999786,True
558854,69.37012599996706,0.7617149999532558,145.9851269999035,0.45648700006495346,82.07205100006831,298.6455059999571,True
176901,68.33246900009726,0.7436299999881157,144.79595100010556,0.45981999983268906,78.94305400009216,293.2749240001158,True
334767,70.79799999996794,0.7531720000315545,144.63414900001226,0.46523800006070815,80.7254159999502,297.37597500002266,True
301563,65.44833000020844,0.7028359998457745,145.45815800011042,0.43690300003618177,76.82554600000913,288.87177300020994,True
86755,69.02451299993118,0.7259209999119776,146.05334900011258,1.6828559998884884,80.95838000008371,298.4450189999279,True
194471,69.7244650000357,0.710045000005266,144.75334600001588,0.4653630001030251,77.07938499993361,292.7326040000935,True
420281,72.7215699998851,0.7581730001220421,148.45662099992296,0.4637790000288078,81.19964499996968,303.5997879999286,True
533206,70.14428299999054,0.7356710000294697,144.7845979998874,0.4664870000397059,81.86755199994877,297.9985909998959,True
99810,66.55592500010243,0.7474629999251192,145.3778269999475,0.4644460000235995,80.42196099995635,293.567621999955,True
334483,75.97080599998662,0.8685549998972419,145.07784900001752,0.45440400003826653,83.54103099986787,305.9126449998075,True
89670,70.99487000004956,0.7253789999595028,146.24129699996047,0.462236999965171,78.440295000064,296.8640779999987,True
482275,75.89458600000398,0.7564640000055078,145.25730099990142,0.45290299999578565,85.35142699997778,307.71268099988447,True
404805,71.24262599995745,0.7487140001103398,145.97892999995565,0.5205739998928038,79.0908680000939,297.58171200001016,True
2261,71.80366199986565,0.8352190000096016,147.2415920000003,0.5474920001233841,79.59002399979909,300.01798899979804,True
425702,70.41624199996477,0.7304620000923023,144.02987799985567,0.4300680000142165,81.9397029999891,297.54635299991605,True
36844,67.10048400009327,0.6751250000434084,144.94205599999077,0.43990299991492066,79.93574400006764,293.09331200011,True
12576,75.25270199994338,0.8473450000110461,145.4208350000954,0.4637790000288078,85.02452099992297,307.0091820000016,True
361238,73.80998600001476,0.7211290001123416,145.36103799991906,0.4670289999921806,81.17072800018832,301.52991000022666,True
108253,71.29757100005918,0.6908339998972224,144.6295610001016,0.45877799993832014,78.45851799993397,295.5352619999303,True
319935,69.98757300016223,0.7562129999314493,144.18307500000083,1.7748190000475006,83.3005269998921,300.0022070000341,True
3934,71.41887000011593,0.7574639998892962,147.3775240001487,0.46473699990201567,81.22631500009447,301.2449100001504,True
29596,67.43448900010662,0.8530109998901025,145.195620000095,0.4587369999171642,78.92978700010644,292.87164400011534,True
47740,71.86405600009493,0.7484220000151254,147.79132299986486,0.46677900013492035,81.4432349998242,302.31381499993404,True
77460,71.88564100010808,0.7579640000585641,144.67854599979546,0.46911200001886755,86.68426999997791,304.4755329999589,True
14439,73.31410500000857,0.751088000015443,146.6825309998967,0.46540400012418104,84.18418699989161,305.3973149999365,True
571893,71.0848740000074,0.8929299999635987,145.55895800003782,0.4455700000107754,83.15899900003387,301.14133100005347,True
447314,71.16862899988519,0.7577139999739302,145.77655500011133,0.4617370000232768,81.47014399992258,299.6347789999163,True
181303,66.83744299994032,0.7073770000260993,146.31975199995395,0.45715400005974516,75.99225299986756,290.3139789998477,True
58350,62.63996699999552,0.7397119998131529,144.95144500006063,0.46611300012955326,76.37756799999806,285.1748049999969,True
26465,65.98329999997077,0.7520459998886508,145.3590119999717,1.653435999969588,80.09671600007096,293.84450999987166,True
246968,72.63712899998609,0.7502959999783343,145.85704299997815,0.4683209999711835,83.97712300006788,303.68991199998163,True
536947,67.87457600012203,0.6769999999960419,145.5524229997991,0.43973600008939684,76.15612900008273,290.6998640000893,True
76731,68.19488600012846,0.727961999928084,145.8381909999389,0.46761200019318494,80.74145499995211,295.97010600014073,True
286182,77.30470000001333,0.686043000087011,146.40655899984267,0.4393190001792391,83.98352999984127,308.8201509999635,True
433980,67.81940499990924,0.6725420000748272,144.86399299994446,0.46594600007665576,74.39513600002101,288.2170220000262,True
561366,63.388914000142904,0.7133359999897948,144.86515499993402,0.4453609999472974,76.92916800010607,286.3419340001201,True
380913,70.35955299988927,0.743213000077958,145.71458299997175,1.6700610001407767,82.60164299986172,301.0890529999415,True
32887,67.78006099989398,0.6930429999556509,145.54919800002608,0.46507000001838605,75.35014700010834,289.83751900000243,True
517687,71.12580099988008,0.7538800000475021,145.34633400012353,1.8324049999591807,78.15323399995577,297.2116539999661,True
213035,70.29187400007686,0.7312949999231932,145.01373100006276,0.46577900002375827,82.30707300003814,298.8097520001247,True
399205,69.6986719999586,0.8508020000590477,145.2125349999278,0.44702700006382656,77.93255399997179,294.1415899999811,True
349837,64.52026800002386,0.7510460000048624,145.76409300002524,0.4626110001026973,81.13828399996237,292.63630200011903,True
350002,67.99272500006737,0.7814650000455003,146.26820700004828,0.4448610000054032,75.15616599994246,290.643424000109,True
131431,71.0024519999024,0.7285449999017146,144.53393400003733,1.7811930001698784,80.8287229999678,298.8748469999791,True
356248,76.54037499992228,0.6962100001146609,146.18677899989052,0.4634450001503865,84.6811589999561,308.56796800003394,True
334399,67.90408599999864,0.7541709999259183,145.38013600008526,0.4658620000554947,76.18776200001776,290.69201700008307,True
57150,65.47622899984162,0.7600050000746705,146.62546299996393,0.58566100005919,83.96548900009293,297.41284700003234,True
363666,74.66475100000025,0.7459629998720629,144.90960700004507,0.46707000001333654,86.81311800000913,307.60050899993985,True
507235,71.20986400013862,0.8466350000162493,144.5046909998382,0.4447350002010353,82.4736799997936,299.4796049999877,True
169996,73.5254230000919,0.7283779998488171,145.36728400003085,0.45915300006527104,82.72469600001386,302.8049340000507,True
226417,68.6875430001237,0.754712999878393,144.06341300013992,0.46331999988069583,81.9325630000094,295.9015520000321,True
481573,72.37722500008203,0.7193779999852268,144.72531100000197,0.5494090000865981,74.12657600002603,292.49789900018186,True
56127,78.06981800013091,0.7382950000192068,144.68239199982236,1.6579770001499128,82.41512499989767,307.56360700002006,True
123480,69.66334499998084,0.7469209999726445,146.3871640000889,0.5737430001317989,79.14821699978347,296.51938999995764,True
274687,68.4620630001973,0.715668999873742,144.95423600010326,0.45494500000131666,75.1248779999969,289.7117910001725,True
164637,70.54685000002792,0.738794999961101,146.15484000000833,0.5179490001410159,79.36672099981479,297.32515499995316,True
178028,70.86986900003467,0.7429199999933189,145.61151599991717,0.45648600007552886,80.96131899992542,298.6421099999461,True
493286,70.67164799991588,0.7359200001246791,146.06491899985485,0.4583610000281624,80.92831299995851,298.8591609998821,True
348216,72.28765600007137,0.8065489998898556,145.68575399994188,0.4552360001071065,81.07864899989181,300.313843999902,True
345027,68.03856300007283,0.7105849999788916,144.52630799996768,0.4683199999817589,78.11038499994538,291.85416099994654,True
571804,69.18134099987583,0.7493380001051264,146.22611899994808,1.6729359999771987,81.78510900006586,299.6148429999721,True
140658,73.79995599990252,0.7239609999487584,145.63160900002003,0.4607779999332706,80.62265400008073,301.2389579998853,True
102644,63.95518199997241,0.7229190000543895,144.33394599996063,0.5727010000100563,75.09435999986636,284.67910799986385,True
581615,72.34240000002501,0.7540880001215555,145.71865599987177,0.4584440000598988,79.88398399993457,299.1575720000128,True
279887,72.60079100001349,0.8901369999421149,146.24722600001405,0.46640300001854484,80.16961799989986,300.37417499988806,True
230008,68.26243599994086,0.7160019999901124,145.0503060000301,0.45377800006463076,76.47051799995097,290.9530399999767,True
284698,68.33298200012905,0.7474619999356946,147.09780599991973,1.7288129999997182,81.55953499999669,299.4665979999809,True
102356,73.20044400012193,0.7192519999534852,144.84458599986283,0.4599030000917992,80.08852900002239,299.31271400005244,True
456394,61.040448999847285,0.7272100001500803,145.22205100001884,0.4648199999337521,76.06173399994987,283.5162639998998,True
323709,67.23265699997683,0.7684639999752108,145.736498000133,1.6590169998380588,79.95959599998059,295.3562319999037,True
452122,70.3983910000261,0.7135440000638482,146.39878799994221,0.46052800007601036,80.5934669999715,298.56471800007967,True
579158,69.31778400007715,0.8447180000530352,148.16584400000465,0.4571939998641028,75.52423500010264,294.3097750001016,True
525322,69.6759639999982,0.7503369999994902,146.0879199998999,0.46544500014533696,78.86181100002432,295.84147700006724,True
33114,73.74612700004946,0.7318769999073993,145.717938999951,0.4389440000522882,81.94512299996859,302.58000999992873,True
8690,70.96133400000326,0.7313360001717228,145.46659099983117,0.43385900016801315,76.90643599994473,294.4995560001189,True
381639,70.27715999993234,0.6641229999786447,145.4065709999668,0.5424910000328964,79.17036300000291,296.0607079999136,True
217614,72.08301900004699,0.7605040000271401,145.40631999989273,0.48382099998889316,81.67789000003722,300.411553999993,True
284445,73.28925799993158,0.7202940000752278,145.59533200008445,0.4517349998423015,80.67516300002353,300.7317819999571,True
468124,68.23794899992208,0.7329610000397224,146.4092389999223,1.7853159999958734,81.52816300002996,298.69362799990995,True
187144,72.16468199999326,0.8127159999276046,146.5745830000742,0.45965200001774065,84.59313999992446,304.60477299993727,True
273198,67.46268999995664,0.7519210000737075,144.91648299986082,0.455194000096526,78.94513199994435,292.53141999993204,True
95843,72.90285199997015,0.7957979998991505,145.69610300009117,0.4845290000048408,79.574619999903,299.4539019998683,True
417779,68.23264500008008,0.7159599999795319,145.3011979999701,0.46319500006575254,76.73319800005629,291.44619600015176,True
447342,73.8388990000658,0.7532540000738663,145.08810200004518,0.45965200001774065,83.55881799980125,303.69872500000383,True
166563,71.22178400004486,0.741418999950838,144.24259300017184,0.46181899983821495,79.54969500019615,296.2173100002019,True
490125,69.85369399990304,0.7162510000853217,144.62601700006417,0.4659859998810134,83.18570200003705,298.8476499999706,True
561009,71.86402299998917,0.7680040000650479,147.16112699989026,0.5526580000605463,77.95159700003751,298.29740900004253,True
183675,75.79488400006085,0.7259189999331284,146.06826900012493,0.46319499983837886,80.29381999995167,303.34608699990895,True
290248,68.96892800000387,0.6817490000230464,145.8942429999297,0.45715300007032056,80.66683399988506,296.668906999912,True
532058,63.822283000035895,0.6998759999987669,145.48471800003426,0.5539500000395492,77.53552099984518,288.09634799995365,True
214200,68.1796700000632,0.7246259999647009,145.73285799997393,1.662724999960119,81.1537380000118,297.45361699997375,True
578093,76.24090200010869,0.698499999998603,146.58865399997012,0.568824999845674,81.35574200014162,305.4526230000647,True
369751,71.07941800018125,0.6767899999431393,144.16958199990404,0.45715300007032056,77.65535299995463,294.0382960000534,True
429011,69.19738900000993,0.7370019998234056,144.60248300019884,0.5733259999942675,81.71580399994127,296.8260039999677,True
301061,73.51898000001711,0.7392949999029952,144.52047700001458,0.45411099995362747,81.90593500012255,301.13879800001087,True
105264,66.32558499995866,0.7132509999792092,145.93504599997686,0.4671950000556535,74.93138999984694,288.37246699981733,True
267434,67.09750599998188,0.6729980000272917,145.0367009999809,0.4469440000320901,78.16704200013191,291.42119100015407,True
370711,66.36096200008978,0.763753999990513,145.21812899988618,0.44448500011640135,77.86564899993209,290.65297900001497,True
25393,62.83804399981818,0.8259660000931035,147.96444400008113,0.4624440000497998,77.16726599983303,289.25816399987525,True
471087,62.35725799979264,0.6955000001198641,145.25678099994366,0.4523610000433109,77.16664000008677,285.92853999998624,True
106757,70.29498100018827,0.8853859999362612,145.81523199990443,0.47836099997766723,80.41933499998777,297.8932949999944,True
183648,74.27996799992798,0.7438780000939005,143.88640599986502,0.4559020001124736,81.4070090000314,300.77316300003076,True
358525,67.0349869999427,0.7979230001637916,140.3951429999779,0.46085999997558247,76.8943240000226,285.5832370000826,True
49269,70.23846999982197,0.7524610000473331,144.92716299992026,1.8360680001023866,80.8908110000175,298.64497299990944,True
79144,76.27624600013405,0.7525029998305399,146.58980300009716,0.45919400008642697,81.12515899983919,305.20290499998737,True
519688,70.92512899998837,0.7240850000016508,145.64518899987888,0.45698500002799847,76.47237400010454,294.22376200000144,True
431727,71.64512899998954,0.7466700001259596,145.0638629999048,0.46102700002847996,79.209536999997,297.1262260000458,True
130699,73.91984800005957,0.7620870001119329,144.69534099998782,0.46402799989664345,84.73082199998316,304.57212600003913,True
215245,70.90691799999149,0.7089169998835132,145.57763300012994,0.45794299990120635,77.83586400000786,295.487274999914,True
91921,74.83814300007907,0.7488359999570093,146.9152080001095,1.6679319999184372,81.49208000008912,305.6621990001531,True
218424,72.64151300000776,0.735752000082357,145.28819399993154,0.4636529999970662,80.07987100017999,299.2089830001987,True
473974,71.17796800002907,0.7424190000620001,146.05286400001205,0.4543179998108826,75.87819800005491,294.3057669999689,True
405249,69.37327099990398,0.8975120001650794,145.58431999989807,0.4588609999700566,83.20858900015082,299.522553000088,True
235784,72.03613699994094,0.7563359999949171,145.94275900003595,0.4545269998743606,81.48894600003587,300.67870499988203,True
521540,69.40985599999294,0.7092920000104641,145.08741600002395,0.46419499994954094,77.32215700002598,292.9929160000029,True
537506,68.65022300007695,0.7557940000424423,146.2491360000513,1.6947669998899073,83.61531300010938,300.96523300017,True
119445,72.49078099994222,0.8605919999808975,144.24768499998208,0.46036000003368827,82.33952899990982,300.3989469998487,True
507015,67.18925999985004,0.8384660000047006,145.16411399995377,0.4538180000963621,76.98954600004981,290.6352039999547,True
173830,66.5533050000704,0.7365849999132479,145.16823300004944,0.47369499998239917,74.49576600015462,287.4275840001701,True
356498,67.71336599990718,0.8794679999937216,145.61862499999734,1.7838969999957044,81.59155900011683,297.5869150000108,True
435081,71.61372100017616,0.690081999891845,146.4415899999949,0.46440300002359436,93.07644399996207,312.28624000004856,True
18575,64.3738360001862,0.6687479999527568,145.54974499992568,0.4336090000833792,78.583166000044,289.609104000192,True
373315,65.38755599990509,0.6596220000574249,146.5925420000076,0.4956539999056986,76.47795800016866,289.61333200004447,True
227765,62.63843600004293,0.7999629999630997,146.50566199998138,0.45998500013411103,81.36624600001596,291.7702920001375,True
13546,65.89508499996555,0.7512940001106472,144.91181800008235,1.6880579998996836,81.47629399991274,294.72254899997097,True
67310,74.91065399995023,0.7425439998769434,145.97578200005046,0.5330310000317695,81.30556700007219,303.4675779999816,True
125936,65.2395820000038,0.8449240001482394,145.80522999995083,0.4659859998810134,78.9578450001045,291.31356700008837,True
389109,70.11236799985454,0.7171669999479491,144.56849100020008,1.8611919999784732,83.64949599990723,300.9087139998883,True
322211,76.4034870001069,0.669247999894651,146.74648800018986,0.4609430000073189,80.6053509998037,304.88551700000244,True
184384,67.6478830000633,0.6828309999491466,146.00701799986382,0.4519850001543091,76.27351299993279,291.06322999996337,True
426329,70.04956499986292,0.7543780000105471,145.83146600011787,0.46081899995442654,84.25852200002737,301.35474999997314,True
128476,72.14797999995426,0.7378770001196244,144.8906599998736,0.46673600013491523,82.95010799997726,301.19336100005967,True
414034,67.32777299998816,0.8015890000478976,146.27555899983236,0.45815199996468436,77.31114900002467,292.17422199985776,True
450488,66.13220300005196,0.7534609999311215,146.13417700002174,0.465693000023748,81.71111499996186,295.19664899999043,True
99182,63.97491099983199,0.8525079999799345,146.65187300010984,0.4543190000276809,81.43101499990735,293.3646259998568,True
51738,64.36380900004224,0.7186249999904248,146.41988700009279,0.4496089998156094,76.73331600017264,288.6852460001137,True
99039,69.66356900011306,0.7511280000471743,144.9539249999816,0.4669859999921755,83.99315599990587,299.8287640000399,True
75456,71.13044700008686,0.7147910000639968,145.67384299994046,0.44444300010582083,80.18672499997592,298.15024900017306,True
134882,73.95115299982535,0.6997909999881813,145.11422200007473,0.44177600011607865,79.91090899986375,300.1178509998681,True
442323,69.590640999877,0.7262090000494936,144.45813099996485,0.45915200007584644,81.6321350000635,296.8662680000307,True
232489,73.94435300011537,0.9018859998377593,144.7361059999821,0.46827699998175376,75.88788300017768,295.93850500009466,True
351823,68.51399499987565,0.69945700010976,145.8003769998868,0.4310250001253735,75.48269199992319,290.92754599992077,True
65736,66.88456000006227,0.7227920000332233,145.31237400001373,1.8386909998753254,82.36446000000797,297.1228769999925,True
1000,72.23470500002804,0.8668419998230092,145.72248100012075,0.46198599989111244,82.88224000011724,302.16825399998015,True
379842,72.00398300005872,0.7395429997814063,146.02783200007252,0.4565270000966848,79.31211599998278,298.5400009999921,True
13923,73.43023200019161,0.723249999964537,145.9280219999073,0.46390200009227556,84.02479799997309,304.5702040001288,True
559543,66.21943100003591,0.7275420000496524,144.4700600000033,0.45840199982194463,78.48026800002117,290.35570299993196,True
185890,71.88621800014516,0.7617530000061379,147.57073999999193,1.8246899999212474,80.98412100002861,303.0275220000931,True
357978,70.22737199986295,0.7497100000364298,145.12547100002848,0.46285999997053295,82.52036900012172,299.0857820000201,True
129492,67.34903100004885,0.7471270000678487,146.9719819999682,0.4543180000382563,76.98917299990171,292.51163100002486,True
261097,67.75855499995487,0.8885510001164221,145.24396499996328,0.4604440000548493,82.15843099992526,296.5099460000147,True
410510,70.79977199987297,0.7363350000559876,145.16962700008662,0.4642769999918528,82.70525499983705,299.8752659998445,True
39951,66.21770799984006,0.7942130000628822,147.66096500011372,0.43598299998848233,75.70859199995539,290.81746099996053,True
306700,69.55577600001561,0.7398350001039944,145.0602729998991,1.680888999999297,82.04933299998629,299.0861060000043,True
146457,73.04868699998224,0.7045410000046104,146.4707709999402,0.46302700002343045,83.96473600009813,304.6517620000486,True
214224,65.75597299979563,0.7040410000627162,145.03297200008092,0.45335999993767473,77.09095499990326,289.0373009997802,True
332845,70.2468519998547,0.7376670000667218,145.50957599999492,0.46131799990689615,81.12260500001867,298.0780179998419,True
255483,72.57619399979376,0.8247970001775684,144.90862499997093,0.4602340000019467,81.618509000009,300.3883589999532,True
222455,70.8487189999687,0.7269170000654412,147.188172000142,0.5433229998743627,76.05467899998075,295.36181000003126,True
187271,64.29225000010774,0.8632579999812151,145.87233199995353,0.4634019999230077,75.7739540001694,287.2651960001349,True
462629,68.2537699999557,0.884592999909728,146.99706300007165,0.45311000008041447,83.19775699987986,299.78629299989734,True
544565,74.66038999996272,0.7349170000452432,146.17810000004283,0.45098399982634874,77.78223700006492,299.80662799994207,True
369771,70.72282499984794,0.7307920000130252,144.94747200001257,0.46119300009195285,82.43545499999527,299.29773699996076,True
35963,78.17591799994261,0.6969149999349611,144.33310300000812,0.5768250000528496,80.79465299988442,304.57741399982297,True
289516,72.17186399998354,0.7465430001047935,144.51252999992903,0.46215199995458534,78.95383799996125,296.8469269999332,True
334309,72.76848200012864,0.9208439998928952,146.35116800013748,0.45319299988477724,82.57553800012829,303.0692250001721,True
452084,72.55071199983831,0.7246659999964322,145.91838800015466,0.4629850000128499,77.32256999997844,296.9793209999807,True
301718,65.80128200016588,0.7125829999949929,146.39608199991017,0.46198399991226324,78.11624100008885,291.48817200007215,True
429598,64.53954399989925,0.718583000207218,144.92207999978746,0.4545260001123097,76.69844599990938,287.3331789999156,True
165257,67.02888800009532,0.8776749998560263,145.18699800009927,1.6938889998527884,81.91603400018721,296.7034840000906,True
93437,71.00724099996114,0.7572100000743376,144.89360599986867,0.46256800010269217,83.06318299992199,300.18380799992883,True
413552,66.71587000005275,0.723375000006854,144.417828999849,0.4561509999803093,76.00177800009078,288.3150029999797,True
62025,70.40816399990035,0.7337510000979819,146.0061959999166,0.46352699996532465,81.3502010000775,298.96183899995776,True
17379,74.67565199999626,0.7261670000389131,147.48794799993448,0.45556800000667863,80.87063199991462,304.21596699989095,True
176778,69.42931000003227,0.7259999999860156,145.0169319998622,0.5256550000467541,76.32332999992286,292.0212269998501,True
104572,72.04170999989401,0.7562939999843366,144.20187900009296,1.7172640000353567,81.56666399986534,300.283810999872,True
90108,69.52214199986884,0.7155410000905249,145.98201400008293,0.46602699990216934,76.17973099991104,292.8654549998555,True
157124,70.07279899994501,0.7477090000520548,145.42610699982106,2.1095790000345005,80.8269139999993,299.1831079998519,True
89556,74.24516199989739,0.7608770001752418,145.0865879999128,0.46102600003905536,85.20795200001885,305.76160500004335,True
266206,68.58124799987309,0.6955399999242218,145.68714900019586,0.4571509998640977,76.49999199998092,291.9210799998382,True
86220,70.50398300020788,0.7518759998674795,145.16478600012306,0.4607349999332655,81.06058499993196,297.94196500006365,True
508602,73.42235700002675,0.7585850000850769,148.41280499990717,0.5186130001675338,81.23709500000587,304.3494550001924,True
10363,69.48654900020301,0.9008849999645463,143.69106300000567,0.5679070000041975,80.38945599992076,295.0358600000982,True
17178,72.94611499992243,0.736375000087719,146.14553599994906,0.46473400016111555,82.20164299996213,302.49440300008246,True
507975,70.76657399989017,0.8733000001939217,147.0405860000028,0.46031799979573407,78.2126240001162,297.3534019999988,True
314177,70.69644500006689,0.7526679999045882,144.60123399999247,1.7949770001450815,80.4084490000605,298.25377300016953,True
313182,72.69001000008757,0.7307079999918642,145.54932100008955,0.4641089999495307,82.73953999992045,302.17368800003896,True
538364,69.66483699989112,0.7415840000248863,144.9593710001409,0.45865099991715397,77.66200099990783,293.4864439998819,True
149406,78.39945900013845,0.756251999973756,144.85003000004326,0.46060999989094853,80.6829610000932,305.1493120001396,True
180383,71.82853700010128,0.731915999949706,145.2548319998641,0.46540100015590724,80.97276399985276,299.25344999992376,True
402433,67.69059400016886,0.7265409999490657,144.62921199992707,0.4554849999749422,75.00705000006747,288.5088820000874,True
449996,69.20542900002147,0.7406260001516785,144.6564639998087,1.7249730001367425,81.56088099985936,297.88837299997795,True
168619,73.46221300008438,0.7259169999542792,144.908088999955,0.46185900009731995,79.66297400002986,299.22105200012084,True
209613,70.57895900015865,0.7067069998356601,144.49102399998992,0.49390300000595744,77.59798200004298,293.86857500003316,True
103548,75.25201599992215,0.7518340000842727,144.94088299989016,0.45998399991731276,82.57747300012852,303.9821899999424,True
469652,74.57522699996844,0.7495840000046883,144.79241200001525,0.4679849998865393,80.84024100003262,301.42544899990753,True
15338,68.89081500003158,0.7052060000205529,145.85633699994105,0.4566509999222035,76.14547500020308,292.05448400011846,True
512564,71.01297700000941,0.7625430000643973,144.90549099991767,1.6656360000979475,82.63600899999801,300.98265600008745,True
336658,74.1106509999554,0.709374000052776,144.72914800012404,0.4631089998383686,82.69759400013754,302.7098760001081,True
568439,70.52356700000928,0.7115819998944062,145.71848099990348,0.4629850000128499,79.3108130001201,296.7274279999401,True
372317,72.08115499997803,0.7225399999697402,146.493984000017,0.4345659999671625,81.30396799992923,301.03621299986116,True
476704,72.89420100005373,0.7076649999362417,145.80690299999333,0.4355670000677492,81.50810400002229,301.35244000007333,True
260266,74.85089500005415,0.7147070000428357,146.51917899982436,0.5251550001048599,81.69860599991807,304.3085419999443,True
106048,67.66689899995981,0.7232069999645319,146.67085400014912,0.45710899985351716,76.18308800010709,291.7011570000341,True
177893,63.085140000112006,0.7074989998727688,144.4534790000489,0.4590670000652608,75.71026999994501,284.41545500004395,True
479099,75.61768100003974,0.8877999998730957,144.54835600008664,0.46285999997053295,78.79835199992158,300.3150489998916,True
269196,73.21020400013367,0.7513339999150048,145.96146700000645,0.45523399990088365,82.10449700004574,302.48273600000175,True
315450,67.71877100004531,0.7945449999624543,145.50285700011045,0.5295299999943381,77.12579999997615,291.6715030000887,True
171050,64.55509199986409,0.7289160000709671,145.0083300001097,0.47310999980254564,76.11949300007836,286.8849409999257,True
243867,66.70295699996132,0.7547929999418557,145.9478270001,0.4615670000021055,81.97260699989783,295.8397509999031,True
263594,70.62359399992602,0.735208000151033,146.02858099988225,0.4552340001282573,83.0322909998813,300.87490799996885,True
147725,68.51489200016658,0.7209149998743669,146.24642700005097,0.5151539999133092,78.73609200009923,294.73348000010446,True
88432,67.02680799980953,0.6988730001467047,145.080685000039,0.4551089998585667,76.92714900008468,290.1886239999385,True
272364,68.4519649998947,0.7447080001838913,145.9701059998224,0.575032000142528,80.12974600001144,295.87155700005496,True
138979,72.59623899994949,0.7268320000548556,145.05709600007322,0.4317329999139474,82.06785399988803,300.87975399987954,True
519491,68.63184999997429,0.7165399999848887,145.35573800003476,0.4401910000524367,75.86758399997962,291.011903000026,True
100283,65.58825700017223,0.8152539999173314,145.61477999995986,0.46423399999184767,76.48645000017495,288.96897500021623,True
563653,71.20740499999556,0.7605840000906028,146.19189599989113,1.6660930000398366,85.0398039999618,304.86578199997894,True
345361,70.72421099996973,0.7362910000665579,147.46909199993752,0.46456800009764265,82.07930499997929,301.47346700005073,True
113051,68.14847999999074,0.7307070000024396,146.30093000005218,0.5233619999671646,75.52476399996522,291.22824299997774,True
286708,63.38621100007913,0.7985029999417748,140.00132699993628,0.46148399997036904,75.9738730000663,280.62139799999386,True
475732,67.45360499985509,0.7469170000149461,145.02194100009547,1.7696410000098695,80.83185199984655,295.8239559998219,True
108244,67.05870800010416,0.7334990000344987,145.45383599988781,0.4624840000815311,78.49054799999067,292.1990750000987,True
121153,68.40831799991065,0.7214980000753712,146.02369199997156,0.465693000023748,73.26754800010349,288.8867490000848,True
23230,71.3761090000844,0.716664999799832,144.23721700018177,0.45844199985367595,76.68469700001879,293.47312999993846,True
73702,71.4070270000775,0.754916999994748,144.83625100001518,1.648216999910801,81.92811300000358,300.5745250000018,True
86483,70.61380999994071,0.7171649999690999,144.73039699987567,0.4590260000441049,81.6437160001442,298.1641139999738,True
521141,69.25494200004323,0.7562499999949068,144.48559299989938,0.4504830001224036,82.85303299999214,297.80030100005206,True
61268,73.66897900010372,0.7298329999230191,146.0992229999647,0.46840200002407073,81.38578400007646,302.35222100009196,True
393093,68.3631009999317,0.8621310000762605,145.91066000002684,0.4548590000013064,76.31278600001679,291.9035370000529,True
493566,67.5182559998575,0.8531720000064524,145.3055829999812,0.4670260000239068,81.12372100003995,295.267757999909,True
191471,68.3895960000882,0.7037889999992331,145.3886709998642,0.4588580000017828,74.92800199997873,289.86891599993214,True
11122,72.22305899995263,0.7674179998957698,148.36066800012304,1.7395959998793842,81.2415120001333,304.3322529999841,True
198510,76.63337999997566,0.7905020001999219,146.587640000007,0.4627339999387914,75.31880800002,299.7930640001414,True
126592,70.95673200001329,0.756874999979118,148.58283400008077,1.8173099999785336,82.31181999985893,304.42557099991063,True
416269,73.71046800017211,0.7539999999153224,146.14332399992236,0.46419199998126714,79.16660500018224,300.2385890001733,True
133567,69.15654300019014,0.7142889999158797,146.18139599997448,0.45444100010172406,76.56970399989405,293.0763730000763,True
521052,70.79375800003618,0.7274989998222736,144.85153000009632,0.45881699998062686,81.18041700004142,298.0120209999768,True
332318,73.73488000007455,0.7027469998774905,149.14747600005285,0.4546919999484089,85.01771300007022,309.0575080000235,True
186296,68.46358699999655,0.6911220000347384,146.43073399997775,0.46152599998094956,76.60928099994635,292.65624999993634,True
415990,69.0808649999326,0.7602499999848078,144.8361410000416,1.6599670000232436,83.75938499989388,300.09660799987614,True
187236,73.15709099998458,0.7485410001208948,145.20020299983116,0.4643170000235841,80.18510500005505,299.75525700001526,True
271728,67.89542399997117,0.8606310000232043,146.55665100008264,0.46535899991795304,79.80640899995706,295.584473999952,True
460147,70.64940400005071,0.8190870000817085,145.49099700002444,0.4620669999439997,85.84040899995671,303.26196400005756,True
200667,73.18779399997766,0.6730370000695984,146.32920999997623,0.45456699990609195,78.63142700011849,299.27603500004807,True
77595,72.02577099997143,0.7334160000027623,148.70284099993114,0.4654840001876437,81.83985400000893,303.7673660001019,True
278463,67.2635440000704,0.6726619999426475,144.95082799999182,0.4629430000022694,77.41210299991508,290.7620799999222,True
190140,64.18499899996277,0.7316649998756475,145.56277900010173,0.5164039998817316,75.52141500013931,286.5172619999612,True
476810,69.20456700004252,0.7661259999167669,146.89881100002822,0.46064999992267985,79.0914869999142,296.4216409998244,True
540280,71.97138700007599,0.746958000036102,147.68880699989495,0.45581700010188797,80.73861299999407,301.601582000103,True
126216,69.5122029999311,0.7046640000680782,147.17902099982894,0.4635260002032737,75.73787799992715,293.59729199995854,True
32901,67.68114400006198,0.6892039998547261,147.7356770001279,0.4659419998915837,80.1596230000996,296.7315900000358,True
407960,67.58563800008233,0.8162950000496494,144.69046799990792,0.45594099992740666,81.16538000012952,294.7137220000968,True
84270,73.13101999989158,0.8217950000926066,145.44228699992345,0.46456700010821805,85.61087299995052,305.4705419999664,True
267191,71.3642149999032,0.7145399999899382,144.28964000012456,0.45606699995914823,77.3919210000713,294.21638300004815,True
422836,63.88430399988465,0.7536660000369011,144.97142799996254,0.4646500001399545,82.15080800005126,292.2248560000753,True
493613,71.50392800008376,0.7519989999309473,145.50911099991026,0.46340100016095676,80.66530199994304,298.89374100002897,True
217948,71.46679700008463,0.7182059998740442,146.84393400011686,0.4620669999439997,76.91780499999368,296.4088090000132,True
317024,70.83034599986604,0.740832000019509,145.37364500006333,0.6024500000876287,80.37391099992419,297.9211839999607,True
463522,73.18701700000929,0.7205399999747897,146.32302500012884,0.4646509999020054,82.98492099993382,303.68015399994874,True
213547,67.85875999980817,0.7085390000156622,144.41066200015484,0.46585899985984724,78.17595000005895,291.61976999989747,True
456015,70.63895400006004,0.7399979999718198,144.67859399996996,1.7714719999730733,82.21129600019594,300.04031400017084,True
547886,71.95152600002075,0.7915850001154467,144.11385499988683,0.4627749999599473,81.81189400011135,299.1316350000943,True
124975,68.02080400007071,0.7170809999479388,145.70088599998599,0.45373400007520104,75.58484199989834,290.4773469999782,True
378453,67.43193899978905,0.7549990000370599,144.81796300015048,0.4587339999488904,81.54125200007911,295.0048870000046,True
69356,72.26874499997393,0.7164140001805208,147.37518599986288,0.46473399993374187,78.48425100019085,299.3093300001419,True
162415,65.75038699998004,0.73466499998176,145.60686799995892,0.4601919999913662,76.12232400015273,288.6744360000648,True
274708,65.47028399995725,0.7079970000631874,147.02669600001173,0.4593999999542575,78.31035999993219,291.9747369999186,True
377113,66.6531809999924,0.7535409999945841,145.44281799999226,0.46085799999673327,82.80981400002929,296.12021200000527,True
79651,69.60888499997964,0.7663750000119762,145.69607800012818,0.4578579998906207,81.73366500000157,298.262861000012,True
104669,66.17648299993562,0.7924179999463377,146.08288199997332,0.461399999949208,77.98004300002503,291.4932259998295,True
439994,72.85451399980047,0.7590000000163855,145.96416600011253,1.651422999884744,81.20305300008113,302.43215599989526,True
430377,73.25740999999653,0.7268729998486378,144.4053730001542,0.4636090000076365,80.91915999989396,299.772424999901,True
512776,64.94891000011194,0.7253310000123747,144.94372299986935,0.44314900014796876,76.43278499995176,287.4938980000934,True
95155,70.23248900009094,0.7324569999127561,144.11605200007216,1.7959730000711716,81.8457049999779,298.7226760001249,True
184978,75.17942499998753,0.8218370001031872,145.47883499994896,0.46373300006052887,81.73707399987507,303.68090399997527,True
199055,70.88290000001507,0.7648330001757131,145.71129399996607,0.4605669998909434,75.18321099996683,293.00280500001463,True
431848,69.24467900012132,0.8108359998004744,145.4405700001189,1.6522149999218527,81.19603700015432,298.34433700011687,True
333772,70.75251100013702,0.8567129998482415,147.46201399998426,0.5413210001279367,80.93843999995443,300.5509990000519,True
128699,69.1622169999846,0.7602499999848078,145.7011649999913,0.45827500002815214,81.73551799995948,297.81742499994834,True
121591,73.0590470000152,0.722040000027846,146.03817200008962,0.46098400002847484,81.37599799988493,301.65624100004607,True
176799,67.55949799980954,0.7338740001614497,145.6433589999051,0.4545670001334656,76.49719099981667,290.8884889998262,True
424521,67.70879900000182,0.758498999857693,148.1224110000312,0.45919200010757777,79.0890399998716,296.1379409998699,True
254016,74.83226199997262,0.7442900000569352,146.08320399997865,0.45510800009651575,86.8535790000351,308.9684430001398,True
523807,65.78006200015807,0.7159560000218335,145.07560799984276,0.46390000011342636,77.38798299988048,289.42350900001657,True
73946,68.91394099989157,0.7613330001277063,145.19257200004176,1.7585959999451006,79.84719899991433,296.47364099992046,True
230819,71.76738699990892,0.7259559999965859,144.75491400003193,0.46231600003920903,81.42356999996991,299.13414299994656,True
82715,70.42822499988688,0.7808339998973679,145.62129099999765,0.45715000010204676,75.78805599996485,293.0755559998488,True
85195,70.46697700002369,0.7472490001418919,146.79377099992053,0.4619409999122581,79.1284040001301,297.59834200012847,True
435299,68.80417899992608,0.6977460000143765,144.63853000006566,0.46777500006101036,75.30752399998164,289.91575400004876,True
50828,63.46525999992991,0.710788000105822,145.20275599988963,0.4649420000077953,76.20273900010943,286.0464850000426,True
27696,68.90638599998056,0.7587909999529074,146.1949760000607,1.6551730000173848,81.85437699989961,299.36970299991117,True
62808,69.71676399984972,0.8327110001573601,145.87987599998087,0.4622750000180531,82.66700399985893,299.55862999986493,True
497344,68.08754799999406,0.7397480001145595,146.08591599994725,0.4640669999389502,80.49517199992806,295.8724509999229,True
361147,73.91952599982687,0.7310810001399659,144.51216399993427,0.46135799993862747,84.5173469999736,304.14147599981334,True
541123,73.0772720000914,0.730580999970698,145.42483800005357,0.46177499984878523,81.68411100018602,301.37857700015047,True
163611,71.89166599982855,0.7118720000107714,145.8643150001535,0.4609420000178943,77.79043599998658,296.7192309999973,True
10707,63.13814700001785,0.7077879999997094,145.79492899997604,0.46252500010268705,78.31379799995375,288.41718700005003,True
409630,65.68495099986649,0.8362120001947915,146.25457799979813,0.4364410001471697,82.06795699993563,295.2801389999422,True
343706,75.20583899986377,0.7411230001252989,145.37003099985668,0.4384400001526956,78.82157099993492,300.57700399993337,True
199395,72.54193900007522,0.7529569998041552,146.37715600019874,0.46689999999216525,84.46349599989844,304.6024479999687,True
514797,64.73972799994954,0.7336229998600174,145.4635230002168,0.4614409999703639,75.62960499990368,287.0279199999004,True
486104,63.51132800000414,0.8295449999877746,146.7285080000238,0.45510800009651575,78.69793600002595,290.2224250001382,True
514586,67.46716599991487,0.7647080001333961,145.95982899982118,0.4615670000021055,81.45820200002163,296.1114719998932,True
279774,73.71724500012533,0.7259980000071664,145.6500199999482,0.4610670000602113,82.04081700000643,302.59514700014734,True
474078,69.48672699991221,0.7444150000992522,144.73484700010886,0.461065999843413,76.59794200003489,292.0249969999986,True
872,71.34728500000165,0.8455450001747522,145.07656999990104,0.45510700010709115,76.97312199979933,294.69762899998386,True
32038,63.55823700005203,0.7635409999693366,145.0938949999454,0.4601919999913662,81.05338199993639,290.92924699989453,True
261732,72.9902000000493,0.834669999903781,143.82778499998494,0.4651500000818487,81.41231800004789,299.53012300006776,True
12120,67.43819500002246,0.7186210000327264,145.8640620001006,0.43818999984068796,80.13466500005961,294.5937330000561,True
346638,68.55362400006015,0.7293720000234316,145.29001799996877,1.6614219998700719,82.55258100007268,298.7870169999951,True
306139,72.42545499980224,0.8066680002229987,145.46431899998424,0.4611919998751546,85.19509600000674,304.3527299998914,True
534601,67.51077600006283,0.7339979999869684,146.68650899989188,0.5231950001416408,79.7971829999824,295.2516610000657,True
288391,73.5290149998491,0.7499150001422095,146.42269199998736,0.44277400002101786,81.71911199997339,302.8635079999731,True
564091,70.57289299996228,0.7339969999975438,144.2622009999468,0.4418149999310117,81.04120100006185,297.0521069998995,True
531771,68.36273199996867,0.7064129999889701,145.0434089999817,0.4646910001611104,76.44162299993695,291.0188680000374,True
280930,67.21412900014911,0.7607079999161215,144.96127799998249,1.719216000083179,81.18966099982572,295.8449919999566,True
113867,80.89856099991266,0.7493729999623611,145.99336500009485,0.46098200004962564,80.77455500006181,308.8768360000813,True
159282,66.67876200003775,0.7062459999360726,144.24652100001367,0.4631080000763177,74.95316099993943,287.04779800000324,True
97585,67.78469599998971,0.6990370000039547,144.90447299999687,0.4575660000227799,76.24556299992946,290.0913349999428,True
349678,70.72080600005393,0.8401699999467382,145.19589199994698,1.6440880001482583,80.78133999993042,299.1822960000263,True
384136,70.57175499994628,0.7257470001604815,146.05577199995423,0.46198299992283864,80.07067700009429,297.8859340000781,True
173057,70.47983399979785,0.7205379999959405,145.4526980000992,0.46352499998647545,79.93942000007337,297.0560149999528,True
475572,69.8849269999755,0.7429559998399782,145.78845700020793,0.4488569998102321,82.69601900019552,299.56121600002916,True
549136,67.3725789999935,0.7716659999914555,144.73823100001937,0.4446899999948073,80.60294899996734,293.93011499996646,True
405691,74.36145099995883,0.7251220001762704,144.85756999988553,0.60361600003489,85.34528399991359,305.8930429999691,True
228214,72.64723500020409,0.8817129998988094,145.2910929999689,0.4544830001123046,80.42176499998277,299.69628900016687,True
183709,70.46623799988083,0.7467479999831994,147.38427600013893,0.46048199988035776,84.46410500005186,303.5218489999352,True
57672,68.12248799997178,0.6940789999134722,146.13983399999597,0.4536490000646154,82.0447690000492,297.45481899999504,True
138639,70.13580400007413,0.7590820000586973,146.48643600003197,0.46502500003953173,84.59098699995593,302.43733400016026,True
110884,71.94022699991365,0.7179960000485153,144.4308570000885,0.46031599981688487,76.18607700010216,293.7354729999697,True
462614,72.972990000153,0.7456220000676694,144.92059199983487,0.4608990000178892,80.09074100004909,299.1908440001225,True
283785,69.76156999985506,0.7445810001627251,145.11564299982638,0.4655250002087996,84.52401799991094,300.6113369999639,True
523175,69.24779199994191,0.7205389999853651,145.92646799997055,0.4411489999256446,81.19520900004318,297.53115699986665,True
139099,75.24514500005353,0.7503729998461495,146.27831799998603,0.458566000133942,85.47643599990806,308.2088379999277,True
467511,69.41808700003094,0.6986619998770038,144.933913000159,0.45573299985335325,75.69525200005955,291.20164699997986,True
59920,70.5507719999332,0.8524200000010751,145.74691400002848,0.4608990000178892,80.63059000005524,298.2415950000359,True
291791,77.8546510000524,0.7471229998827766,144.58396600002743,0.4538160001175129,80.91677099992012,304.55632700000024,True
343934,72.59962399984943,0.7294130000445875,144.3680800000493,0.4651080000712682,76.36373899981663,294.5259639998312,True
273551,71.43572900008621,0.8903800001007767,145.62389599996095,1.6740050000407791,81.09619799984102,300.72020800002974,True
513580,72.1661799998401,0.7331630001772282,145.3538700000081,0.46094099980109604,81.12677600001916,299.8409299998457,True
213816,69.46812000001046,0.71853800000099,145.9675270000389,0.45727399992756546,75.2264230000037,291.8378819999816,True
194832,68.78741700006685,0.7360810000136553,146.16641199995684,0.45994099991730764,81.18502900015301,297.33488000010766,True
77396,72.88146600012624,0.7337469999129098,145.24439699994218,0.45760800003336044,82.81494099992415,302.13215899993884,True
101787,69.43086199999016,0.8438780000687984,145.33743999982107,0.46402400016631873,76.07937899979333,292.1555829998397,True
221754,69.20489199978874,0.831586000003881,145.94618000000992,1.76217600005657,83.93620900005772,301.6810429999168,True
522751,69.75737900006607,0.8419610001055844,145.25076899985834,0.4689830000188522,81.9076780001069,298.22677000015574,True
566436,69.21276200000648,0.6777020000754419,146.41144300003361,0.4539399999430316,75.49405000008846,292.24989700014703,True
503841,66.07017999999698,0.7774989999234094,145.5212300002131,0.4449809998732235,76.35917900006461,289.17306900007134,True
274272,65.21467700008543,0.6824100000812905,145.7421999998587,0.4631490000974736,77.30027000002337,289.4027060001463,True
305343,67.8370210000594,0.7577069998205843,144.67950600010226,1.8219290000160981,81.19417600005363,296.290339000052,True
127092,73.69328299978406,0.8853799999997136,148.34211500010497,0.4601910000019416,83.3704570000009,306.7514259998916,True
507797,67.52608399983728,0.7499560001633654,145.28632999986257,0.45777400009683333,78.3634859999438,292.38362999990386,True
146498,71.370411000089,0.7392049999452865,146.81002899988016,0.4619000001184759,80.39525200001663,299.77679700004956,True
315492,71.65837899992766,0.7384969999293389,145.84180500014554,0.46519199986505555,76.10244400007105,294.80631699993864,True
482477,63.702378000016324,0.7256629999119468,146.28599499997108,0.43214800007262966,75.67379700003585,286.81998100000783,True
297396,66.74920499995096,0.7313710000289575,144.78058400004556,1.6621699999177508,83.30381900009343,297.22714900003666,True
369675,74.58289999999579,0.6965370000671101,147.6241369998661,0.45814800000698597,82.45722900005603,305.818950999992,True
151857,67.42744300004233,0.6827859999702923,144.79940599994734,0.4554820000066684,75.70887599990783,289.07399299987446,True
505638,71.81442199998855,0.8220429999710177,144.79607200019018,0.4601910000019416,80.41382999999769,298.3065580001494,True
475387,75.98864000010508,0.7357889999184408,144.80622800010678,0.6042399998023029,83.48427500004618,305.6191719999788,True
70254,68.66275199990923,0.7267880000654259,147.61441599989666,0.4497730001276068,78.48872399995344,295.94245299995237,True
539143,71.96925800008103,0.7427890000144544,144.85931400008667,1.730006999878242,79.64232500012258,298.943693000183,True
508917,72.99097800000709,0.7232469999962632,146.003243999985,0.4627329999493668,82.20682699993631,302.387028999874,True
448410,69.91085300001032,0.7247040000493143,140.59074700003293,0.45452299991666223,81.38695200000257,293.0677790000118,True
316054,72.5313229997937,0.7356210001034924,148.09076300002744,0.46589899989157857,81.36949200002164,303.19309799983785,True
201148,72.91646800013041,0.7454969997979788,145.33899400021255,0.5644459999984974,80.03867100001116,299.6040760001506,True
231169,68.28688800010241,0.704412000004595,144.8223299998972,0.44314800015854416,76.32780699987052,290.58458500003326,True
511999,70.80130999997891,0.7540809999682097,146.0095590000492,0.45844100009162503,81.75938099998348,299.7827720000714,True
488664,72.46148099989114,0.7291629999599536,144.8698740000509,0.4634829999758949,81.12363899999764,299.64763999987554,True
444879,69.48311699989063,0.7268290000865818,143.4171260000312,0.4519399999480811,74.99406500005534,289.07307700001184,True
287874,72.6233579998734,0.7471220001207257,145.9339599998657,1.6460020001431985,82.35873899980106,303.3091809998041,True
297022,69.75350100015021,0.8670859999710956,145.8162869998887,0.45877399998062174,81.39427200012506,298.28992000011567,True
407083,69.52052999986336,0.7337459999234852,144.59130400018694,0.580196999862892,74.67462600016006,290.10040299999673,True
212226,67.49641999999767,0.7383300001038151,146.04611999993722,0.4617330000655784,81.66807099996731,296.4106740000716,True
394206,73.70053299996471,0.7538310001109494,146.3098839999475,0.45385699991129513,82.70379200007483,303.92189700000927,True
220858,70.57349599995177,0.7435380000515579,144.0890199999103,0.46306500007631257,83.94589799991081,299.81501699990076,True
244411,73.73740399998496,0.8252519999132346,145.65288000017063,0.4623989998435718,81.16099700009727,301.83893200000966,True
289741,69.35651000003418,0.7097039999734989,146.82706600001438,0.4573569999593019,80.85994000020946,298.2105770001908,True
453166,69.1217900000538,0.7587889999740582,146.07936099992003,1.6534190001493698,82.75357999991684,300.3669390000141,True
6894,67.91747699980988,0.7471220001207257,145.88896600002954,0.460274000033678,79.51907199981179,294.5329109998056,True
133631,71.33664899993164,0.7285789999968983,144.0980380000383,0.46281599998110323,75.45507100007853,292.08115300002646,True
279927,76.35424199997942,0.7529140000315238,146.14631099993858,1.7913419999331381,82.09266400012893,307.1374730000116,True
561335,72.63746600006016,0.7212040000013076,143.84793999988688,0.464148999981262,80.259063000085,297.9298220000146,True
161032,69.65630599984252,0.702620000083698,144.02473099994495,0.45931600016047014,75.70353500000238,290.546508000034,True
415748,73.58134199989763,0.721496000096522,144.71268399984183,0.4656070000237378,79.00554000002558,298.4866689998853,True
318908,65.02919200011092,0.6764939998902264,145.71719400009897,0.45777299988003506,75.8678360000431,287.74848900002326,True
460927,66.93578700014768,0.7599559999107441,144.36040400005368,1.6627939999125374,79.62956599999416,293.3485070000188,True
139883,75.54218800009949,0.8923380000851466,145.34495499992772,0.4690660000505886,80.03300299992588,302.2815500000888,True
437239,68.2284360000267,0.7276619999174727,145.77393600006872,0.46268999994936166,78.28195499996582,293.4746789999281,True
348243,69.00118400017163,0.7456219998402958,146.22995200011246,1.654751999922155,80.90345799996612,298.53496800001267,True
382111,74.41841600007137,0.726203999874997,145.8748459999697,0.4586899999594607,82.13314700014962,303.61130300002515,True
317433,67.42743099994186,0.7224119999591494,146.87743900003625,0.5092769999919255,75.99808000009034,291.5346390000195,True
132408,72.07737900012035,0.7238700000016252,144.756414000085,1.7623819999244006,80.71931799986487,300.03936299999623,True
191288,70.98035900003197,0.7105780000529194,145.746618999965,0.4661489999762125,80.5214330000581,298.4251380000842,True
260106,69.63883100002022,0.7283709999228449,144.24591800002418,0.4396470001211128,80.25391899991519,295.30668600000354,True
100510,70.87714499994036,0.884378000137076,145.00191499996617,0.46573200006605475,79.60346899994875,296.8326390000584,True
441442,66.6154230000302,0.6654510000316805,146.10875199991824,0.4328550000991527,76.34262900000977,290.16511000008904,True
140270,67.09452799987048,0.8577520000017103,145.893032999993,0.46552399999200134,78.51390600012564,292.82474299998285,True
553990,70.39544700000988,0.8112089999485761,145.19674699999996,0.43781399995168613,81.66511000013088,298.506327000041,True
97924,64.10687500010681,0.6868680000025051,145.25716299999658,0.43923099997300596,76.7127240001173,287.2028610001962,True
331799,67.15852599995742,0.757372999942163,147.1891290000258,0.5828220000694273,76.48071199992046,292.16856199991526,True
326542,62.74738299998717,0.7036199999674864,145.42153899992627,0.462106999975731,76.32341200019255,285.6580610000492,True
250766,66.199977999986,0.7683720000386529,145.63863400007904,0.4386470000099507,82.17792100003862,295.22355200015227,True
23781,67.38490800012187,0.7548720000158937,145.9505549998994,0.4336889999194682,80.99752100019941,295.52154500015604,True
576566,71.34456900007535,0.8909630000744073,147.9898669999784,0.4649820000395266,82.92091199996321,303.6112930001309,True
327306,70.91563000017231,0.7585389998894243,145.49548900004083,0.4580659999646741,78.50622699993437,296.1339510000016,True
567825,72.33903599990299,0.7565809999050543,145.6117360000917,0.467939999907685,81.38553500020862,300.56082800001604,True
485972,68.8284760001352,0.7248289998642576,145.83345400001235,0.4527730000063457,76.58833100003903,292.4278630000572,True
378873,70.93933500004823,0.7339119999869581,144.92840799994156,1.7785080001431197,84.04475399993316,302.42491700005303,True
94944,71.47961200007558,0.7487039999887202,144.21132799998304,0.4606899999544112,80.10596400004033,297.0062980000421,True
151051,66.02907799992863,0.7136619999528193,145.7064360001823,0.4622740000286285,76.64395299980242,289.5554029998948,True
93717,71.29059699991558,0.764456000069913,146.5820230000645,0.44035599989911134,85.974429000089,305.0518610000381,True
394510,70.60131200000797,0.8669609999287786,144.7633880000012,0.44106399991505896,80.21646900010637,296.8891939999594,True
83531,68.28402099995401,0.7552890001534251,145.9662299998854,0.46602399993389554,86.66770800004997,302.1392719999767,True
18193,67.2977220001485,0.8787109998138476,145.6696320001356,0.4592319999119354,81.79933500014158,296.10463200015147,True
160728,70.9436160000223,0.80716599995867,145.23215100007292,0.4683160000240605,83.15811299985398,300.60936199993193,True
92177,69.08489600004941,0.7170369999585091,147.4205450001591,0.45114799991097243,75.78723200003878,293.4608580001168,True
74200,70.61755199993058,0.8747940000830567,146.3035280000895,1.7673820000254636,83.0231410000124,302.586397000141,True
1425,71.40388300013001,0.6947439999294147,144.89529000002221,0.458022999964669,79.74809999996069,297.200040000007,True
234779,65.4991669998708,0.8903370001007715,145.74224800003321,0.4593989999648329,77.70748999996613,290.29864099993574,True
485130,71.73414499993669,0.7464959999197163,144.54842800000733,0.4656070000237378,80.37720900006207,297.87188499994954,True
43435,74.66683500001636,0.7240370000545227,147.27527500008364,0.43547999985094066,76.21008099999926,299.3117080000047,True
403584,69.30885499991746,0.7025770000836928,145.06378800001585,0.4677739998442121,77.18071300018892,292.7237070000501,True
40757,68.92483199999333,0.7252450000123645,144.4730379998873,1.750421999986429,79.95622299995375,295.8297599998332,True
35062,72.14411800009657,0.7374540000455454,145.74931099991772,0.5236100000729493,80.70146999989447,299.85596300002726,True
342128,69.79274900004384,0.6906190001245704,145.65738900000724,0.4681909999817435,80.1978599999984,296.8068080001558,True
35279,70.81200900006479,0.738828999828911,145.80005800007712,1.6670009999870672,81.5637160001188,300.5816130000767,True
503755,68.74631599998793,0.7170359999690845,145.9986879999633,0.4613989999597834,74.80108100003235,290.72451999991245,True
24610,63.95124000005126,0.7415380000566074,144.59807499997623,0.4628990000128397,78.65910900000017,288.4128610000971,True
320642,64.37671899993802,0.7611640000959596,145.92039199987994,0.4596900000706228,82.87377800002105,294.3917430000056,True
322895,70.58573700010129,0.8645860000342509,146.08205599984103,0.4524810001385049,81.59700299984252,299.5818629999576,True
104666,70.63269799982663,0.7640390001597552,145.01671099992564,0.46789800012447813,79.68423899978916,296.56558499982566,True
97337,71.42073799991522,0.7467880000149307,144.2720059999374,0.4312300000037794,77.13648600019951,294.00724800007083,True
235778,69.04340799997044,0.7577880001008452,145.81661600004736,0.4636060000393627,81.37856899998042,297.4599870001384,True
547144,67.88301200003843,0.6960769999295735,145.84132499999214,0.44039700014764094,78.11194499981866,292.97275599992645,True
541952,70.69111200007683,0.9172959998977603,145.22687800013045,0.46585599989157345,79.39609400000336,296.697236,True
494759,70.29780099992422,0.7383289998870168,144.40812400016512,0.45793999993293255,80.24187999990318,296.14407399981246,True
409542,67.40394100006597,0.7227450000755198,146.29933699984576,0.4671900001085305,76.79183200002626,291.68504500012205,True
427055,66.64869499991255,0.6643250001161505,145.3934589999335,0.5631950000406505,78.39932899992164,291.6690029999245,True
119995,64.79235099982361,0.6605750002108834,144.5478739999544,0.4647309999654681,75.79224000005524,286.2577710000096,True
159112,66.10703800015472,0.7514540000101988,144.55403099987052,1.7576709999502782,78.56141500019476,291.73160900018047,True
369323,70.15174100001786,0.7537049998518341,144.69182900006672,0.4632309999124118,81.10633500018594,297.16684100003476,True
127270,68.86738499997591,0.7508710000365681,144.40852300003826,0.4423559998940618,81.92916799998784,296.39830299993264,True
413247,72.31647499997962,0.756247000026633,145.2287229999456,0.45985600013409567,79.28440399996362,298.04570500004957,True
179653,69.41153200000372,0.7139940000797651,144.8722860000089,0.520775999802936,75.97211300003437,291.4907009999297,True
400922,65.55317199990895,0.6877420000819257,146.4352399998461,0.46739800018258393,75.87560799993298,289.01915999995254,True
300039,64.59283200001664,0.739995000003546,144.72398699990663,1.7070860001240362,80.56767199991555,292.3315719999664,True
259597,70.21648399995684,0.7322449998810043,144.91477800015673,0.4645649999019952,84.71700400014015,301.0450760000367,True
297084,71.7871050001122,0.7197439999799826,144.62718000004315,0.4406049999943207,79.03705199987598,296.61168600000565,True
168337,70.77430399999685,0.7460790000095585,145.82173999997394,1.661291000118581,81.02844399991227,300.0318580000112,True
419974,67.82023699997808,0.712909999947442,144.8762649999935,0.46419000000241795,79.06942299996444,292.9430249998859,True
226408,62.968490999992355,0.6973260001359449,146.59035099998619,0.4570229998535069,77.131492000035,287.844683000003,True
173302,67.59113900011471,0.7570380000743171,145.42620899987924,0.4661489999762125,82.31137699999636,296.55191200004083,True
237928,72.68622800006597,0.7566209999367857,146.0531949999222,0.4509390000748681,79.86462400003802,299.81160700003784,True
54654,73.91932599989559,0.8410840000578901,145.39798900000278,0.4661479999867879,80.74291799994171,301.36746499988476,True
167898,70.08175999999366,0.7659959999273269,146.1737780000476,0.4524389999005507,82.04052400014916,299.5144970000183,True
152771,72.11710999990828,0.7475380000414589,144.23922199989647,0.4664820000925829,81.65962699990814,299.22997899984694,True
117914,67.11214699998891,0.8530009999958565,145.3845610001281,0.46114799988572486,81.82267400002274,295.6335310000213,True
309391,73.28070600010506,0.718826999900557,144.4155540000338,0.4568560000279831,87.13119000003644,306.00313300010384,True
480944,70.1030879999962,0.8359589999145101,146.61328900001536,0.46314799988067534,79.19508400004815,297.2105679998549,True
568690,67.26819499999692,0.8052069999848754,146.44552000004296,0.46635699982289225,76.03508700003658,291.02036599988423,True
382122,68.59054900019146,0.7532049999099399,145.90565899993635,0.4563560000860889,81.54298799991011,297.24875700003395,True
234807,71.00217000015618,0.736827999844536,145.22441799999797,0.4556890000912972,79.81986000004326,297.23896500013325,True
554291,70.99358599998595,0.7500789999994595,144.65492699991955,0.4652730001453165,81.02933099985421,297.8931959999045,True
60835,69.68859900007374,0.749911999946562,146.11186799993447,0.46623200000794895,80.44617699988521,297.46278799984793,True
213935,67.78083700010029,0.736911999865697,143.7727929999255,0.45918900013930397,77.15626300000622,289.905994000037,True
502599,67.86196699999891,0.767205000101967,144.58737499990093,1.7407950001597783,80.74752399988938,295.70486600005097,True
425221,73.34936000006564,0.7231189999856724,147.3407099999804,0.46114800011309853,80.13761500001237,302.0119520001572,True
224119,67.18976100000873,0.7828730001619988,144.3060169999626,0.452106000011554,76.58543799993822,289.3161950000831,True
417043,71.15637600008995,0.7524539998939872,145.31840099994042,0.5237350001152663,79.6764249998887,297.4273909999283,True
393282,75.75231299983898,0.800039000068864,146.39103000013165,0.4637739998543111,76.06578100012484,299.47293700001865,True
78032,70.48975400016388,0.7524129998728313,148.59496999997646,0.5631110000194894,80.79393299999538,301.19418100002804,True
472030,74.08980800005338,0.855126000033124,145.03745999991224,0.4487720000270201,81.4400479998767,301.87121399990247,True
537964,75.66872000006697,0.8859189999839145,145.20817399989028,0.4641059999812569,78.78412000013668,301.0110390000591,True
542423,67.94345599996632,0.7207020000805642,144.65409800004636,0.4592309999225108,78.44272700003785,292.2202140000536,True
344909,64.81809299998531,0.6691159999263618,145.72706800004198,0.4584809998959827,76.72093299993321,288.39369099978285,True
140556,70.46545699995477,0.7481200000256649,144.6123460000308,0.46423100002357387,78.98929599991789,295.2794499999527,True
277051,70.18885499996941,0.7462450000730314,144.55812400001378,0.44389699996827403,81.5828770000735,297.519998000098,True
82696,66.80864500003736,0.8414579999680427,145.20773999993253,0.4434800000581163,78.30504799994742,291.60637099994346,True
189698,68.97483500006274,0.7244109999646753,147.7269479998995,0.45714800012319756,78.81328200005555,296.69662400010566,True
407518,71.49000200001865,0.7185780000327213,147.560723999959,0.464981000050102,77.01702100007424,297.2513060001347,True
310622,66.86522600011813,0.6834929999968153,145.22747999990315,0.4340630000569945,74.96671099988816,288.17697299996325,True
19109,73.3027950000178,0.7288280000921077,146.23573799985934,1.6620410001451091,86.37940099993102,308.3088030000454,True
361571,71.25210999993215,0.7026600001154293,144.31189299989455,0.4586899999594607,79.6659790000831,296.3913319999847,True
206994,70.009877000075,0.6821169999966514,144.32438399990133,0.45677299999624665,75.7930380000289,291.2661889999981,True
523241,67.0808570000645,0.7585380001273734,146.08538799984672,0.4596890000811982,81.7805839999437,296.1650560000635,True
67616,75.44406300007722,0.8982519998426142,145.26059700006044,0.4530230000909796,84.44229899987477,306.498233999946,True
258793,67.89597900001354,0.7202849999430327,145.27483799997754,0.4588970000440895,77.31590000003052,291.6658990000087,True
433774,69.23383399998784,0.7634129999587458,146.28717899995536,1.6734570001517568,82.25751899999523,300.2154020000489,True
413395,70.48052000004645,0.748079000004509,145.0982030000887,0.46235700006036495,83.2560259998445,300.0451850000445,True
469067,67.09718699994482,0.7256189999225171,146.41672100015057,0.4546059999483987,77.84171200000856,292.53584499997487,True
559099,70.19366800000171,0.7533709999734128,145.92373400000724,0.46164800005499274,84.92247699996369,302.25489800000105,True
311789,70.31425800005309,0.7537449998835655,147.86224700014827,0.463730999854306,79.89335399997799,299.2873349999172,True
201025,67.01288699991892,0.7904550000148447,145.0016470000719,0.4553559999749268,77.65924099999211,290.9195859999727,True
448256,70.25541600000906,0.7483280000997183,144.35589699996854,1.7425450000700948,80.92402399984167,298.0262099999891,True
549390,72.50040199983232,0.7453279999936058,148.69019400020989,0.4614389999915147,82.16550299994196,304.5628659999693,True
401991,66.42564499998116,0.7162440001593495,146.97748399999,0.453938999953607,76.25012800008335,290.82344000016747,True
201418,69.03360500018607,0.7446199999776582,144.68011099984324,0.46273100019789126,84.65303599996332,299.5741030001682,True
385997,72.1093770000607,0.7497449998936645,144.26375800007918,0.4564809999010322,80.81097200010845,298.39033300004303,True
545730,69.69617599997946,0.7351609999659559,145.2063869999165,0.5749870001636737,76.04432099992664,292.25703199995223,True
364102,67.47119100009513,0.7574129999738943,144.10211999984313,1.6496230000484502,80.41211399995518,294.3924609999158,True
13291,69.20668899988414,0.7756210000025021,144.81752500000766,0.4636060000393627,81.81214100000034,297.075581999934,True
440336,67.55323199990926,0.7364950001829129,147.5348659998872,0.4487310000058642,80.93730599989613,297.21062999988135,True
148783,73.24884600006953,0.7351189999553753,145.94216299997242,0.4648149999866291,80.01146600008724,300.4024090000712,True
325306,69.04492599983314,0.6912420001299324,147.4193930000638,0.4546049999589741,76.34728399989399,293.9574499998798,True
488251,70.3309470000022,0.7539539999470435,144.57608600014282,0.4576469998482935,80.87363100003131,296.99226499997167,True
229601,72.36900499992771,0.7476200000837707,144.14860700003373,0.4676480000398442,82.69917899997381,300.43205900005887,True
427160,68.56177800000296,0.7128679999368615,144.4834470000842,0.4587309999806166,75.46890200001144,289.6857260000161,True
437205,69.03279600010137,0.772578999885809,144.33619000010367,1.7084589999285527,79.82961500010788,295.6796390001273,True
62554,72.01598300002843,0.7483699998829252,145.9303930000715,0.4600639999807754,81.25126899994939,300.406078999913,True
434204,68.15237700016041,0.757870999905208,146.078856000031,0.46164700006556814,79.30870999985018,294.7594610000124,True
138954,71.07472500001677,0.7292850000339968,147.27990699998372,0.4438139999365376,78.93569099996967,298.4634219999407,True
289417,67.48292299994318,0.7443280001098174,145.09767599997758,1.755752000008215,80.99987600007807,296.0805550001169,True
776,73.88965300015116,0.8258319999185915,145.30997800011392,0.4578549999223469,78.85881299989705,299.34213100000306,True
470121,69.03245300009075,0.7032840001102159,145.99462599994695,0.46419000000241795,78.07001900005162,294.26457200020195,True
309467,65.55070000013075,0.7531199998993543,146.3742700000239,0.4445629999736411,81.85928700004297,294.9819400000706,True
473121,63.3045070001117,0.9020859999964159,145.60002299981534,0.4656060000343132,79.92544300009286,290.1976650000506,True
327605,67.88722999999663,0.7331189999604248,146.89057999999022,0.45793899994350795,76.63602700017691,292.6048950000677,True
451084,67.52587500000118,0.8582499999647553,145.38308600003802,1.6856239999469835,80.74343599992062,296.19627099987156,True
22479,72.67866699999104,0.7683709998218546,144.5312120001745,0.46181399989109195,81.47859600012453,299.918660000003,True
243148,68.52063099995576,0.757995999947525,146.27188000008573,0.45677200000682205,78.37127299990243,294.37855199989826,True
249786,71.68486399996254,0.9036690000812087,145.22415199985517,0.4647309999654681,80.69484500015278,298.97226100001717,True
581062,64.0868269999828,0.7862049999403098,145.50066600008904,0.4372299999886309,75.7613539999511,286.5722819999519,True
185950,66.65553600009844,0.7465359999514476,144.44369800003187,0.46352300000762625,80.8102250000502,293.1195180001396,True
44195,70.87944799991419,0.8856260001266492,145.06980199985264,0.4529800000909745,81.58496600003673,298.8728220000212,True
499109,69.9249410001812,0.6956589998026175,146.17427200005295,0.461106000102518,76.29745899998852,293.5534370001278,True
478136,73.67899899986696,0.8727500000986765,144.6630739999364,0.46506400008183846,81.18636299991522,300.8662499998991,True
451150,72.8253729998869,0.741245000199342,144.96091699993485,0.45527199995376577,79.39906199999314,298.381868999968,True
148957,67.43477300005907,0.7083259999944858,146.22851500007528,0.471814999855269,77.4519680001049,292.295397000089,True
251119,68.50799199992252,0.7504950001475663,145.1658389999011,0.4596050000600371,79.46923300005437,294.3531640000856,True
107554,70.40512599996873,0.7362440001088544,144.8604909999176,0.46556400002373266,79.22871899995698,295.6961439999759,True
449661,64.47512499994446,0.750036999988879,147.01566799999455,0.45964700007061765,80.1830959999279,292.8835729999264,True
364126,67.55214999998316,0.8356240000466642,143.9658540000437,0.47243899985005555,78.85349000002861,291.6795569999522,True
384651,67.72849200001474,0.8089969999218738,145.25625000010223,0.4311459999826184,76.55816999999843,290.7830550000199,True
354307,64.38137100008134,0.8885429999736516,145.65184499997486,1.6708719999769528,81.0528819999945,293.6455130000013,True
483531,72.66835199993693,0.7317020001664787,144.35407099995246,0.4627729999810981,78.07807099993624,296.2949689999732,True
170191,69.48153000007551,0.693783999849984,145.09410699997716,0.46573100007663015,77.06214700010605,292.79729900008533,True
201426,66.6703110000526,0.6926169999132981,144.69608700005665,0.45356400005402975,77.4484940000093,289.9610730000859,True
179487,72.09781899996415,0.7309520001399505,144.3004339998879,1.7312920001586463,83.58866599996873,302.44916300011937,True
445999,71.44128699997054,0.7207429998743464,144.54736300012883,0.4584809998959827,79.34366900008172,296.5115429999514,True
91500,70.86759300000267,0.7187839999005519,145.7131700001355,0.5270669998935773,78.74372299988863,296.57033699982094,True
405970,70.21001600014642,0.7499109999571374,146.05596799992782,0.465106000092419,82.18955100005587,299.67055200017967,True
290771,75.38034699996388,0.7519530001900421,145.27388900000915,0.4423549999046372,83.60995299995011,305.4584970000178,True
426836,75.65565200002311,0.7212849998268211,145.66465799998696,0.4673140001614229,75.0857079999605,297.5946169999588,True
557916,66.32991100013896,0.811538999869299,144.92469800006802,1.6901649998999346,81.03332400014551,294.78963700012173,True
99024,73.33153500007938,0.7117430000107561,144.65718299993569,0.464771999986624,82.3415530001057,301.50678600011815,True
305309,64.21634699995593,0.6848240000181249,144.71743600006448,0.4717310000614816,74.94844699999703,285.03878500009705,True
311928,69.5772300000499,0.7565359999262,144.34545900007834,0.46214799999688694,79.51528699982191,294.6566599998732,True
384949,74.0231469999344,0.7460780000201339,144.13877300012246,0.4390629999306839,82.07386899994162,301.4209299999493,True
196141,67.26248900008613,0.7074919999467966,144.90310199994383,0.44439599992074363,78.34814800003187,291.6656269999294,True
136915,62.13924200005749,0.7152849998419697,145.02548200016463,0.4659809999338904,76.71948600000178,285.06547599999976,True
533816,67.91331099998388,0.7556609998573549,147.47054899999057,1.664622000134841,84.02062400000432,301.82476699997096,True
522889,71.42551700007971,0.7570370000848925,145.58599999986654,0.4657720000977861,81.6584269998657,299.8927529999946,True
548246,66.49886399986826,0.7239930000650929,145.5336639999132,0.4423130001214304,80.17014699998981,293.3689809999578,True
37988,68.19373700000142,0.8612090000497119,145.02063600002657,0.4619389999334089,81.29552900004455,295.83305000005566,True
555009,68.42145199993865,0.7099500001004344,145.9667179999542,0.45273000000634056,81.86326400004873,297.41411400004836,True
418961,69.5897169998716,0.7084090000262222,144.4529779998902,0.4614389999915147,75.11739900019165,290.3299419999712,True
325838,64.23937599993224,0.7387860000562796,146.11214100000325,0.4636060000393627,79.04266900004586,290.596578000077,True
527427,62.422785000080694,0.8216650001031667,145.9522069999366,0.4579799999646639,77.51342599999589,287.168063000081,True
74256,67.59794999993574,0.7514940000419301,145.18696200002523,1.813378999941051,82.08922800008622,297.4390130000302,True
154644,65.96358000001601,0.7269519999226759,144.86586299994997,0.5193590000089898,76.45812400005525,288.5338779999529,True
17714,72.23242200007007,0.7541190000210918,144.53421600001093,0.4643140000553103,82.63824899995598,300.6233200001134,True
474039,72.26675300012175,0.7490359998882923,146.4725560001625,0.46556400002373266,79.31546499980868,299.269374000005,True
153782,71.26545500000248,0.7087010001214367,144.92135699993014,0.46047999990150856,76.8385970000054,294.19458999996095,True
21465,65.3101279999646,0.7466609999937646,144.35899600016455,0.46177199988051143,81.56769300012456,292.445250000128,True
84664,73.97828800003481,0.8339989999512909,145.32153300001482,0.4396050001105323,80.56481099993107,301.1382360000425,True
286908,75.96638299992264,0.696532999882038,145.0082270000621,0.46181400011846563,79.64647599987984,301.7794329998651,True
381587,71.54912999999397,0.8506660001330602,147.7477739999813,1.7022489998907986,88.36472500001946,310.2145440000186,True
461751,76.2063899999248,0.7489940001050854,144.4682339999872,0.4623969998647226,81.63685700014867,303.5228720000305,True
308799,64.63592099999005,0.7172420000642887,148.68272700005036,0.5752770000526652,75.21267599986459,289.82384300002195,True
466986,71.01659999989351,0.7609110000430519,145.52090899996983,0.4612720001659909,80.92694899983144,298.68664099990383,True
239627,70.56237100005092,0.7509519998620817,145.47923300006005,0.5311919999257952,81.189581000217,298.51332900011585,True
229358,65.81484800017279,0.7305759997962014,145.4306450000331,0.44868899999528367,78.19906300005641,290.6238210000538,True
61471,68.38130400001319,0.7685780001338571,144.39059599999382,1.7507499999283027,81.92619900000864,297.2174270000778,True
170893,70.7810009998866,0.7713290001447604,145.96271200002775,0.4597299998749804,79.56299800002853,297.5377699999626,True
465179,63.67320000003929,0.7154090001222357,144.73531099997672,0.4546879999907105,76.13125199986825,285.7098599999972,True
466085,73.88514500007659,0.7572439999421476,144.5773460000055,0.46014700001251185,78.65020500003084,298.3300870000676,True
567197,70.84979199998998,0.750744000015402,145.7906109999385,0.5174000000351953,81.04661099991972,298.9551579998988,True
498286,69.21725300003345,0.8582909999859112,144.94472899991706,0.46273000020846666,75.4645489998893,290.9475520000342,True
437392,64.5362360000945,0.7141179999052838,145.5251730001237,0.4540219999853434,76.46709599998758,287.6966450000964,True
153217,60.70692899993446,0.6987420001678402,146.00048699981016,0.4613140001765714,75.25916399981725,283.1266359999063,True
206487,65.65824800009068,0.7542859998466156,145.09952500020518,0.45572999988507945,76.04623800011723,288.0140270001448,True
565012,66.5394949999154,0.7565360001535737,145.2328159998615,0.46389700014515256,81.78863599982833,294.78137999990395,True
563603,76.85673499986478,0.7701200001974939,145.87347199994838,0.4394369998408365,80.35498500021276,304.29474900006426,True
394611,68.24236700003894,0.7126589998733834,145.93297500005065,0.4374790000838402,76.81019000006017,292.135670000107,True
211069,66.39723400007824,0.6990330000462563,145.91588199982652,0.5199830000037764,76.64613700012524,290.17826900008004,True
455085,68.06293799991181,0.765786000101798,146.45182399999612,1.6664959998706763,78.73106900001403,295.67811299989444,True
282046,67.43869999991148,0.7432849999986502,145.4172749999998,0.4604380001183017,80.11392699995667,294.1736249999849,True
542856,68.81988999998612,0.7414520000565972,145.30955500003984,0.44489599986263784,76.97981399996934,292.2956069999145,True
12062,70.81960600021375,0.7307429998490989,145.60881600004905,1.6592869999385584,80.68003200014573,299.4984840001962,True
360325,72.42113999996036,0.7258680000177264,146.0142519999863,0.518733000035354,81.49427900002593,301.17427200002567,True
427500,68.55558200004452,0.7824530000561936,145.89553799987698,0.46623100001852436,76.21677300016927,291.9165770001655,True
15517,66.40380900012133,0.6626150000101916,144.4162509999387,0.45677100001739745,79.29608599988569,291.2355319999733,True
375763,70.97140100017896,0.7507849998091842,145.84298600016155,1.6461610000533256,81.986962999963,301.198296000166,True
213605,70.49696099988978,0.7688700000016979,145.24799900004837,0.4578549999223469,80.5670210002063,297.5387060000685,True
270705,68.75458400008938,0.7284089999757271,145.0633150000158,0.45660499995392456,77.71946499997284,292.72237800000767,True
544811,70.04318500003137,0.7647859999906359,146.05944499999168,0.4644390000976273,80.11441100006778,297.4462660001791,True
436551,71.81910200006314,0.7491189999200287,146.04590299995834,0.4516460001013911,80.45363599990196,299.51940599994487,True
389532,69.28719200004707,0.8251219999237946,145.0632680000581,0.4658139998809929,77.96813900017696,293.6095350000869,True
39670,80.83039799998915,0.7329929999286833,145.4282400000011,0.535983000190754,79.6449259999008,307.1725400000105,True
429718,76.33981200001472,0.7009500000094704,144.72887300007642,0.4603969998697721,74.9526209999658,297.1826529999362,True
563604,71.10102299998289,0.7297839999864664,146.04443600001105,0.6005699999604985,82.97024500006955,301.44605800001045,True
162366,67.89407500014022,0.7321179998598382,145.78595600005428,0.44122899998910725,78.54066100003365,293.3940390000771,True
496722,69.27655699996649,0.8205390001876367,145.54736099989896,0.44035399992026214,81.52442700020401,297.60923800017736,True
124636,76.38401700000941,0.714533999826017,145.2949740000804,0.46114699989630026,80.85918699998729,303.7138589997994,True
551815,66.53325900015261,0.7649940000646893,142.00876999984757,0.4639379999389348,76.65060900012577,286.4215700001296,True
78565,65.55750300003638,0.7194929999059241,144.6386430000075,0.4420200000367913,79.6139569999923,290.9716159999789,True
116439,69.26538599986998,0.7237009999698785,145.93470399995567,1.6512450001755496,80.29657099996257,297.87160699993365,True
492992,72.88726499996301,0.6919909999396623,145.21387500008132,0.4610219998539833,80.48311800007468,299.73727099991265,True
107851,68.56584899992413,0.6842820000656502,146.25871099997312,0.4673129999446246,77.86024400002134,293.83639899992886,True
274219,69.08970599988606,0.9078350001345825,145.0390279999283,0.4617299998699309,82.20861500012688,297.70691399994575,True
105923,71.68045299999903,0.7450350001363404,144.87381200001437,0.4723560000456928,80.65987299983135,298.4315290000268,True
325031,79.69903399998657,0.7662860000436922,145.6153379999705,0.4647709999971994,82.52062599990495,309.0660549999029,True
166664,64.84529499994096,0.7377009999345319,146.44266899995273,0.46052100015003816,76.49009199985812,288.9762779998364,True
166642,68.5872209999161,0.6675730001006741,140.1688319999721,0.5504429998381966,76.44388100015931,286.4179499999864,True
143961,67.99685999999383,0.7602440000482602,144.95954900007746,0.4643959998702485,84.5583830000578,298.7394320000476,True
304545,76.14919699994971,0.751535000063086,146.04368300001624,0.4502710000906518,79.30876099999296,302.70344700011265,True
212573,75.74884399991788,0.7861620001676783,145.83867299984377,0.4622300000391988,81.20172500002809,304.0376339999966,True
225670,70.27479599992148,0.7530350001161423,145.11884500007,0.4566459999750805,77.2981620000337,293.9014840001164,True
575357,71.04428599996027,0.9057090001078905,145.4361449998487,0.4654800000025716,79.79482099995039,297.6464409998698,True
186422,67.18806399999266,0.724534000028143,144.4116379998377,0.44056299998374016,75.83984400002919,288.60464299987143,True
319369,72.30951199994706,0.8518319998529478,145.8723320001809,1.7987090000133321,82.6777879999554,303.51017299994965,True
26941,74.70391099991502,0.678991000086171,144.74047899989273,0.45914600013929885,81.9685839999238,302.551110999957,True
252716,68.65816999993513,0.6861159999971278,147.93516999998246,0.4522710000856023,75.75291900002412,293.48464600002444,True
64868,68.09393599996838,0.7541180000316672,146.06304099993395,0.46035500008656527,80.52885100005369,295.90030100007425,True
205324,70.9868210001332,0.7455769998614414,145.71155800013003,0.45214599981591164,81.70344200016189,299.59954400010247,True
447313,73.57435399990209,0.7908699999461533,146.94665699994403,0.46185500013962155,75.90550500003701,297.6792409999689,True
172977,68.08388900003592,0.732993000156057,140.83049599980768,0.46756300002925855,75.40260700011459,285.5175480001435,True
560880,64.01569900003778,0.7711610001024383,144.6214229999896,0.4303539999455097,77.15859999984787,286.9972369999232,True
449406,64.78668899990225,0.7387020000351185,148.2255820001228,0.46435499984909256,79.90460400014854,294.1199320000578,True
491613,73.0684510001538,0.7230759999856673,144.87713499988786,0.4609380000601959,79.85926800006382,298.98886800015134,True
48555,66.66923500006305,0.6966159999137744,145.88814099988667,0.47177200008263753,76.11430099996142,289.84006499990755,True
61584,66.06249799983743,0.852331000032791,145.51053100012723,0.4601459997957136,81.0241510000651,293.90965699985827,True
244099,72.6822199999333,0.7266590000654105,145.08817799992357,0.4530210001121304,78.74329499986743,297.69337299990184,True
460682,65.32604399990305,0.753577000068617,145.74762600000213,0.45997899997018976,78.47915799993643,290.7663839998804,True
481159,76.33976600004644,0.7363679999343731,143.61960499991255,0.4659799999444658,79.35873500014168,300.5204539999795,True
28809,68.65240299998732,0.7112419998520636,144.09712300016508,0.43156199990335153,76.40163900009611,290.2939690000039,True
50679,67.5997710000047,0.7312840000395227,146.68516100005036,1.7406219999429595,82.7199750001455,299.47681300018303,True
10764,72.76088699995853,0.7058659998619987,144.90349400011837,0.522523999961777,80.94847300003494,299.8412439999356,True
537827,67.89249000007658,0.7000319999406202,146.73519600000873,0.4549790000965004,77.51306199997998,293.2957590001024,True
329827,69.36472400002458,0.760535999916101,144.92631999996775,0.4629800000657269,79.40252399998826,294.9170839999624,True
161820,73.77788799999507,0.7396179998977459,146.06345600009263,0.4649380000500969,80.89380199999141,301.93970200002695,True
116362,69.70007299992176,0.7326170000396814,147.98420299985082,0.617821000105323,75.49050400007218,294.52521799998976,True
500270,67.50196699999833,0.8116209999116109,145.73910000012802,1.6829940000206989,81.43194800004494,297.1676300001036,True
308165,71.86462799995752,0.7464930001788161,144.4667490000029,0.46756299980188487,79.9547540000276,297.5001869999687,True
125245,64.86717799998587,0.7221170001230348,145.10519199984628,0.46089700003904,76.19303299998137,287.3484169999756,True
544444,69.40750900002968,0.7574109999950451,145.00368099993466,1.7835000001014123,79.72494599994207,296.67704700000286,True
378244,72.79095900003085,0.7457839999460703,144.83725800005232,0.466604999928677,81.20284799997535,300.04345399993326,True
90956,66.84464099998877,1.0095049999563344,144.30135800012067,0.4613959999915096,76.4750460000414,289.0919460000987,True
313562,70.70281599999362,0.7518679999520828,144.86791700005597,0.4598969999278779,79.95399400010683,296.7364920000364,True
258388,71.01270499993007,0.7318670000131533,146.0614729999179,0.4553539999960776,80.35547100007534,298.61686999993253,True
273711,67.62738099996568,0.720575000059398,146.1369349999586,0.4605209999226645,80.94216500012408,295.88757700003043,True
358195,67.06014799988225,0.8476640000480984,147.26331300016682,0.5294000000048982,75.21410299978015,290.9146279998822,True
3553,68.06789799998114,0.8679979998760246,144.74873700009994,0.44239499993636855,81.20508999991216,295.33211799980563,True
253819,69.42817000003743,0.7215749999431864,144.81473899991215,0.43935400003647374,79.64614200000142,295.04997999993066,True
278705,72.53281299995251,0.8762490001572587,145.11504500001138,0.4649379998227232,82.2676750001392,301.2567200000831,True
187990,68.32832300005975,0.7392419997813704,144.75910400005887,0.45527099996434117,78.72226100016633,293.00420100003066,True
51938,71.31496100009826,0.742409999929805,144.42817200006175,0.4621040000074572,82.11612699983561,299.0637739999329,True
188296,72.71310900000572,0.8477890000904154,144.48959099991043,0.4595210000388761,77.23240099994655,295.742410999992,True
45090,63.725024999939706,0.8942500001012377,146.2069540000357,0.4583539998748165,81.53622000008909,292.82080300004054,True
396729,69.46166300008372,0.7510759999149741,146.02452899998752,0.4635630000393576,81.54722099993705,298.2480519999626,True
347174,69.26427899998089,0.7307840000976285,144.63304699984292,0.4436880001321697,75.87720900005479,290.9490070001084,True
341196,71.76381099998252,0.7346590000452125,145.10048200008896,1.70366199995442,80.57012899985239,299.8727429999235,True
439525,74.66514900011134,0.7233669998640835,147.75089099998695,0.4620629999863013,81.58880099995258,305.19027099990126,True
329455,68.282728999975,0.7049079999887908,144.31627499993738,0.4638130001239915,78.73116999985541,292.4988949998806,True
302990,73.0451990000347,0.7502430000840832,144.8231729998497,0.4418120001901116,82.50500700000885,301.56543400016744,True
262587,71.26148799989096,0.7565770001747296,144.67515799992725,0.441770999941582,79.44448900002499,296.5794829999595,True
117719,71.14456499994048,0.7333680000556342,146.15335100006632,0.4646459999548824,85.39601400002539,303.8919440000427,True
127476,76.3345959999242,0.7546599999841419,144.822707000003,0.46264599995993194,79.18001899997762,301.5546279998489,True
499313,70.72408600015478,0.7290759999705188,144.95182899986503,0.44797900000048685,77.7617830001418,294.6147530001326,True
309678,68.60136199998124,0.7568680000531458,146.09817399991698,1.6722850000405742,81.00113999989844,298.1298289998904,True
113720,72.32857500002865,0.7292829998277739,146.9805480001014,0.46148000001267064,82.84076599989021,303.3406519998607,True
107339,63.10127500000817,0.7582019998153555,144.9877860000015,0.4626460001873056,79.45710699982556,288.7670159998379,True
468501,69.54048400007196,0.758368999868253,144.91977800003042,0.4399370000101044,82.32469600011427,297.983264000095,True
511760,67.01732700003049,0.7566599999790924,145.38629899993794,0.4389790001368965,78.96945900006358,292.568724000148,True
361730,67.5223079999796,0.7438259999617003,146.29771599993546,0.4661469999973633,84.38458000000537,299.4145769998795,True
427077,63.91172300004655,0.7441170000674902,145.91219099997943,1.703577999933259,79.300344000103,291.5719530001297,True
203931,76.73526799999308,0.7697439998537448,145.86289700014277,0.4661460000079387,81.87158800001271,305.70564300001024,True
555972,70.1773430000685,0.7017399998403562,145.20724199996948,0.435062000178732,77.15866299986374,293.6800499999208,True
69795,70.47210499990797,0.734450999971159,144.28585800010296,0.46385399991777376,80.02028999999311,295.976557999893,True
577735,73.67991599994639,0.7274919998963014,144.74133700014136,0.458520999927714,80.35238900015429,299.95965500006605,True
325527,63.1263080001645,0.8574979999593779,145.72979900003702,0.4626039999493514,76.3552470000377,286.53145600014795,True
465718,70.98862599991662,0.761493000027258,146.50574899997082,1.6496180001013272,81.10029299996313,301.00577899997916,True
285349,70.47426600001927,0.8964159999322874,145.48852999996598,0.4651460001241503,80.11366499999895,297.43802300004063,True
322163,69.32033799989767,0.8238289999553672,144.4337320001523,0.4571459999169747,80.45763900008751,295.49268400000983,True
346968,69.15591400002086,0.7536179998623993,144.83241600009933,0.4666469999392575,81.1906710000585,296.39926599998034,True
229216,71.96178799995323,0.74749200007318,145.01429200004168,0.4378950000045734,80.7360639998933,298.89753099996597,True
563882,66.44628599997304,0.7083650000367925,144.13433499998973,0.5228990000887279,77.62592199992469,289.437807000013,True
199681,62.43372700009786,0.7006159999036754,144.99754100006612,0.4597289998855558,76.14485400017657,284.7364670001298,True
313130,64.83004500000789,0.6965319998926134,145.14966700016885,0.4612299999280367,75.83391799994388,286.97139199994126,True
294163,64.8757100000239,0.7569090000743017,145.74598400008654,0.46414699977503915,75.22380700015674,287.0665570001165,True
176232,66.60112200006552,0.7587850000163598,145.88111500006562,0.5361490000268532,80.4017529999328,294.17892400010714,True
407403,64.56769600004009,0.7524509999257134,144.73885500001415,0.4576880000968231,80.1900729998124,290.7067629998892,True
562843,65.42493999995713,0.7040740001684753,144.80155799992644,0.46264599995993194,76.02079799994499,287.414015999957,True
483999,68.04943499992078,0.8387880000100267,147.78010999998514,0.4605630001606187,89.51903799993488,306.64793400001145,True
58705,75.92500200007635,0.7230740000068181,146.16199500005678,0.4652299999179377,80.57346400005372,303.8487650001116,True
216497,67.86759200008419,0.7190739997895434,144.03451500015763,0.45589599994855234,77.54269699989891,290.6197739998788,True
323263,73.71877200012023,0.8837489999677928,145.5268330000763,1.6449909999209922,82.09077900005468,303.86512400014,True
506310,72.14320100001714,0.760117999789145,145.44520399999783,0.4612710001765663,81.4009979999355,300.2107919999162,True
248334,69.8416800000814,0.7567419997940306,145.08939400002419,0.45089600007486297,81.85476299991024,297.9934749998847,True
400803,74.16070499994021,0.7559509999737202,145.33864999998514,0.46347900001819653,81.00893400001041,301.7277189999277,True
422706,69.39361300010205,0.7022409999990487,145.065761999831,0.5177740001727216,77.0599200000106,292.73931000011544,True
7574,64.1841269998622,0.7188659999428637,145.96505300005447,0.4659789999550412,77.39797600015663,288.7320009999712,True
542089,66.63956799980042,0.7468250000783883,146.16738800009443,1.6599919999862323,79.9272970000402,295.1410699999997,True
53505,71.69179799984704,0.7359910000559466,145.93387800005075,0.46585399991272425,83.96389700010332,302.7914179999698,True
500464,68.86754399988604,0.7131990000743826,147.6047449998532,0.4550210001070809,77.35713800002486,294.9976469999456,True
78823,70.22068899982514,0.7406170000194834,143.75806199996077,1.6513250000116386,80.6064900000365,296.97718299985354,True
527220,64.54022000002624,0.7582419998470868,146.84566100004304,0.46556300003430806,79.4650630000433,292.074748999994,True
178982,71.63820799996756,0.7301170001028368,144.64335200000278,0.461604000065563,80.3443109998625,297.81759200000124,True
332455,70.7882530000461,0.7212409998373914,145.70973200011395,0.4646459999548824,80.8188280000195,298.5026999999718,True
408696,66.06511800009685,0.692239000045447,145.60042999983125,0.4585630001656682,76.43279599983543,289.24914599997464,True
144300,72.01097100005427,0.7519089999732387,144.70805599989944,1.7769130001852318,81.78974799989192,301.0375970000041,True
7816,72.44790699996884,0.7552839999789285,146.4768030000414,0.46110399989629514,82.54936499997712,302.6904629998626,True
152120,67.53663999984383,0.7277409999915108,147.60322100005396,0.463437000007616,76.51104599995051,292.84208499984743,True
308631,73.32281800017881,0.7254499998907704,144.61346000007325,0.4522289998476481,82.35551900020255,301.469476000193,True
517523,71.31114399999205,0.7028649999938352,145.27265700007774,0.5943189999015885,79.45259500002066,297.3335799999859,True
5477,70.15225800000735,0.707281999893894,145.68316899999445,0.4644800001187832,80.19162400000823,297.1988130000227,True
15272,76.24819700004082,0.7439080000040121,145.96534799989058,0.4522700000961777,78.13586499992198,301.54558799995357,True
391375,71.69586599979993,0.8864979999998468,145.2974000001177,0.4619379999439843,79.77343900006417,298.11514099992564,True
442661,68.13791300010053,0.7097400000475318,145.85959199985155,0.4541450000488112,75.43553100003919,290.5969210000876,True
69138,65.7497180000064,0.7642430000487366,146.03780099992036,0.4590209998696082,80.12903400003779,293.1398169998829,True
104619,73.13367599999765,0.8427879999999277,142.43863899991993,0.45360400008576107,79.95323399995868,296.82194099996195,True
432553,69.63835199985624,0.7171990000642836,144.5765680000477,0.4653129999496741,75.2702310001041,290.667663000022,True
548267,63.28168799996092,0.6649050001215073,147.86416800006918,0.4451859999790031,78.52470800003175,290.78065500016237,True
315187,68.63442799999575,0.7885770000939374,146.39335099991513,1.772372000004907,80.45741900014036,298.0461470001501,True
76417,71.17491700000755,0.7129489999897487,144.55589299996063,0.46285500002340996,76.55982699998276,293.4664409999641,True
196843,68.04598500002612,0.6921140000031301,145.6955259998267,0.4649790000712528,76.52428000005784,291.42288399998506,True
138550,68.8260999997965,0.7492830000046524,144.5114260000082,0.43668600005730696,82.06861300004675,296.5921079999134,True
244019,68.14690300006987,0.7520750000367116,144.3801689999873,0.4353950000677287,78.64262499992947,292.35716700009107,True
439623,75.16592699994362,0.7409500001358538,145.77039899995725,0.5240230000254087,83.10219899999538,305.3034980000575,True
343315,68.6742969999159,0.7038650001049973,144.47549999999865,0.4627710000022489,74.0511639999113,288.3675969999331,True
46804,67.82367600021644,0.6780310000067402,144.80255599983138,0.45477000003302237,76.26938900011737,290.02842200020496,True
340451,69.88639400015018,0.7522419998622354,144.74488700011534,0.4653119999602495,79.94213799997851,295.7909730000665,True
480842,71.60217999989982,0.7324079999762034,145.70208800000728,0.4394370000682102,76.05091699997502,294.5270299999265,True
436883,70.16606899992439,0.7434080000621179,145.718923000004,0.44035299993083754,80.58787100003428,297.6566239999556,True
546556,70.82105699987551,0.8208700000977842,144.94547200001762,0.4651039998861961,83.77343100005419,300.8259339999313,True
459500,65.67061700002341,0.7044900000892085,144.45794800008116,0.4376029999093589,76.76877800008697,288.0394360001901,True
98497,70.38820000002488,0.7462000000941771,144.5629889999509,1.6464069999528874,79.99667300009605,297.3404690001189,True
338718,65.43639500000609,0.8204949999708333,145.21372600006544,0.46318799991240667,80.61499299992647,292.54879699988123,True
228771,67.30272899994816,0.7060319999254716,146.17226900008973,0.45706199989581364,73.71210000019346,288.35019200005263,True
50165,71.65725499999098,0.8264529999451042,145.571567999923,0.4640619999918272,80.58948799998689,299.1088259998378,True
158956,69.76950300008866,0.7508669998514961,145.76340900021023,0.4580620000069757,80.83058199986226,297.5724230000196,True
311883,65.19750600000407,0.6979070001307264,146.34026799990352,0.45793699996465875,76.78781799995704,289.48143599996,True
270386,66.73270000010234,0.7431589999669086,146.07512800012046,0.4587290000017674,78.44230399996377,292.45202000015524,True
240767,69.30364400000144,0.724365999985821,144.69243700000334,0.4532709999693907,77.42854999992232,292.6022679998823,True
100723,65.82215599996744,0.7199910000963428,146.1730030000581,0.46489600003951637,82.91571299992029,296.09575900008167,True
431896,69.83741899989582,0.7549510000899318,146.17041999986213,1.6741580000143585,79.4788470000185,297.91579499988075,True
129062,73.99685099994713,0.8201200000712561,145.80989699993552,0.46064499997555686,81.26913500018418,302.35664800011364,True
442456,67.64252499988288,0.7255320001604559,145.09736499985593,0.4535200000646,77.91898499999661,291.8379269999605,True
79229,69.56994500001201,0.7558249999419786,146.0051139999905,0.46452100013993913,81.01795699985814,297.8133619999426,True
188439,74.80930299993815,0.7343239999499929,146.1222780001208,0.45689499984291615,80.96420100014257,303.0870009999944,True
151480,69.23605199995109,0.6950310000775062,145.00072800001362,0.4578119999223418,83.13429700001507,298.5239199999796,True
46872,70.63840599994364,0.7444499999564869,145.94597800009979,0.45981199991729227,82.66794299993308,300.4565889998503,True
219485,73.10839100000521,0.7484919999569684,146.36095100013335,0.4551449999325996,80.18087000004925,300.8538490000774,True
532575,66.05873900002734,0.7299080000393587,144.88304799988327,0.46372900010283047,75.87413600003856,288.00956000009137,True
489014,64.49479399998381,0.7029480000255717,146.03089199999886,0.45035300013296364,77.45449799995185,289.13348500009306,True
289229,64.4201239999802,0.7528260000526643,144.20885100003034,0.44460300000537245,80.70680800005903,290.5332120001276,True
281929,76.62595700003294,0.8410380000896112,146.60249200005637,0.46552099979635386,81.57588600010968,306.11089400008495,True
257896,70.78715499983446,0.7259490000706137,145.52548599999682,0.45981200014466594,76.61795699982576,294.1163589998723,True
203580,71.99925100007931,0.8995399998639186,146.08071900011055,1.8494159999136173,79.24844900003336,300.07737500000076,True
493284,72.67486399996415,0.7249899999806075,145.0972099999035,0.459562000060032,81.12769500007744,300.0843209999857,True
28449,67.67076300002373,0.7171150000431226,144.1287499999362,0.46539599998141057,76.10484599990741,289.08686999989186,True
179174,74.02050399991822,0.7136980000268522,145.60148199984724,1.7612870001357805,88.2953059999636,310.3922769998917,True
393115,74.99971399988681,0.8046200000535464,145.40051199992376,0.4642710000553052,81.14789999990535,302.8170169998248,True
370813,69.71030800013978,0.6986559999404562,146.7895690000205,0.4632709999441431,76.54307000007066,294.2048740001155,True
442746,70.66630899998927,0.7394489998659992,144.90981900007682,1.809080999919388,80.95426700015196,299.07892500000344,True
236592,70.45038299997941,0.7430330001625407,145.20070699995813,0.46081200002845435,80.66183500000079,297.5167700001293,True
116589,65.46245000004092,0.7597419999001431,143.48095600007582,0.45356200007518055,79.79046099990228,289.94717099999434,True
369541,72.38904900009402,0.7463249999091204,146.02719499998784,0.461395000002085,82.72729999998774,302.3512639999808,True
122969,64.98397000018485,0.7301989999177749,146.04982099990593,0.4551450001599733,76.2800969998807,288.49923200004923,True
381971,69.86435300018456,0.8490379998420394,145.368617000031,0.46535399997083005,83.81134399996881,300.35870599999726,True
236730,73.39783999987048,0.760367000111728,144.9550569998337,0.44697800012727384,80.72629000002962,300.2865319999728,True
396863,75.76165299997228,0.840995000089606,145.21306799997546,0.465813000118942,79.66832599981899,301.9498549999753,True
576052,72.63001399996938,0.7119490001059603,145.77934099997947,0.43651900000440946,79.02721100003873,298.58503400009795,True
344888,75.58939199998349,0.7583669998894038,144.7734160001346,0.4653129999496741,81.99375899994266,303.5802469998998,True
51712,67.8179229998932,0.7204900000488124,144.6567860000414,0.4566449999856559,76.2461289998555,289.89797299982456,True
480275,71.44195799992303,0.9015400000862428,146.26539899995805,1.775412000142751,80.89387599989095,301.27818500000103,True
282037,69.36894599994048,0.9098319999338855,147.15163899995787,0.4698550001194235,80.34884800008513,298.2491200000368,True
476770,72.13973500006432,0.7529089998570271,147.5430310001684,1.8444149998231296,84.49607400007153,306.7761639999844,True
220764,72.24894799992398,0.745199999983015,144.55498200004513,0.4649790000712528,80.63686199989206,298.65097099991544,True
493799,70.1780649999364,0.8562040000015259,145.18767200002003,0.4733959999612125,77.17112099999213,293.8664579999113,True
312720,68.59190800014403,0.7490339999094431,144.70610700004727,0.4610619998857146,80.26667400008591,294.77478500007237,True
568981,74.01985700016667,0.7039469999199355,144.7821940000722,0.4552699999749166,80.74082100006308,300.7020890001968,True
461009,68.56848999996146,0.7150730000375916,144.7154820000378,0.463562000049933,77.27774599993609,291.7403530000229,True
143998,68.79287200013096,0.6915719998232817,144.45008899997447,0.4624370001238276,77.04315299997688,291.4401230000294,True
546626,62.03157300001294,0.7568670000637212,145.11074300003202,0.4585199999382894,81.75036100010402,290.108064000151,True
563648,74.21686199995747,0.7596580001063558,145.54692899992006,0.4680209999605722,81.04249600000912,302.0339659999536,True
532855,68.57519300001513,0.8146189998115005,146.36987500011855,0.4526029999851744,76.0679390000405,292.28022899997086,True
38210,70.20130599994445,0.7396150001568458,147.62609699982931,1.6813659999570518,81.00986600015858,301.25825000004625,True
563349,72.95913600000858,0.7284069999968779,145.5504220000421,0.4622279998329759,80.78402299997833,300.48421599985886,True
311950,71.17955699982303,0.7059900001422648,144.70187999995687,0.46552100002372754,80.79580999992686,297.84875799987276,True
10583,68.51506199996038,0.750116000062917,145.90159699992,0.44039399995199346,77.76338600001509,293.3705549999104,True
250901,68.80632399997921,0.7552829999895039,145.0605180000366,1.7873699998744996,80.35658400012835,296.7660790000082,True
74457,71.76599700005681,0.7236149999698682,144.99747300010313,0.4629380000551464,80.46124999987114,298.4112730000561,True
190007,71.42639399990003,0.8064529999955994,146.75846000000092,0.45610400002260576,79.45570600008978,298.90311700000893,True
177357,73.48119300013423,0.7517829999414971,145.24926900003265,0.4637709998860373,80.16527900008441,300.1112950000788,True
185292,67.39317500000652,0.8420789999945555,145.34552300005998,0.4391439999835711,76.48857599997427,290.5084970000189,True
493864,70.18646300002729,0.7474080000520189,145.9825859999455,0.5237310001575679,80.8103869999286,298.250575000111,True
102820,74.47598299995661,0.7454499998402753,145.31055600014042,0.4529369998635957,80.14377400013473,301.12869999993563,True
51976,68.88657099989359,0.7012809999196179,145.27855500000442,0.46518700014530623,75.6507009998586,290.98229499982153,True
381360,72.75986600006945,0.8259109999926295,144.89011899991056,1.6700310000032914,80.31848700011324,300.46441400008916,True
304812,72.1250849999251,0.9096650001083617,145.51559999995334,0.4654370000025665,81.67950500001098,300.69529200000034,True
333237,69.15170399997805,0.7301150001239876,146.23579899989636,0.4615620000549825,75.69886600003883,292.2780460000922,True
74733,66.57975799998894,0.7104060000528989,146.3355529999717,0.46556200004488346,80.24127199996656,294.332551000025,True
258883,67.67934499998773,0.7360730000982585,145.4974260000199,0.4592289999436616,82.79488199991647,297.16695499996604,True
55950,73.93291099992894,0.7516160001159733,144.6626809999998,0.4551449999325996,81.71283499996207,301.51518799993937,True
175251,70.62976600013826,0.7209899999907066,145.41767199989408,0.46114500014482473,76.34959999995772,293.5791730001256,True
467176,69.72322599995096,0.7279899998593464,145.96752200009178,0.46956300002420903,82.8656730000148,299.7539739999411,True
368212,71.91544400006933,0.6864879999284312,146.2294089999432,0.4429779999099992,76.27201000013883,295.5463289999898,True
190637,70.0386940000044,0.7507000000259723,146.7638909998641,1.6481550001117284,81.02163500007009,300.2230750000763,True
300341,71.33770999985245,0.7278240000232472,145.88330800006588,0.46268699998108787,82.0635919999404,300.47512099986307,True
445792,68.18352699997376,0.7546159999947122,145.63462600017374,0.4565199999433389,81.11084300003313,296.1401320001187,True
239318,69.46433300004173,0.7492820000152278,146.75567499989484,0.46197899996514025,81.53057000004083,298.96183899995776,True
47769,64.39252800009854,0.7231979998323368,146.040019000111,0.45547800004897,76.86415599982865,288.4753789999195,True
1503,63.04800699990665,0.7566169999790873,145.93454800001382,0.45964600008119305,80.47731099986777,290.6761289998485,True
284743,69.04939500009277,0.7691579999118403,145.3999840000506,0.4653119999602495,81.99450300003264,297.6783520000481,True
65798,70.02477100013493,0.8799129998351418,145.16526500005966,0.4622290000497742,76.84794400006467,293.3801220001442,True
312192,70.86610000010296,0.7541159998254443,146.22368000004826,1.6567390000545856,82.88041299988436,302.3810479999156,True
154705,72.27186599993729,0.7221980001759221,145.80691199989815,0.45881100004407926,82.36959900000329,301.62938600005873,True
192904,67.52532500013331,0.7264480000230833,145.53269099997124,0.4559789999802888,77.43904899984955,291.67949199995746,True
132375,72.04648099991573,0.7597410001380922,144.52081299987185,0.45897800009697676,81.7362329999014,299.52224599992405,True
384661,70.80533999987892,0.7636170000751008,145.11395699992136,0.4568120000385534,80.65314500004206,297.792870999956,True
341828,69.52736700009154,0.7273239998539793,144.5047639999757,0.4617700001290359,75.77138999999988,290.99261500005014,True
282296,63.65081900003133,0.7093639999311563,145.93857700015178,0.46397899996009073,75.86455999989994,286.6272989999743,True
322959,65.18705100006628,0.8361199998034863,145.42504700011705,0.4446860000371089,77.59771599990017,289.4906199999241,True
546976,65.25184500014802,0.7542409998677613,146.0395320000316,1.6604889999598527,81.21133200006625,294.9174390000735,True
52996,71.14039299995056,1.0072520001358498,145.3588779997972,0.4618950001713529,83.61422799998763,301.5826460000426,True
522007,67.74207800003751,0.6867380000130652,147.37508700000035,0.46618700002909463,75.84263599983387,292.1127259999139,True
423123,69.5139020001534,0.7528239998464414,144.66992500001652,0.45318599995880504,83.28541800005951,298.67525500003467,True
570736,66.25596900016717,0.7609909998791409,145.20765599991137,0.45202000001154374,81.33408300000156,294.0107189999708,True
45596,72.49736600010692,0.7418239999879006,144.42028799999207,0.46656199992867187,83.41092099999514,301.5369610000107,True
232649,64.08616199996686,0.7934930001738394,145.21673299987015,0.4500620000271738,81.82926700010285,292.37571700014087,True
70774,72.49261199990542,0.7488650001050701,144.2192739998518,0.462436000134403,81.10852799995882,299.0317149999555,True
172330,71.63374100014153,0.7116560000213212,146.29444699994565,0.455353000006653,76.24156599990783,295.336763000023,True
123585,68.74540599983447,0.7022800000413554,144.94425600014438,0.46706199987056607,77.34136099998068,292.20036499987145,True
455981,66.77019299991116,0.721323000107077,144.1310949999206,0.4600199999913457,75.99342699995759,288.0760579998878,True
193926,65.14049700012947,0.7328649999180925,145.8812969999599,0.46672899998156936,78.82667500007301,291.04806300006203,True
192699,68.73769499998161,0.7522829998833913,145.83225100000163,1.6656140001032327,80.6342500000028,297.62209299997266,True
560312,70.45530799996413,0.7264890000442392,145.9072500001639,0.46589499993388017,80.01455699991311,297.5694990000193,True
44652,65.18958000015118,0.8454949997940275,145.6394880001426,0.4399350000312552,76.02188299983936,288.1363809999584,True
498857,68.3026310000514,0.7285320000391948,145.82712099991113,0.46422900004472467,80.54820400002427,295.8707170000707,True
575187,71.31204999996044,0.7189899999957561,144.74810899992008,0.5661500001679087,81.21877099983976,298.56406999988394,True
319607,75.75711799995588,0.7341150001138885,144.91482499988706,0.44460300000537245,81.49632499998916,303.34698599995136,True
302452,65.64572100000987,0.7469909999144875,145.73773500001153,0.46502100008183334,77.86720899980537,290.4626769998231,True
201934,65.1354489998539,0.7565739999790821,146.45201100006489,1.6814479999993637,82.53703300010784,296.5625150000051,True
58393,70.80898399999569,0.7331980000344629,147.4016339998343,0.4591040001287183,80.51531999990402,299.9182399998972,True
353180,65.39524899994831,0.7125729998733732,144.22916300009092,0.4586869999911869,77.67107199993006,288.46674399983385,True
423519,73.5595609999109,0.7339070000398351,146.44367599998986,0.4680199999711476,80.72145100004491,301.92661499995666,True
461573,73.39892499999223,0.8965389999957551,146.0398190001797,0.4536029998689628,79.02487699993799,299.81376299997464,True
516804,70.08632400015813,0.7227399999010231,144.82776599993485,0.4529780001121253,75.76252800004113,291.85233600014726,True
441468,69.91856700005883,0.7327399998757755,145.09665300010965,0.4607280000072933,82.50306900004034,298.7117570000919,True
277005,74.91757200000393,0.6958219998978166,144.4508259999111,0.4546870000012859,83.00000400004137,303.5189109998555,True
484893,70.01277599988498,0.7148640002014872,145.9742259999075,0.46785299991825013,75.83069400016029,293.0004130000725,True
32811,69.31345399993916,0.7422399999086338,144.3479050001315,1.871580999932121,80.76632400002381,297.04150399993523,True
130386,71.20736899992153,0.7394900001145288,146.41486599998643,0.46681099979650753,83.03975200010427,301.86828799992327,True
417876,64.53416099998321,0.7304060000024037,146.10380799990708,0.45393700020213146,76.22887399998035,288.0511860000752,True
173183,70.9228539999458,0.7521570000790234,145.21643600005518,0.4657289998704073,78.93044899992674,296.28762499987715,True
89271,77.07124399985332,0.8677460000399151,145.42190400015897,0.4364349999832484,81.9962040000064,305.79353300004186,True
56545,75.00152600005094,0.8559539999168919,145.59736199998952,0.4612289999386121,78.39563100014857,300.31170200004453,True
221213,73.94914699989386,0.905039000144825,145.78474599989022,0.4573119999804476,80.64418599997225,301.7404299998816,True
534639,71.71205100007683,0.8335779998560611,145.73366000013266,0.4603529998803424,79.61576699995021,298.3554089998961,True
560371,71.16635900001711,0.7339060000504105,144.55689500005064,0.4536449998795433,77.05202800002553,293.96283300002324,True
42178,73.52850100005526,0.7062390000101004,148.50377299990214,0.4686449999553588,76.55809000016234,299.7652480000852,True
106281,73.95843599988439,0.7410739999613725,145.98483100007797,1.7674929999884625,80.23653999998714,302.68837399989934,True
570664,69.863635000047,0.7174889999532752,146.23775500012925,0.4669790000662033,80.66376299984768,297.9496210000434,True
412887,70.7356279999658,0.6930289998763328,144.61014100015745,0.43393500004640373,75.62063000000308,292.09336300004907,True
131938,71.94088699998247,0.7304069999918283,146.35546499994234,1.655862999996316,81.10870000018622,301.79132200009917,True
540928,64.44402299985086,0.6942800000615534,145.2730440000778,0.4607700000178738,75.80746899998303,286.6795859999911,True
563702,75.38815800012344,0.7554069998150226,145.23645300005228,1.660738000055062,80.67196799993326,303.71272399997906,True
445722,69.23293499994543,0.7521990000896039,144.83714399989367,0.46601999997619714,80.77584800003024,296.06414599993514,True
115885,67.94312900001387,0.7386980000774201,146.47008899987668,0.5015639999328414,80.62775800021882,296.28123800011963,True
496597,71.82425399992098,0.7386570000562642,145.25748799997018,0.46064499997555686,80.26565599993774,298.5466999998607,True
237864,67.27534800006651,0.7775750000291737,146.5837119999378,0.4557699999168108,76.69921000001523,291.79161499996553,True
389316,70.73895499979699,0.8921220000956964,145.39295300005506,0.4598939999596041,78.98335100003351,296.46727499994086,True
21604,73.37685900006363,0.7634080000116228,145.77938399997947,0.4558109999379667,80.64433499998813,301.0197969999808,True
267940,67.63098500005071,0.7321979999233008,145.38136200008012,0.4679369999394112,75.50903100013784,289.7215130001314,True
255536,60.06849400000647,0.6984049998663977,143.33252400001584,0.4606869999861374,77.5944540000637,282.15456399993855,True
455157,71.31660099980763,0.7980340001267905,145.59066299989354,0.453645000106917,77.1342259999983,295.2931689999332,True
486112,67.1285020000596,0.7417819999773201,147.6583290000235,0.46618600003967003,80.15185199997177,296.14665100007187,True
259625,74.62207300000046,0.7495319998724881,145.43735899997046,0.4593940000177099,79.92650900018816,301.19486700004927,True
103723,73.43031400000655,0.7488649998776964,145.7542050000029,0.4593950000071345,79.88317400008782,300.2759529999821,True
530162,73.42114699986269,0.7434070000726933,144.93378899987874,0.44922800020685827,81.10947299996951,300.6570439999905,True
273232,70.31100999984119,0.7491159999517549,146.06287900005555,0.4657690001295123,82.73996000002626,300.32873400000426,True
292330,71.10458600004677,0.7263219999913417,145.1498819999415,0.44847700019090553,75.54527699994651,292.974544000117,True
266981,69.22933900000316,0.7303649999812478,145.77640700008487,0.4595200000494515,84.58849299995563,300.78412400007437,True
184611,73.32401199982996,0.8147430000917666,145.5998940000427,0.46368699986487627,83.43169300019326,303.63402900002257,True
513484,69.51263999985713,0.7032800001525175,145.87461399992208,0.6124429999090353,76.37714200018308,293.08011900002384,True
17029,72.87990899999386,0.6902380000610719,144.47651299997233,0.45572799990623025,77.43352000011328,295.93590800004677,True
163118,66.32183400006397,0.885662999962733,145.13516000010895,0.461185999938607,79.51010600004338,292.31394900011765,True
547502,77.31684500004121,0.8805369998299284,145.31725100005133,0.4560200000014447,81.14700900000571,305.1176619999296,True
90003,71.9488239999464,0.7952839998779382,144.94661000003362,0.45810300002813165,76.4068060000227,294.5556269999088,True
6954,74.52172600005724,0.7452400000147463,145.0216079999791,0.46422800005530007,83.05592100009562,303.808723000202,True
128654,68.4485050001058,0.8977879999747529,145.64754999992147,0.42993500005650276,80.18446500000209,295.6082430000606,True
459195,66.91873199997644,0.7159469998896384,144.32311900009154,0.4308509999191301,77.37859500002742,289.76724399990417,True
481582,67.86439699999391,0.7282389999545558,144.49104300001636,0.46218600004976906,81.47243199982768,295.0182969998423,True
227898,74.60338999999294,0.8324099999299506,145.85763700006282,0.455268999985492,80.26817299992217,302.0168789998934,True
188465,69.43904399986423,0.6756949999271455,144.79700800006867,0.4669780000767787,79.00720299994646,294.3859279998833,True
411530,66.5585879999071,0.6631950000155484,146.29973799992513,0.44160200013720896,80.66131500004303,294.624438000028,True
191761,62.20094199989035,0.684071000023323,145.2303529999881,0.43868500006283284,77.50059299996792,286.0546439999325,True
542127,65.79276100001152,0.7304480000129843,145.33652399995844,1.811577000125908,87.59293999992224,301.2642500000311,True
386277,72.33649799991326,0.7436990001679078,145.28235499983566,0.46281100003398024,78.09599400002298,296.9213569999738,True
148707,71.48096200012333,0.7596569998895575,149.1172240000651,0.46385299992834916,75.81130900007338,297.6330050000797,True
130579,70.69263399989723,0.7407810001041071,144.79770399998415,0.4352680000465625,81.074241999886,297.74062899991804,True
451043,66.18669199997385,0.77282400002332,145.03658900002847,0.4416019999098353,80.0510320000285,292.48873899996397,True
434459,75.81806000007418,0.7385320000139473,145.46285599999464,0.4615620000549825,84.30625100004363,306.7872610001814,True
552842,69.37786599996798,0.718946999995751,146.05395900002804,0.463102999901821,79.83872800014069,296.4526030000343,True
447522,70.17073299994081,0.7201140001598105,146.3198869998905,0.5338559999472636,78.05627600009757,295.80086600003597,True
190841,74.4979589999275,0.7486570000310167,146.6749849998905,1.6434030001164501,79.54950699991059,303.1145109998761,True
38678,69.35278000014478,0.7548239998413919,144.33888000007755,0.46110299990687054,80.78876400008994,295.69635100006053,True
34257,68.80629699981,0.7491570002002845,146.37309099998674,0.4661030000079336,80.73897099984606,297.133618999851,True
161799,72.5451640000756,0.7575740000902442,144.41263300000173,0.4456859999208973,81.54233699997349,299.70339400006196,True
350148,72.09572800002206,0.7492819997878541,146.02440700014085,0.44189400000504975,83.13660999988315,302.44792099983897,True
87476,68.49298899987843,0.7241140001497115,144.43112699996163,0.46656199992867187,79.16498400004457,293.279775999963,True
490515,63.65490899997894,0.7483229999252217,145.26962199988702,1.69615499999054,79.79155200018795,291.1605609999697,True
445602,71.4275309999266,0.8564110000861547,145.12928199997077,0.46201999998629617,80.73496499991961,298.61020899988944,True
37689,67.60515700011638,0.7268219999332359,144.7508440001002,0.45860199998060125,80.41986699981862,293.961291999949,True
400044,70.60374200000297,0.7542400001057104,145.79492999996546,0.4605609999543958,79.91480400005457,297.5282770000831,True
210230,73.80983600000945,0.7429070001307991,145.55575200006388,0.46568699985982676,82.45703600005072,303.0312180001147,True
468505,67.59836499986704,0.7201140001598105,145.00613999985035,0.4583940001339215,80.06663999981356,293.8496529998247,True
551822,70.77232999995431,0.754698000037024,145.44724200004566,1.6618619999917428,79.82654700003877,298.4626790000675,True
80273,70.15934600008222,0.7489479999094328,144.29736000010962,0.46264499997050734,79.82075399991118,295.48905299998296,True
193429,66.91858299996056,0.7396569999400526,145.38469500007523,0.45539400002780894,75.11330299985275,288.6116319998564,True
530146,71.44922999987102,0.805700999990222,145.561157000202,0.4615199998170283,78.00946600013958,296.28707400001986,True
69224,64.25875999980235,0.7481980001102784,144.46369400002368,1.767116999872087,81.45144500008428,292.6892139998927,True
120853,71.00412799991318,0.7452820000253269,147.6248689998556,0.46185300016077235,82.17309999986355,302.00923199981844,True
256518,65.74727800011715,0.7266549998803384,145.6880320001801,0.45706099990638904,76.21630399989954,288.8353299999835,True
517056,70.34609800007274,0.7433650000621128,144.5493159999387,0.46264499997050734,82.83891700011736,298.9403410001614,True
187362,71.45222799999829,0.7426980000673211,145.91887500000666,0.4651029998967715,80.65686600002664,299.2357699999957,True
21879,69.19529900005728,0.865661000034379,145.285217999799,0.44156100011605304,77.84453599992958,293.63227499993627,True
252701,70.08712600008948,0.7349889999659354,145.61673100001826,1.663278000023638,81.4769809999234,299.5791050000207,True
398203,74.20359100001406,0.7361979999132018,147.12316899999678,0.4605199999332399,82.89216599996507,305.41564399982235,True
518326,70.4891420000422,0.6870289998914814,145.3660110000783,0.568023999903744,77.22492300013073,294.33512900004644,True
463802,64.4424260001415,0.7019049999144045,145.33192099997905,0.45714400016549916,76.65323299988813,287.5866290000886,True
96427,67.92248900001141,0.7522820001213404,145.80544099999315,1.6485689998262387,81.07504400004473,297.20382499999687,True
189775,67.91040600000997,0.8627859999705834,145.28575300005286,0.4651019999073469,84.33176499988804,298.8558119998288,True
376900,69.97594900008153,0.7287809999070305,146.23782800003937,0.4644360001293535,79.11012499994285,296.51711900010014,True
301421,68.84077500012609,0.7531569999628118,145.9007720000045,0.44022699989909597,83.47197500006587,299.40690600005837,True
494913,66.94952899988493,0.748781000083909,144.546881999986,0.44310199996289157,81.76661199991031,294.45490599982804,True
509824,71.04916000002959,0.6946119999611255,144.9118930001987,0.46551999980692926,78.98470000009183,296.10588500008816,True
186282,63.03961100002198,0.6867790000342211,144.66004699988844,0.44389400000000023,75.65505899992786,284.4853899998725,True
68765,67.83168800006933,0.8685369998602255,149.65209000001778,1.7310319999523927,80.35821500016027,300.44156200006,True
359540,72.59813899986511,0.7106550001481082,144.20536099987658,0.463562000049933,81.52547000008781,299.50318700002754,True
427997,65.73367999999391,0.697071000104188,145.99643099995774,0.4570610001337627,76.49634199992761,289.3805850001172,True
340894,70.43167000006179,0.7480730000679614,144.7145439999531,0.461185999938607,82.19595600007779,298.55142900009923,True
425925,73.46213100004206,0.8404099999097525,147.73150400014856,0.4647270000077697,82.43500799994763,304.9337800000558,True
174371,73.05411300012565,0.7268219999332359,144.42448399995556,0.443310000036945,77.52329799996005,296.17202700001144,True
28285,72.21736700012116,0.755364999804442,144.13530500019078,1.7432820000067295,79.78130899982716,298.6326279999503,True
168883,68.96631399990838,0.752865000094971,143.65407599984792,0.4595610000706074,79.19403500000044,293.0268509999223,True
207538,65.11448600008407,0.7333639998705621,146.0190899999816,0.4537689999324357,75.58867200009445,287.9093809999631,True
376856,74.59388000006584,0.7441559998824232,144.8685390000719,0.46147700004439685,77.37416400004804,298.0422160001126,True
51326,73.64029899986235,0.7550729999366013,144.47331400015173,0.46564399985982163,81.50987900012296,300.84420899993347,True
391648,68.27903199996399,0.7268219999332359,145.37022600006821,0.45622700008607353,76.28607599986026,291.1183829999118,True
377670,71.65692100011256,0.7529489998887584,144.86236500010818,1.8453269999554323,81.22194700013097,300.3395090001959,True
349480,75.62446300016745,0.7359059998179873,145.63443900010498,0.46064399998613226,83.48095900009866,305.9364110001752,True
328030,68.8306360000297,0.8588700000018434,146.79369600003156,0.45556100008070644,76.70354899983067,293.6423119999745,True
372718,72.16414999993503,0.745572999903743,145.07999400007066,0.46064399998613226,79.76550800003679,298.21586899993235,True
368982,68.98397200006912,0.7196970000222791,140.13899499991567,0.46401999998124666,74.19352400006574,284.50020800005404,True
356424,64.90338499997961,0.7080719999521534,146.34737899996253,0.4574780000439205,77.99660000000586,290.41291399994407,True
496571,70.5658729998504,0.7440730000780604,145.9454870000627,1.7524899999443733,81.46353400002226,300.4714569999578,True
30828,72.95471899988115,0.7482820001314394,145.7053049998649,0.46418600004471955,81.0326000000714,300.9050919999936,True
512476,67.75479399993856,0.7242389999646548,143.67405300004066,0.45385299995359674,76.27206600000136,288.8790049998988,True
232348,72.6384560000497,0.7483649999358022,144.76389100013876,0.4568109998217551,80.19948100013607,298.8070040000821,True
365766,69.5822010000029,0.7128209999791579,144.59108599999126,0.46556200004488346,76.3421079998352,291.6937779998534,True
445658,69.55199100002574,0.7514070000524953,144.5139580000614,0.44218499988346593,84.24360499998329,299.5031460000064,True
552883,65.76637500006655,0.7414469998821005,146.00047900012214,0.4411019999679411,78.86333800001921,291.81274100005794,True
492077,73.75212500005546,0.7701160000124219,145.00530800000888,0.46739399999751186,86.35389899995971,306.348842000034,True
383606,64.70491000004586,0.7586570000057691,145.80588100011482,0.46110299990687054,76.39064899990444,288.12119999997776,True
561256,65.90162699990287,0.7935749999887776,145.64120799991542,0.454477000175757,76.26456100001633,289.05544799999916,True
357737,70.14780500003326,0.7706989999860525,144.5085770001242,0.45893599985902256,81.68015900014325,297.5661760001458,True
354072,71.08692500014513,0.7480719998511631,144.62045100003706,0.4548110000541783,81.12450999988141,298.03476899996895,True
289992,65.42022899998301,0.7344059999923047,147.42269299995314,0.4658110001400928,75.33605999992687,289.3791989999954,True
209747,65.36181000001307,0.8814540001367277,143.83416800001214,1.6553609998481988,80.71574300015527,292.4485360001654,True
365642,71.59365400002571,0.7464889999937441,146.26872200005892,0.46293599984892353,79.75703300007808,298.8288340000054,True
104803,65.00100099992778,0.7472400000096968,145.56273400012287,0.4508939998686401,76.90637300015624,288.66824200008523,True
410878,71.08788000005006,0.7211550000647549,149.15096799995808,0.47164500006147136,79.71803099985664,301.149678999991,True
27982,69.03662800004895,0.7659479999801988,144.51923100000386,0.4589769998801785,81.46630999999616,296.24709399990934,True
149222,63.12133699998412,0.6944880001356069,144.97470399987833,0.4695190000347793,77.06996000001709,286.33000800004993,True
48924,71.61919100008163,0.739780999992945,145.2670080000189,1.7711989999042999,78.49406100012857,297.89124000012634,True
341058,74.13246300006904,0.7341969999288267,144.5162679999612,0.45914400016044965,82.16092099996786,302.0029930000874,True
140420,71.39972000004491,0.7023629998457182,144.7783150001669,0.4541019998214324,75.984162000168,293.31866200004697,True
466339,67.82178000003114,0.8259930000349414,145.36171500003547,0.46014400004423806,79.74931799981277,294.21894999995857,True
459634,76.83511300001555,0.7526570000209176,145.54668000005222,0.455353000006653,81.29679900002884,304.8866020001242,True
488385,72.4141379998855,0.7832820001567598,145.32079199989312,0.46168500011845026,76.07037100001435,295.0502680000682,True
566042,67.98232500000267,0.7541980000951298,145.53142499994465,1.685237000174311,79.63480999978856,295.5879950000053,True
520009,72.49951399990096,0.9017039999434928,144.69976500004122,0.4641020000235585,82.89836299991293,301.46344799982217,True
362682,69.19212699995114,0.6988200000250799,145.6578869999703,0.45606100002260064,76.28654299992377,292.2914379998929,True
357501,72.6154740000311,0.9003289999327535,146.47995800009994,0.46014400004423806,79.98419599994122,300.44010100004925,True
98261,64.5215960000769,0.7523649999257032,145.24028100004216,0.4647279999971943,80.81860599986612,291.7975759999081,True
396518,69.85315099996114,0.7450309999512683,146.21382200016342,0.4396429999360407,79.6085970000604,296.86024400007227,True
65288,75.61567900006594,0.7413640000777377,146.7746729999817,0.46010200003365753,86.13165699989622,309.72347500005526,True
207728,66.45746499998495,0.6907370000135415,145.28948699989996,0.4558519999591226,74.80277000013302,287.6963109999906,True
410712,71.11686799999006,0.748656000041592,144.0766440000516,0.4603939999014983,81.257080000114,297.65964200009876,True
298697,73.71009999997113,0.7554480000635522,144.16243499999837,0.4569359998640721,80.17086400013795,299.2557830000351,True
106881,72.13061499987816,0.7913240001471422,145.83871199988607,0.4662690000714065,75.0239019998844,294.2508219998672,True
290293,68.09632199997395,0.7184050000432762,143.87129700003243,1.7824899998686305,79.90639600006944,294.3749099999877,True
474164,74.91693899987695,0.6727360000695626,145.21747799994955,0.46297700009745313,75.27870099988831,296.54883099988183,True
356612,69.03223399990566,0.8256589999291464,145.73724399997445,1.677194000194504,83.41203800000585,300.6843690000096,True
435206,70.66888399981508,0.8909120001590054,145.59061299996756,0.46585199993387505,80.56937900005323,298.18563999992875,True
106389,68.00752499998453,0.8008249999420514,145.40310400002454,0.4527690000486473,75.91518599997471,290.5794089999745,True
300913,67.32428700001947,0.7482389999040606,146.1040869999124,0.43885100012630573,80.10281399992891,294.71827799989114,True
416837,75.77930200000083,0.7444889999987936,147.12237899993852,0.4664769999180862,79.80209400011518,303.9147409999714,True
49810,68.54554400001689,0.6994870000198716,140.12604799995643,0.45655999997507024,75.84176299997125,285.6694019999395,True
63552,74.10106600013933,0.7587810000586614,146.07633399987208,1.671193999982279,80.22756600007597,302.8349410001283,True
565962,67.74705099996936,0.7436139999299485,145.68593800004237,0.4678530001456238,77.45045100000425,292.09490700009155,True
112798,71.03389400003834,0.7518229999732284,145.84048699998675,0.45114299996384943,82.72450300000855,300.8018499999707,True
217219,71.62291899999218,0.746989000163012,144.54434999993282,0.4571849999592814,80.72804400012501,298.0994870001723,True
61960,67.1971910001048,0.8861199999046221,145.68755799996325,0.45506100013881223,76.94401099979586,291.16994099990734,True
565989,67.01068400002441,0.7003619998613431,145.61338900011833,0.4642270000658755,75.68595899988395,289.4746209999539,True
410612,64.47991300001377,0.7378630000403064,144.11311899993962,1.8082409999351512,79.73037600004318,290.869511999972,True
382030,69.86455199989905,0.7412390000354208,146.11948700007815,0.4654360000131419,80.3385229999094,297.52923699993516,True
477689,69.82463000008465,0.6956539998554945,144.69222000002446,0.4608520000601857,74.90946600000825,290.58282200003305,True
258541,65.12085400004253,0.7578219999686553,146.34620500009987,0.4657689999021386,80.05788700006633,292.7485370000795,True
268375,74.93521700007477,0.7476969999515859,145.44183299994984,0.5235640001046704,81.89916699984678,303.54747799992765,True
423506,65.94709299997703,0.7076960000631516,144.9728090001372,0.4540609998002765,78.19139000002906,290.2730490000067,True
510329,71.68516299998373,0.7522810001319158,144.75634199993692,0.46506100011356466,81.05079999995723,298.70964700012337,True
139872,75.72187100004157,0.7350309999765159,144.88201400013168,0.4628519998277625,80.06246700006159,301.8642350000391,True
308328,69.46135999987746,0.721905000091283,144.72975200010296,0.4583519998959673,78.20655399996213,293.5779229999298,True
339823,74.41981400006625,0.7464059999620076,144.90434300000743,0.45760200009681284,79.93949999990946,300.46766500004196,True
55150,72.73070400015058,0.8597019998433097,145.0596399999995,0.45472700003301725,83.54552400010107,302.65029700012747,True
89880,66.51069700001244,0.7502399998884357,144.42190099998697,0.4607690000284492,79.65281900010268,291.796426000019,True
82807,73.47589799996967,0.7681560000492027,145.00109200002953,0.4667690000133007,81.25359299992851,300.9655079999902,True
323799,69.27539200000865,0.7127369999579969,146.14072199992734,0.45760200009681284,79.24280199995337,295.82925499994417,True
104603,72.52998400008437,0.7603649999055051,145.6719510001676,1.6802779998670303,80.77623700000913,301.41881500003365,True
312586,76.53623000010157,0.7439470000463189,146.60244299989245,0.5062709999492654,79.90795099999559,304.2968419999852,True
352582,68.45172999987881,0.7455730001311167,144.81770299994423,0.45555999986390816,77.31388700017305,291.7844529999911,True
250758,72.57694200006881,0.7467809998615849,145.01566900003127,0.4608530000496103,80.15662799994061,298.9568729999519,True
166747,70.36609900001167,0.7666149999749905,143.8511159999507,0.45476900004359777,83.2228760000362,298.66147500001716,True
12748,69.40168400001312,0.7029029998193437,144.14450399999623,0.46285200005513616,75.89128400013578,290.6032270000196,True
79014,65.14471800005595,0.7509889999255392,146.74702699994668,0.4674360000080924,79.04449600005137,292.1546659999876,True
279769,68.01112700009071,0.7312799998544506,145.06278800013206,0.45947700004944636,76.68085499994959,290.94552700007625,True
60886,67.1942989999934,0.7574480000585027,146.04053399989425,1.6737770001782337,85.36283599983108,301.02889399995547,True
8844,70.6727750000482,0.7423219999509456,146.0758270000042,0.46318600016093114,80.61097399991013,298.5650840000744,True
108495,68.35772199997336,0.7521970001107547,147.56872199995996,0.46556100005545886,77.62018299990814,294.7643850000077,True
438955,70.53326699997342,0.851535000037984,144.45667199993295,0.4416429999309912,83.87060500012922,300.15372200000456,True
421060,70.11433299999226,0.7514890000948071,144.83131199995114,0.44305999995231105,78.45788300005552,294.59807700004603,True
7977,69.89524000005076,0.7127379999474215,145.23541200014733,0.462102000028608,76.40529900004367,292.7107910002178,True
489924,66.06579100002818,0.6912370001828094,144.6158399999149,0.46318499994413287,75.65222400012317,287.4882770001932,True
231822,67.06612200014206,0.7468219998827408,145.98297900010948,0.4585189999488648,83.279285999879,297.53372799996214,True
15597,71.57109900003888,0.7294879999335535,144.75813700005347,0.4596859998855507,78.8430210000115,296.36143099992296,True
528314,70.9199880000142,0.7479050000256393,144.51804300006188,0.46635199987576925,82.96822900001644,299.6205169999939,True
401250,67.05557699979181,0.7413220000671572,145.49666300013087,0.4512269999850105,77.00281699999323,290.7476059999681,True
72281,72.09407599998485,0.7416550001835276,148.16072999997232,0.5348129998310469,79.26311900018845,300.7943930001602,True
111207,69.5543459999044,0.6708190001063485,145.29315400000087,0.441477000094892,75.84043599990764,291.80023200001415,True
129812,67.1734549998746,0.8552020001388883,145.55065900003683,1.6566509998483525,79.49600100005227,294.73196799995094,True
336209,71.22495300018272,0.7239879998905963,146.1216830000467,0.4616020000867138,80.18644499998118,298.7186710001879,True
558213,66.54838700001164,0.7130290000532113,144.932843000106,0.47576899987689103,75.60396600001695,288.2739940000647,True
492968,69.13649300008728,0.7437389999722654,147.1770129999186,0.4604350001500279,78.75625899987426,296.27393900000243,True
23359,69.34716599994317,0.7512390000101732,147.63707300016904,0.45943499981149216,79.43949500008785,297.6344080000217,True
63047,77.74325900004442,0.8904119999897375,147.21338799995465,0.5233550000411924,80.68600399997194,307.05641800000194,True
377814,70.33524799999213,0.8041579999371606,146.08859200006918,0.4625189999387658,76.26523699991594,293.9557539998532,True
426376,63.096825000002354,0.8156170001711871,145.4264770000009,0.4538099999535916,75.89313899984518,285.6858679999732,True
364884,66.57842599997821,0.7411970000248402,144.79499300000498,0.4585599999700207,83.67024799986211,296.24342399984016,True
132544,72.57958800005326,0.7519050000155403,145.44501999989734,0.4586850000123377,82.60845500012692,301.8436530001054,True
327592,70.95251900000221,0.7441550001203723,145.36117800003012,0.4596849998961261,79.89000800012036,297.4075450001692,True
108503,72.49566500013316,0.7532390000051237,145.9566599999107,0.46435200010819244,81.08963999984553,300.7595560000027,True
243199,67.89847699997154,0.7414470001094742,146.04041400002643,0.4653099999814003,78.83454800003165,293.9801960001205,True
567011,72.30719799986218,0.7436970001890586,146.00599200002762,0.466893999828244,80.7234139999764,300.2471949998835,True
483050,68.53654300016387,0.6945279999399645,146.6590580000684,0.4465600000003178,76.3500269999895,292.68671600016205,True
121586,69.91968199986331,0.7525299999997515,146.53242900021723,1.6717339999559044,83.3068109998294,302.1831859998656,True
292024,72.53578800009564,0.7102790000317327,145.76539699987734,0.46301900010803365,77.40965099992536,296.8841340000381,True
302030,68.1862750000164,0.8709940000244387,146.2321190001603,1.7492789997959335,84.17971900007615,301.2183860000732,True
104424,73.64503899998454,0.749488999872483,144.6177620000526,0.46839400010867394,80.5619459999889,300.0426300000072,True
563281,69.35936500008211,0.7348219999130379,147.05444400010492,0.4443099999207334,74.92496600002596,292.51790700004676,True
325483,69.0029320001031,0.7347799999024573,144.72676099990167,1.7564460001722182,84.54460500001915,300.7655240000986,True
324258,71.95230100001027,0.7263630000124977,146.13361000010627,0.46330999998644984,82.86741200004144,302.1429960001569,True
277197,67.21760800019183,0.7016539998403459,146.02485500017792,0.4556019998744887,77.76578800007883,292.1655070001634,True
532901,70.12693599995146,0.7476969999515859,145.78771700007565,0.46126899997034343,80.7987000000594,297.92231900000843,True
46031,70.4801970000517,0.7391139999981533,145.03726799989636,0.4653110001981986,78.43235299992557,295.15424300007,True
189820,69.2347299998346,0.8858280000367813,145.57091500000752,0.4426430000421533,84.32755100011491,300.46166700003596,True
195754,66.65941699998257,0.7559050000054413,146.11731299987696,0.4408090001106757,80.50080999987586,294.4742539998515,True
315219,67.72837400012577,0.7389049999346753,146.39265200003138,0.46568600009777583,80.95557799993003,296.2811950001196,True
559348,67.41952800007311,0.7243210000069666,145.801044999871,1.6843600001266168,81.88719899999342,297.5164530000711,True
276804,74.40881299999091,0.721236999879693,144.8887569999897,0.46014400004423806,79.73252900001171,300.21147999991626,True
427256,74.71999000017604,0.6779440000173054,145.57032199991227,0.4675190000398288,82.29817100004766,303.7339460001931,True
434479,69.765205000067,0.7531139999628067,145.70582700002888,0.4549760001282266,82.33192299985603,299.01104500004294,True
208363,71.12017600002218,0.7472800000414281,145.23609999992004,0.450268000122378,83.98711499989986,301.5409390000059,True
87742,71.25614000005953,0.8549520000542543,145.22201199997653,0.46064399998613226,78.35434200001146,296.1480900000879,True
486040,73.89470299995082,0.7526550000420684,145.05883800006814,0.46701899987056095,80.4994700001771,300.6726850001087,True
206218,69.80091199989147,0.7162790000165842,144.54119099991658,0.4566860000068118,76.52785100003712,292.04291899986856,True
482970,66.65411799986032,0.7352380000611447,146.54223000002276,1.6673600000558508,78.85510999994949,294.45405599994956,True
326970,68.3075160000044,0.7148619999952643,144.37042899999142,0.46181099992281816,81.16753600006632,295.0221539999802,True
478420,68.02646200003437,0.7376969999768335,144.80911400005425,0.46806000000287895,76.78456799999367,290.825901000062,True
411754,63.96658999983629,0.7523220001530717,145.6310639998719,0.527853999983563,81.99707100015985,292.8749010000047,True
369503,67.43585499998517,0.7704899999225745,146.90252600007625,0.4636440000922448,80.63180399994962,296.20431900002586,True
802,66.06846400018185,0.7309049999548733,144.59739099993385,0.4575610000756569,77.19453899994733,289.04886000009355,True
456662,65.54677700000866,0.716779000185852,146.33887899981346,0.4534760000751703,77.06853500008037,290.1244460001635,True
525286,73.45722199988813,0.7071540001106769,145.19945600000028,0.46635299986519385,77.25595600004453,297.0861409999088,True
330554,66.18059200013704,0.7318219998069253,145.9722330000659,1.6931110001223715,79.91422999998576,294.491988000118,True
530457,73.64314400001604,0.7200699999430071,144.6110960000624,0.46264399998108274,80.73709699988285,300.17405099988537,True
375078,66.46126999999069,0.6882360000872723,145.75559999980214,0.45826900009160454,76.81548000005023,290.17885500002194,True
500716,70.24341999999706,0.7249880000017583,146.13861000020734,0.5249379998986115,80.16248800004178,297.79444400014654,True
411938,74.98273700002756,0.8566179999434098,148.16423399997802,0.45018500009064155,84.37349099995117,308.8272649999908,True
257169,68.26008999996702,0.6808199998431519,145.62729800013585,0.4399760000524111,77.22278500000357,292.230969000002,True
173091,68.42026300000725,0.7242379999752302,144.74409199988258,1.6611500000180968,77.0305250000547,292.58026799993786,True
418062,73.844562999966,0.7071950001318328,146.03610099993602,0.46164399986992066,82.50632900012533,303.5558320000291,True
91615,65.92824400013342,0.6980279999879713,146.4194509999288,0.45739300003333483,79.26844899998287,292.7715650000664,True
489339,67.85073799983365,0.7527380000738049,145.09914700010995,0.45793499998580955,79.48282999996081,293.64338799996403,True
302760,69.30633599995417,0.7540300000528077,145.91967499995917,0.45876900003349874,81.04535100005705,297.4841610000567,True
489091,62.76723900009529,0.7110699998520431,145.15989400001672,0.5284799999571987,75.08865199997672,284.25533499989797,True
383443,70.46350700011317,0.745488999882582,145.9572180001487,1.667441999870789,80.72246300002917,299.5561190000444,True
268831,65.27433900009783,0.7359469998391432,144.93967200019142,0.46264299999165814,80.67799999980707,292.0906009999271,True
23666,68.35075399999369,0.7215699999960634,144.39010899991445,0.4617270001290308,76.32649099991795,290.2506509999512,True
6213,68.02503199992316,0.7624480001595657,144.1367639999953,1.9105359999684879,80.34444500003701,295.17922500008353,True
560474,70.89606499994261,0.7310710000183462,144.87154300013572,0.4603929999120737,83.77228900008049,300.73136100008924,True
380706,68.67409799997404,0.7327790001454559,144.83966399984638,0.4657680001400877,78.00922399997035,292.7215330000763,True
304560,73.43078899998545,0.7131530001061037,147.8795779999018,0.5764390000422281,80.02517999989323,302.6251389999288,True
312340,72.55046199998105,0.7650729999113537,145.81320199999936,0.5218549999881361,78.77050199999758,298.4210939998775,True
175387,68.07282099998702,0.8367840000573779,145.4023059998235,0.4656020000766148,80.54144700008692,295.31896000003144,True
184762,67.81372700015709,0.814323999975386,145.90424299990445,0.4478930000004766,81.15468000005421,296.1348670000916,True
136715,73.75492400001349,0.692862000050809,144.8935349999374,0.46401899999182206,84.39393599996947,304.199275999963,True
553094,65.4209639999408,0.7530720001795999,146.08049499997833,0.4554349998215912,75.91184200009593,288.62180800001624,True
479912,67.24532799989902,0.6644430000051216,145.92615500009742,0.4652269999496639,78.25714499995229,292.5582979999035,True
214205,66.70026399979179,0.7183210000221152,145.61426700015545,1.764612999977544,79.90125199989961,294.6987169998465,True
495054,71.33086599992566,0.7290710000233958,145.89902800003074,0.463934999970661,79.35018600005606,297.7730860000065,True
167540,68.30424200006746,0.6791939999857277,144.04090800007907,0.43514300000424555,74.08439100004216,287.54387800017867,True
543528,69.12519200000133,0.7338630000504054,145.87035599993214,1.6702340001302218,77.79933200004052,295.1989770001546,True
424776,68.08823400001529,0.6886940000185859,143.56726400001207,0.46297700009745313,75.14801699994678,287.9551860000902,True
162858,71.46307500011062,0.7502809999095916,144.94523100006518,1.748695000060252,82.12037799989957,301.0276600000452,True
255917,72.16864500014708,0.912827999854926,145.6810110000788,0.466102000018509,83.01337200009584,302.24195800019515,True
232538,67.87743099994259,0.7203620000382216,145.76559699980862,0.45422700009112305,76.28543500004525,291.1030519999258,True
13348,68.98005900006865,0.909202999991976,145.713300999887,0.4600180000124965,81.70431700000336,297.7668979999635,True
545594,78.20080099986626,0.8877860000211513,145.82255300001634,0.4613940000126604,81.40492899997298,306.7774629998894,True
303908,68.39424100007818,0.7209460000012768,144.51429199993981,0.44372599995767814,76.91187500017804,290.985080000155,True
420472,71.5856189999613,0.7195709999905375,145.06481400007942,1.7096520000450255,81.0861229999773,300.1657790000536,True
76416,75.45614700006809,0.7189870000274823,146.30323500000486,0.6036489999132755,81.93507300006786,305.01709100008156,True
531036,73.37906399993699,0.7074029999785125,146.6135390001,0.5719389998830593,75.738949999959,297.01089499985756,True
98392,64.42153800003325,0.7184040000538516,145.2016900000217,0.4598519999490236,79.75690199987184,290.55838599992967,True
142472,69.17710200013971,0.7450299999618437,145.589075000089,1.6691089999767428,82.00057299995933,299.1808890001266,True
516143,68.63624600009643,0.7128620000003139,145.6009930000164,0.514728999860381,79.79998500013608,295.2648150001096,True
42628,68.56957700006205,0.7337370000186638,145.81758499980424,0.5358550001801632,77.76706999993621,293.42382400000133,True
369442,75.25822000002336,0.7476969999515859,146.01050600003873,0.4616020000867138,83.50737999990088,305.98540500000126,True
523194,74.81961600001341,0.7450299999618437,144.2465180000454,0.45605900004375144,79.26916999986133,299.53639299992574,True
213593,65.55649599999924,0.7245289998536464,145.36322900016785,0.4659349999656115,78.39438399992105,290.5045729999074,True
151657,70.92558500016821,0.7240709999223327,145.08546799993383,1.7676540001048124,80.1530769999772,298.6558550001064,True
495146,72.22871799990571,0.7094449999840435,146.21517499995207,0.4715190000297298,83.76955500011718,303.39441199998873,True
134722,68.16276500012464,0.6841100000656297,145.66219399989677,0.4560190000120201,75.21712900006605,290.1822170001651,True
184400,69.17326300003879,0.7507380000788544,147.24017399998957,0.46906099987609196,79.17457899998226,296.80781499996556,True
478286,72.02616799986572,0.750404999962484,145.65760599998612,0.4561430000649125,79.595677000043,298.48599899992223,True
217400,73.09962699991956,0.7440290000886307,145.9666189998643,0.4656010000871902,77.58697200006281,297.8628480000225,True
252332,74.715648999927,0.7572389999950246,145.88557299998683,0.45610200004375656,80.59204999995018,302.4066129999028,True
519338,71.49697900013052,0.7430299999668932,145.79039999989618,0.46351800006050325,77.92877499991846,296.42270199997256,True
352491,70.14242299987927,0.7499050000205898,144.78948300006778,0.45743500004391535,83.11635599989131,299.25560199990286,True
377882,74.12058199997773,0.7482789999357919,145.06849500003227,0.4638929999600805,76.69426699999349,297.09551599989936,True
64495,70.8231999999498,0.777405999997427,145.49680300001455,0.4561429998375388,75.03453300000729,292.5880849998066,True
197528,71.18550399991364,0.7502380001369602,145.3906269998697,0.4651440001453011,78.9322699999957,296.7237830000613,True
222863,75.02269899987368,0.7434460001150001,144.61518000007345,0.4433089998201467,79.46654200009107,300.29117599997335,True
313454,66.58615299988924,0.7536969999364374,146.09890600013387,0.46485199982271297,76.93481600017549,290.83842399995774,True
229221,67.67202999981237,0.763530000085666,145.86472499991032,1.6621080001186783,79.96130900005483,295.92370199998186,True
20571,77.92764500004523,0.7510709999678511,143.5261320000336,0.4602680000971304,81.7843819997961,304.4494979999399,True
4134,67.86911999984113,0.7069440000577742,144.9328549999791,0.4588510000758106,81.75625600006242,295.72402600001624,True
230362,69.8984499999824,0.7539880000422272,144.8483080000642,0.4603509999014932,80.92917900012253,296.89027600011286,True
162543,71.32392200014692,0.74027899995599,145.62621100003525,0.4673099999763508,80.76279600004455,298.92051800015906,True
7108,67.3010109999268,0.8407410000472737,145.41291099999398,0.45351799985837715,76.76688800006559,290.775068999892,True
215072,70.60010099985448,0.7409460001781554,143.80288799998198,1.7659869999988587,81.77800299995397,298.68792499996744,True
223955,70.42096599980141,0.7056950000787765,144.35823899998468,0.4603930001394474,78.99764099988715,294.94293399989147,True
269316,69.24766900010582,0.801323999894521,145.40298900010384,0.46989299994493194,79.95605400014938,295.8779290001985,True
1818,72.99861000001329,0.7399050000458374,145.0075980001202,0.465892999955031,79.87771700004487,299.0897230001792,True
391290,66.98624699993161,0.7071530001212523,145.81129199996212,0.44439299995246984,75.79771900009291,289.74680400006037,True
479596,69.28971000002093,0.7348209999236133,145.58307500010415,0.46180999993339356,85.33259799992265,301.40201399990474,True
132931,72.71630499985804,0.7060279999677732,144.47998900004677,0.45606000003317604,80.01963700007764,298.3780189999834,True
153669,68.47584499996628,0.6893190000027971,146.007298999848,0.46689400005561765,81.03484100001879,296.6741979998915,True
434548,66.09474900005807,0.6869019998703152,144.5327780002117,0.45214299984763784,76.29790300006789,288.0644750000556,True
556158,65.3000909999264,0.7169870000325318,145.0195889999577,0.4580600000281265,74.90684799995506,286.4015749998998,True
157138,63.016752000066845,0.7454879998931574,144.70753499995226,1.7719449999731296,79.99542500010648,290.23714499999187,True
407002,75.58816499999921,0.7633220000116125,145.2384260001054,0.4617269999016571,80.15942900010486,302.21106900012273,True
439290,68.86564799992811,0.70244499988803,145.19050800004152,0.4558099999485421,75.01297500016335,290.22738599996956,True
493442,68.54413499991097,0.758614000005764,145.92957900003967,0.46668499999213964,79.93062800005646,295.629641000005,True
559160,70.98802299992713,0.7473220000520087,144.84244899995247,0.4616849998910766,81.55839900018691,298.5978780000096,True
186042,71.23815600016314,0.754279999910068,145.2180880000924,0.46614399980171584,78.71274400008588,296.3894120000532,True
516871,72.36640900009661,0.7404460000088875,147.8875689999768,0.449934000016583,75.8170459998837,297.2614039999826,True
443844,71.55416900013734,0.731403999907343,145.36021899994012,0.4616010000972892,80.28809699999329,298.39549000007537,True
359833,67.8345190001437,0.6868189998385787,146.9194010001047,0.45660099999622616,78.47823199995219,294.3755720000354,True
188592,66.4783830000033,0.6786100000226725,145.11066199997913,0.46430999987023824,75.34890000010819,288.08086499998353,True
71877,70.24136500012901,0.7219039998744847,145.0430760000927,1.76715299994612,78.92779200005862,296.7012900001009,True
419408,76.27318599998034,0.8577010000863083,145.21332799995434,0.46735199998693133,82.46392900014143,305.27549600014936,True
125472,66.30199799997172,0.7001530000252387,145.28433099985705,0.45035200014353904,77.22913799989328,289.9659719998908,True
428111,67.89322800000264,0.7576969999263383,145.03090400012297,1.7603619999135844,81.0196630000064,296.46185399997194,True
145665,67.35499800015532,0.7398630000352568,145.7246390000364,0.4628929998489184,74.69928699993034,288.98168000000624,True
551780,65.11169899999913,0.7671139999274601,146.02106400002413,0.4632679999758693,74.95054700007131,287.3136919999979,True
581206,66.84489300005225,0.7512790000419045,144.86768599999778,0.44697599992105097,75.21614000006593,288.1269740000789,True
532481,71.78733800014925,0.7630719999269786,145.73167799994735,1.6472320000957552,82.11024599995653,302.03956600007587,True
398742,72.67470399983722,0.7726549999915733,145.88738800011924,0.4614350000338163,80.19783500003541,299.99401700001727,True
279730,66.87372499982303,0.7465710000360559,144.8783480000202,0.4517259999374801,82.34621100018558,295.29658100000233,True
528399,72.07459699998253,0.7610299999214476,145.75875800005633,0.4666019999604032,84.25966100003279,303.3206479999535,True
54605,73.83924999999181,0.7392789998448279,144.30653000022176,0.43272499988233903,82.7043900001172,302.02217400005793,True
430286,67.42832800000542,0.6921940000665927,145.91938399985338,0.4609350000919221,80.6066400000418,295.1074810000591,True
497628,69.54061999999794,0.694276999865906,146.16693600009967,0.46293499985949893,76.96382900007848,293.8285969999015,True
248400,70.66437299999961,0.8553669999855629,145.05072500014649,0.4417669999838836,80.8013949999804,297.81362700009595,True
63965,66.49533099994187,0.7303200000023935,144.27948200000174,0.44455900001594273,78.97878199992192,290.92847399988386,True
498807,72.01204900002267,0.7332789998599765,144.9532999999974,0.4647680000289256,79.28220999997393,297.4456059998829,True
475191,64.838348999956,0.7320290001189278,144.67199699993216,0.46081000004960515,75.10479600000508,285.8079810000618,True
97994,63.14061400007631,0.6872769999972661,145.82741399999577,0.4588510000758106,78.6077650000152,288.72192100016036,True
316404,67.50949399997808,0.7458620000306837,144.90950300000804,0.46718499993403384,80.0789889999578,293.71103299990864,True
467315,70.90483599995423,0.7579050000003917,145.77849400006926,0.45268500002748624,79.51088300001175,297.4048030000631,True
261535,69.78033399991546,0.7296119999864459,145.13017500007663,0.4506010000113747,77.5043859998732,293.5951079998631,True
203864,74.46705699999256,0.7393210000827821,146.1319210000056,0.5515630000445526,81.72842699991634,303.61828900004184,True
371749,70.4016889999366,0.7134859999951004,145.61185900015516,0.4583519998959673,82.66167100009625,299.8470570000791,True
549674,68.06738799991763,0.7131950001166842,144.54956700001276,0.46047699993323477,79.62834199997815,293.41896899995845,True
344621,65.46578400002545,0.7525290000103269,145.0101650000306,1.8314469998585992,81.23965400000088,294.29957899992587,True
356432,69.95633600013207,0.7609469998897112,146.09562300006473,0.4622690000815055,80.88593200000105,298.16110700016907,True
382743,67.06138899994585,0.7340289998865046,145.2738830000726,0.45572599992738105,75.84831799999847,289.3733449998308,True
357888,69.53536099990743,0.747237000041423,145.67506100001992,0.46010200003365753,81.89726099999461,298.31502199999704,True
124442,71.37013999999908,0.761488000080135,144.1368749999583,0.4575179998482781,79.78905400000258,296.5150749998884,True
93261,64.79017200013004,0.7262789999913366,145.7141869998395,0.4600180000124965,75.68751799999518,287.37817399996857,True
57725,66.33456700001261,0.7490289999623201,144.62581099996896,0.4536840001492237,75.4177129999789,287.580804000072,True
474344,69.20480200005841,0.7461130001047422,146.24091199993927,0.577856000063548,79.83963699984997,296.60932000001594,True
264968,69.98116599993409,0.7626550000168208,145.68738999992092,0.4503100001329585,81.82517299997016,298.70669399997496,True
357430,66.77866599989102,0.7291950000762881,145.54717600003642,0.4522259998793743,75.65230600016548,289.1595690000486,True
369757,69.30797099994379,0.7573210000373365,146.0497339999165,0.4626009999810776,81.87233900002866,298.44996599990736,True
167353,73.839856999939,0.7454880001205311,146.05744200002846,0.46268500000223867,79.33907300002829,300.4445450001185,True
88345,67.00104700007614,0.7032779999462946,145.09977900002013,0.4542679998849053,76.14111400016554,289.399486000093,True
371699,75.17340999993394,0.7462369999302609,145.67950800005747,0.4576429998905951,83.1400530000792,305.19685099989147,True
6771,71.7981499999496,0.7510299999466952,146.27102899999045,0.4656430000977707,81.16064199998618,300.4464939999707,True
273712,68.78907400005119,0.7399869998607755,145.17556999999215,0.45943400004944124,76.62358900006438,291.78765400001794,True
545100,70.7463999999618,0.7552380000106496,145.79067700015003,1.672107999866057,80.74608100014302,299.71050400013155,True
66886,71.7306029998781,0.7400710001093103,145.26002699994933,0.46081000004960515,78.59095499998148,296.7824659999678,True
526256,70.45476200005396,0.7228609999856417,145.30740400005016,0.4652689999602444,75.74542699990161,292.6957229999516,True
240250,67.88595200009695,0.7215699999960634,147.2401879998415,0.446184000111316,79.70416600005592,295.99806000010176,True
344614,71.54876100003094,0.8739509999031725,145.49361500007763,1.7503609999494074,80.1578470000095,299.82453499997064,True
522638,70.06099399995946,0.7131530001061037,146.03634499985674,0.4620600000180275,80.0939279999966,297.3664799999369,True
537802,69.57451700009187,0.7796559998496377,145.32310800018422,0.46343499980139313,75.7392160001018,291.87993200002893,True
435205,67.95445299985658,0.7521960001213301,145.95217299984142,0.46793500018793566,82.02579399994647,297.15255099995375,True
428867,63.59732300006726,0.8994929999062151,146.21668099994167,0.4667680000238761,80.39118800002143,291.57145299996046,True
146155,76.22960799994871,0.7400710001093103,144.81837600010294,0.46585099994445045,89.91172699984418,312.1656329999496,True
485844,65.10525599992434,0.7238200000756478,145.6763679998403,0.45018500009064155,81.04762800007848,293.0032570000094,True
508370,75.9199690000969,0.7659049999801937,144.51923499996155,0.46010200003365753,80.70594699984213,302.37115799991443,True
311081,67.26813099999163,0.7991980000952026,146.84928399992714,0.4551429999537504,74.98034900004313,290.35210500001085,True
577932,70.66013799999382,0.7112370001323143,144.43414800007304,0.46535099977518257,81.40768400016896,297.6785580001433,True
409358,64.81611799995335,0.7732389999546285,145.12179600001218,0.43935000007877534,76.64936999981364,287.7998729998126,True
474786,60.39202699980706,0.6819850000283623,145.7951970000977,0.46489300007124257,76.86804599984498,284.20214799984933,True
187513,66.05537199993705,0.7276540000020759,144.8863699999947,1.753151999992042,80.29947099998935,293.72201899991524,True
67213,74.61129100011021,0.7375699999556673,144.87265999991905,0.4626020001978759,82.1147059998566,302.7988290000394,True
342295,65.39701200017589,0.8834099999148748,145.44280399991294,0.4563930001495464,75.0231370000165,287.20275600016976,True
102331,66.85890300013853,0.747903999808841,144.3215940000755,0.4605179999543907,80.39968100001715,292.7885999999944,True
37670,72.60608599995066,0.8965760000592127,145.77844299992648,0.45372600015980424,81.00616299998364,300.7409940000798,True
243495,65.88407100002769,0.7147360001908964,146.22766399998,0.4618509999545495,75.02321900005882,288.31154100021195,True
190236,68.01327900006982,0.749279000046954,144.84406899987334,1.8227380001007987,83.69963999984975,299.12900499994066,True
389812,75.74416400007067,0.7479870000679512,144.7822749998977,0.46080900006018055,79.98728799998389,301.7225230000804,True
456292,68.05619799979468,0.7880300001943397,145.41867200000524,0.4527669998424244,75.74549500009198,290.46116199992866,True
553776,67.12170000014339,0.7167779999690538,144.34654499996213,0.46668499999213964,75.41777400001592,288.06948200008264,True
491090,65.50917900017339,0.7073189999573515,145.139534000009,0.4463929999474203,77.49598000009428,289.29840500018145,True
169076,63.11521099996753,0.8362819999092608,143.01795200003653,0.5463960001179657,76.63281999998617,284.14866100001746,True
139871,69.15340299997297,0.7510709999678511,144.3352070000401,1.7284840000684198,80.14382999999725,296.1119950000466,True
374052,70.38845099987157,0.7499880000523262,144.78472399991915,0.46456000018224586,82.44729499983805,298.83501799986334,True
319534,68.9068930000758,0.7826549999663257,145.68459299994174,0.451976000022114,78.21104699996795,294.0371639999739,True
205282,71.18360599997686,0.7464870000148949,145.11385800005883,0.4608509998433874,80.4608000000826,297.96560199997657,True
79188,73.81787399981476,0.7695300000705174,144.58287899992683,0.4627260000233946,79.60059900005945,299.23360799989496,True
577862,70.5393709999953,0.7121109999843611,146.08477100000528,0.45589199999085395,76.81411599992316,294.60626099989895,True
460967,74.48248300011073,0.7066529999519844,144.76417600008062,0.4512259999955859,75.31059600000845,295.7151340001474,True
183104,63.51826200011601,0.7213199999114295,146.0935170000539,0.46297599988065485,75.41047600011552,286.2065510000775,True
181816,64.06586699995387,0.7021530000201892,144.55528999997114,0.45485099985853594,78.93782100018143,288.71598199998516,True
52007,68.24569600007635,0.7359459998497186,145.12127000011787,0.46176799992281303,79.19441400008509,293.75909400005185,True
300155,74.93003700005829,0.7593220000217116,145.04572100008772,1.6977329999008361,80.56846499994208,303.00127800001064,True
283318,72.05813500013392,0.7487369998671056,144.8170050000499,0.4641010000341339,81.08219399991867,299.17017200000373,True
335800,69.26569200004451,0.7308199999442877,144.60112200004005,0.4610589999174408,75.64781600012793,290.7065090000742,True
49259,73.24451299996326,0.7478210000044783,145.1722649999283,0.4602680000971304,79.69980500001839,299.32467200001156,True
278749,69.10635100007312,0.7583219999105495,145.2940189999481,0.4569760001231771,82.60724999990998,298.2229179999649,True
505565,70.83400100009385,0.7105279998995684,144.98563200004355,0.46110099992802134,75.43151300001227,292.42277499997726,True
419882,67.35707500001809,0.6967770000301243,146.95241599997644,0.45568499990622513,76.80023100010658,292.26218400003745,True
550939,67.08326999978453,0.8757010000408627,145.76140799999848,0.45876800004407414,78.58234200011793,292.7614889999859,True
502229,72.03813000000991,0.7061109999995097,145.55298300001596,0.4968519999692944,78.40966899993873,297.2037449999334,True
333956,68.4496979999949,0.7875310000144964,146.32417999996505,0.46464299998660863,80.34515999997893,296.37121199994,True
401862,75.70656200005033,0.8091150000382186,146.65843900002073,0.4413079998357716,81.91555300004438,305.53097699998943,True
366199,68.03038800012473,0.7315709999602404,146.01057999993827,0.46735099999750673,75.67801899995175,290.9179089999725,True
155291,70.28880999996545,0.8215319999180792,145.2611340000658,1.6539400000965543,78.49221099991155,296.51762699995743,True
267169,73.01083199990899,0.9043269999438053,144.9947470000552,0.4605599999649712,80.68033500012461,300.0508009999976,True
566282,66.78321399999732,0.7069020000471937,145.9356979999029,0.4589769998801785,80.56216400018457,294.44695500001217,True
455872,66.49707799988391,0.7475700001577934,144.46176599994942,0.45910099993307085,81.5057429999797,293.6712579999039,True
146363,71.797824999976,0.7456949999777862,144.8131550000653,0.45639299992217275,81.3478180000402,299.1608859999815,True
67534,69.29539199995816,0.7284870000603405,146.33508399992934,0.46114299993860186,79.90842899994277,296.7285349998292,True
408120,72.0308729999033,0.7403199999771459,145.82477299995844,0.46706000011909055,81.03851400005624,300.1015400000142,True
250619,68.52127900015148,0.7020269999884476,145.34792099993865,0.46093499986454844,77.54858700013756,292.5807490000807,True
132796,71.6616919999069,0.8567410000068776,145.5093399999896,1.6408559999945282,81.69586999997591,301.36449899987383,True
47585,73.5750139999709,0.7224860000860645,146.23545199992805,0.46064299999670766,80.96529999988888,301.9588949998706,True
11699,70.29180400013502,0.6996519998665462,144.4658000000345,0.5736890000207495,76.66280000012193,292.69374500017875,True
198489,73.66443499995512,0.790531000120609,145.1951179999469,0.4386000000522472,82.5297750000118,302.61845900008666,True
9448,78.66233400000056,0.813323000102173,145.2383259997987,0.43580800002018805,80.42498600002546,305.57477699994706,True
30494,74.50063100009174,0.7259449998855416,143.82047900016914,0.4625179999493412,79.419487999985,298.92906100008076,True
367082,67.81554000008327,0.7661129998268734,144.47117100007745,0.4526420000274811,82.73686500001531,296.2423310000304,True
96960,74.68097000014495,0.7236110000121698,144.77451199991265,0.45876800004407414,78.37115400002403,299.0090150001379,True
309938,67.71299199999703,0.7094860000051995,145.36274299985052,0.5709380000098463,77.08560500009298,291.4417639999556,True
283412,69.43826699989586,0.8735750000141707,146.51553800013062,0.45893399988017336,80.57261400017524,297.85892800009606,True
320632,74.59967499994491,0.7998220000899892,145.45457599979272,0.45510100017054356,81.43181199989158,302.74098599988974,True
221693,66.56840400000874,0.729486000182078,145.68941899983656,0.46330899999702524,75.41616299999987,288.8667810000243,True
82986,70.8777380000356,0.7387359999029286,144.98939200007044,1.6683970000030968,80.46998300005725,298.7442460000693,True
25139,69.5700209998904,0.724110999954064,147.72099500009972,0.4583509999065427,82.03887500008022,300.51235299993095,True
252216,67.84920199993394,0.7269440000072791,147.24326600003224,0.45285100009095913,75.18398499996692,291.45624800003134,True
348488,70.58430699999008,0.7390709999981482,145.30302399998618,0.461558999859335,79.76537000013195,296.8533309999657,True
406570,71.17483000001812,0.7378620000508818,144.25998399997297,0.4573100000015984,85.88885499989374,302.5188409999373,True
470952,68.90744900010759,0.8182809999652818,145.4961109998294,0.46931000019867497,76.50611700000809,292.19726800010903,True
50149,69.65406099993743,0.7256530000177008,144.94633999993312,1.7734430000473367,82.0463310001287,299.1458280000643,True
506279,71.31670800004031,0.8373240000310034,145.11163800011673,0.46226799986470724,75.60179100005371,293.32972900010645,True
271471,69.49942999995073,0.8185730000604963,146.41672699985975,1.7716510001264396,80.95991200002572,299.46629300002314,True
172935,68.77031699991676,0.7322369999656075,146.10263000008672,0.4605179999543907,79.70178000005035,295.7674819999738,True
447465,68.59022699995876,0.7246530001339124,145.76986699989902,0.4539760000170645,76.337317000025,291.87604000003375,True
397351,71.23591200002011,0.7336109999869223,144.24001699990185,0.459850999959599,81.06524699996953,297.734637999838,True
33104,73.89788699993005,0.7278200000655488,145.69702700009657,0.45606000003317604,83.0620319998161,303.84082599994144,True
161781,67.74931699987974,0.7303200000023935,144.6369870000126,0.46151800006555277,74.77642100002413,288.3545629999844,True
288762,69.72726799995144,0.7469879999462137,146.98570200016547,1.7292329998781497,80.39638800005378,299.58557899999505,True
313783,71.05781799987199,0.7441530001415231,146.07945499983543,0.4666429999815591,81.58964000017477,299.93770900000527,True
466256,66.6259810000156,0.7157349998578866,146.7431480000414,0.4513920000590588,77.41156199995203,291.947817999926,True
24567,72.39286899994113,0.7467790001101093,145.88440600005015,0.461683999901652,82.54317699993408,302.0289149999371,True
480936,74.2970679998507,0.7271530000707571,144.85719599997537,0.4668100000344566,80.21537600006923,300.5636030000005,True
364557,66.46880599987526,0.7200700001703808,145.83406599990667,0.4434750001109933,76.60078000003523,290.06719700009853,True
257624,71.7889689999538,0.7048610000310873,146.04140799997367,1.6841060000842845,81.49767599979896,301.7170199998418,True
450100,74.11097499993957,0.7665710002129345,145.50405399995725,0.45860000000175205,80.92115199997352,301.761352000085,True
10995,66.48251299998265,0.6876519998968433,145.94677500008402,0.4628929998489184,74.65991000003669,288.2397429998491,True
1993,70.49187500001608,0.7330290000027162,146.15161599999738,0.4458509999949456,81.81089400000019,299.6332650000113,True
149770,62.36735500010582,0.7365699998445052,145.40729600003033,0.46651799993924215,79.15545900004872,288.1331979999686,True
240023,67.94773599995096,0.7382779999716149,146.0980690001179,0.45893399988017336,75.71182400010912,290.9548410000298,True
292446,67.50680100003592,0.7322779999867635,144.58321899996918,0.46551799982808006,79.01703500010626,292.3048509999262,True
117744,67.48688299990135,0.730027999907179,144.54292599998553,0.4592260002027615,79.58876499992584,292.80782799992267,True
271402,73.82150099988394,0.7169450000219513,145.54112900009386,0.5451039999115892,80.61201000009532,301.23668900000666,True
122962,69.23073999996632,0.7337790000292443,144.11044700000275,0.46705900012966595,85.40494399994714,299.9469690000751,True
289059,64.72094199989442,0.6960680000247521,145.2581989999544,0.5421880000540114,74.53723499997977,285.75463199990736,True
488166,68.41925000003357,0.8164900000338093,142.9039009999542,0.4539760000170645,80.84697599997526,293.4405930000139,True
371042,73.7888710000334,0.8666169999287376,144.14890299985927,0.46668400000271504,79.6123869999974,298.8834619998215,True
406129,68.02235899999687,0.7309860000077606,145.37474200005818,0.43935000007877534,74.59435999999187,289.16179700013345,True
327701,71.93300800008728,0.6969020000724413,144.28490799991778,1.7473590000918193,79.2802070000107,297.94238400018,True
541664,69.97664099981193,0.7961560002058832,148.05446599984862,0.45976699993843795,78.2825840001351,297.56961399994,True
575081,69.04418799990708,0.7316109999919718,144.62720899996384,0.4588930000863911,79.01894499991613,293.8808459998654,True
458663,71.9645080000646,0.727985999901648,145.96209300020746,0.46680999980708293,79.99931600011223,299.120713000093,True
144984,66.20803700002398,0.7085690001531475,145.00672299982398,0.4435580001427297,75.31705099995634,287.68393800010017,True
540962,67.3641220000718,0.7039429999622371,144.6066629998768,0.4642680000870314,79.05873599997904,292.1977319999769,True
74646,71.35685799994462,0.68127600002299,143.7615879999612,0.4674770000292483,80.59862799996154,296.8658269999196,True
7784,63.44843000010769,0.6957349999083817,144.52866000010545,0.4393909998725576,73.7294909999946,282.8417069999887,True
22705,70.92896499989365,0.8154480001394404,144.91896300000917,1.6555209999751241,79.3582039998455,297.6771009998629,True
187734,72.71628299986332,0.7627790000697132,145.67782499989335,0.4631010001503455,79.73117599999568,299.3511639999724,True
546717,68.12414800015176,0.7739469999705761,144.71082899990506,0.4551849999643309,73.05846200006272,287.12257100005445,True
294162,70.68074700009674,0.732110999933866,144.68470199994954,0.4602260000865499,78.1430710001132,294.7008570001799,True
492110,72.02021299985972,0.7305280000764469,144.2426000000978,0.45539199982158607,81.65062300008685,299.0993559999424,True
477805,61.55702099999871,0.7731549999334675,147.67468900004133,0.4851850001159619,73.81565699984094,284.3057069999304,True
160556,67.54637499989258,0.7152360001327907,145.07313099989005,1.7722760001106508,79.87301299999672,294.9800310000228,True
462643,70.66361700003654,0.7074439999996684,144.3336410000029,0.4622670001026563,78.41282999993382,294.5797990000756,True
554838,68.21598200008339,0.6984429999192798,144.67373799993766,0.4580590000387019,76.90773100011938,290.9539530000984,True
505789,76.04511500016997,0.7218189998638991,144.65644500000963,1.768692000041483,80.85434000008718,304.04641100017216,True
243034,67.58837500001391,0.7166519999373122,145.27100700001938,0.4620590000286029,75.75835199986614,289.79644499986534,True
58655,73.80506799995601,0.7302359999812325,144.7076100000686,1.8172360000789922,80.00722299993868,301.0673730000235,True
265518,72.92215999996188,0.7201939999958995,145.84431999992375,0.45997600000191596,76.69109500011473,296.6377449999982,True
66706,66.80696800003716,0.6925679999767453,146.880524999915,0.46351800006050325,77.11144299992156,291.95502199991097,True
336053,64.63596699995833,0.683318000028521,144.71198100000038,0.4596429998855456,79.64758100001745,290.1384899998902,True
386134,65.45403899986013,0.7301950001874502,144.5677669998986,0.4627680000339751,73.41767699995216,284.6324459999323,True
173371,68.28243900008601,0.718403000064427,146.24053900001854,0.5263959999410872,77.91330600002766,293.68108300013773,True
210520,66.97701300004155,0.7264450000548095,146.91910299984556,0.46368500011340075,78.98205400010738,294.0683000001627,True
458768,69.19005600002492,0.8277389999875595,147.18882199986183,0.5075199999282631,82.26363700009642,299.977773999899,True
144333,72.19404499983284,0.8543240001017693,145.19562100008443,0.4424759999892558,81.10896799985312,299.7954339998614,True
237316,68.64586799997596,0.7496540001739049,144.01844999997593,0.46180899994396896,77.30773799994495,291.1835190000147,True
402473,70.0260859998707,0.7498610000311601,144.53359200001614,0.46485200005008664,80.3626039999017,296.1369949998698,True
261888,67.37373400005708,0.8243239999501384,144.86106200001814,0.45335100003285334,77.84121700001378,291.353688000072,True
201775,65.60320900007355,0.73402799989708,146.18407200009642,1.6854389998570696,80.40743800006567,294.6141859999898,True
135670,70.31230300003699,0.7084429998940323,144.70776200005275,0.46010100004423293,80.08234199996878,296.2709509999968,True
223789,67.46619499995177,0.8271140000033483,144.63450900007047,0.4587260000334936,81.64902599992274,295.0355699999818,True
515266,75.7330510000429,0.7309439999971801,144.8690180000085,0.46180899994396896,80.85082999991755,302.6456519999101,True
107087,65.92346899992663,0.7136110000374174,145.16806699998597,0.4554750000806962,74.00289999986853,286.26352199989924,True
141597,68.14867799994317,0.7326939999074966,144.90564100015035,0.4626009999810776,80.12050699994688,294.370120999929,True
309495,69.6513180000693,0.7319030000871862,144.51095799995528,0.4612259999703383,80.179969000028,295.5353740001101,True
206135,65.17060600003788,0.7126519999474112,145.0661870001113,0.45960099987496505,77.20922800012886,288.6182740001004,True
480021,71.37788099998943,0.7339450000927172,145.12272799993298,0.45826800010217994,82.42559299992536,300.11841500004266,True
472678,68.66611199984618,0.7039850002001913,145.91696699994827,0.4656009998598165,77.42586200015467,293.1785270000091,True
187249,63.07202400012102,0.7154019999688899,147.95191899997917,0.5714389999411651,77.02434600014385,289.3351300001541,True
133087,68.48456200009423,0.7542369999100629,146.11859599995114,1.6782300001523254,82.22233399988,299.25795899998775,True
130826,67.89478899986534,0.7419030000619387,144.39523900000495,0.4600590000336524,80.88899099993796,294.38098099990384,True
537053,72.40921099992192,0.7266940001500188,144.48849199993674,0.474768000003678,75.19344199999978,293.29260700001214,True
551350,66.96137800008728,0.7198610001069028,144.64724699996623,0.4549759999008529,75.16848000000209,287.95194200006335,True
558558,66.41973099999632,0.7459040000412642,144.4946969998,1.8155690002004121,81.43338499985475,294.90928599989275,True
500477,68.91816000006656,0.8409479999045288,145.36081400001422,0.4611839999597578,81.66331000006721,297.2444160000123,True
373353,70.88861000011093,0.8011549998627743,143.6197059999813,0.5239780000465544,83.26607800017882,299.0995270001804,True
375493,70.33700300007695,0.7286109998858592,144.64186600002904,0.45905899992249033,81.21062500003973,297.37716399995406,True
494188,69.72477199997229,0.7161940000059985,145.61977800008208,0.4673089999869262,78.13375799992173,294.661810999969,True
299720,66.9079150000016,0.8606159999544616,145.12475900005484,0.4423509999469388,82.88993800010758,296.2255790000654,True
324818,67.620899999838,0.7569040001271787,144.51110699997116,0.4393080000681948,80.03953699994781,293.36775599995235,True
221155,75.1463500000682,0.7604039999478118,146.40126299991607,0.46755900007156015,83.27665899992098,306.0522349999246,True
502910,66.2246370000048,0.7371950000560901,144.94799799990687,0.4620600000180275,74.44561600004818,286.817506000034,True
196754,62.361575000068115,0.6845259999863629,145.89515800003028,0.45893400010754704,75.27977099994132,284.6799640001336,True
91619,68.01191199997447,0.751237000031324,145.00828900008855,0.5731470000682748,78.9199920000101,293.2645770001727,True
232646,70.49283900005321,0.7066099999519793,146.41030100005992,0.4645589999654476,75.57219799991799,293.64650699994854,True
234757,67.44134800010215,0.7336109999869223,144.78486399980284,0.4565590002130193,74.57207699985702,287.98845899996195,True
280325,67.02474700000494,0.7294030001503415,144.05420799994317,1.6574369999489136,81.79755800006205,295.2633530001094,True
184338,74.4145280000339,0.8271140000033483,145.36517399983495,0.46081000004960515,80.86927199997263,301.9368979998944,True
417085,70.83851700008381,0.7332779998705519,145.97007200018197,0.45197499980531575,79.83015000013438,297.82399200007603,True
15497,71.47275000011177,0.7169020000219462,145.54526100005205,0.46214299982239027,81.52312800007167,299.7201840000798,True
60823,70.68571799982237,0.7214440001916955,140.4414009998618,0.45384999998532294,86.15672099995209,298.4591339998133,True
344268,64.4926499999201,0.7261110001763882,144.6713529999215,0.46514199993907823,75.31055999993441,285.6658159998915,True
81594,64.83945500008303,0.8348650001153146,145.27079199979198,0.43468300009408267,75.66165499997624,287.04145000006065,True
416991,66.5084750000915,0.7494859999042092,144.57963699987886,0.46418500005529495,84.62607699993896,296.9278599998688,True
286503,75.47435599985874,0.7131100001060986,145.02452900001117,0.43697499995687394,80.61946700013323,302.2684370000661,True
562207,68.99223499999607,0.6884849999551079,144.97569300010582,0.44189200002620055,76.34426399999938,291.4425690000826,True
556765,63.88837500003319,0.7707790000495152,145.51775299992187,0.4596840001340752,74.93762499984769,285.57421599998634,True
433374,64.94095499988362,0.7076110000525659,144.45533699995394,0.5321870000898343,75.65177700007553,286.2878670000555,True
182805,64.61090100015099,0.7193189999270544,144.59005000003344,0.4514340000696393,82.31761299998652,292.68931700016765,True
229997,77.74985599985484,0.7788210000398976,144.60738399998263,0.44997500003773894,79.3518729999505,302.9379089998656,True
297830,79.35099800010903,0.7028189997981826,144.5435030000226,0.4608930000813416,80.42574699993565,305.4839599999468,True
539962,68.6527190000561,0.7386120000774099,145.49520600007781,0.46397599999181693,78.55280099988704,293.9033140000902,True
409198,67.33850299997357,0.7516119999309012,146.00626700007524,0.4428089998782525,81.03322700003446,295.5724179998924,True
291619,67.40696199995,0.7481120001102681,146.30060800004685,0.4408079998938774,80.2802820001034,295.1767720001044,True
330396,70.07635500008291,0.7129850000637816,144.86672099997122,0.4632249999758642,83.14089000009517,299.26017600018895,True
17115,73.31551899983424,0.8390310001686885,148.37768699999287,0.45184999999037245,80.29261599995152,303.2767029999377,True
49761,71.74400100007006,0.7004839999353862,144.5902489999753,0.4619339999862859,80.94363800000792,298.44030599997495,True
268729,69.30828200006545,0.6771500000013475,145.85350499987726,0.45389199999590346,76.56634800014217,292.8591770000821,True
241677,67.76743199998236,0.6926930000190623,148.41680899985477,0.4664350001348794,78.02194399982909,295.36531299982016,True
356261,67.03173900018555,0.7038179999199201,145.84875299988198,0.45860099999117665,74.23334100008105,288.2762520000597,True
275392,66.91977399987081,0.722985000038534,145.67866100014726,0.46214299982239027,75.11170800012223,288.89527100000123,True
88265,69.60720799997944,0.7514040000842215,144.43928099990444,1.8049010000140697,78.87405800011038,295.47685200009255,True
119452,73.39335200003916,0.7566120000319643,146.26347399985207,0.4674760000398237,80.04889400012871,300.9298080000917,True
205333,63.72586000020419,0.7552369997938513,144.80104100016433,0.4589749999013293,79.8534269999891,289.5945400000528,True
5529,69.73654500006887,0.7662369998797658,145.4688989999795,0.46926799996072077,80.17168800006402,296.6126369999529,True
327780,69.31903000008788,0.709775999894191,145.28055899995707,0.43005800011997053,76.05157500006499,291.7909980001241,True
186929,64.84665299990411,0.7317770000554447,145.811244000015,0.46330899999702524,81.33014700001695,293.1831299999885,True
197658,78.17286099998455,0.7341110001561901,147.08099799986485,0.4580170000281214,78.87372100003631,305.31970800007,True
231527,68.27794700006962,0.708318000079089,144.12992899997334,0.45147499986342154,78.78025900004104,292.3479280000265,True
388903,60.409442000036506,0.8395739998832141,146.4068060001864,0.4662259998440277,76.91160400008812,285.0336520000383,True
573258,62.36880599999495,0.7906130001629208,146.27554799994869,0.4622249998647021,76.4024600000539,286.29965200002516,True
231097,67.36945199986621,0.803406000159157,145.34967899999174,1.6440619999684714,82.29514000004201,297.4617390000276,True
106266,69.21635599996989,0.8204890000342857,145.14079700006732,0.4643919999125501,78.88501200000064,294.5270459999847,True
130613,68.97726300007889,0.7331939998493908,143.84703700011414,0.45518399997490633,76.26020199995764,290.272879999975,True
107094,70.9405439999955,0.7525700000314828,144.12738000009995,0.4686009999659291,79.13293499996144,295.4220300000543,True
400082,69.33389999994688,0.7639450000169745,143.86932899992644,0.461226000197712,80.46252700000878,294.8909270000968,True
336356,70.13947199993709,0.7258190000811737,144.30876100004753,0.45805899981132825,78.90350800016677,294.5356190000439,True
457559,70.48389999999927,0.7545700000264333,146.02761499986627,0.46722599995518976,79.83266800010824,297.5659789999554,True
142238,76.53504399991107,0.747237000041423,145.58138899997175,0.4644350001399289,84.0050329998121,307.33313799987627,True
416343,73.79181600003903,0.7412359998397733,145.4453020000983,0.4581840000810189,80.77857799980848,301.2151159998666,True
5193,70.69990600007259,0.8504069999162311,144.62660100002722,0.46243399992818013,80.91649800007872,297.55584600002294,True
242060,74.2330390000916,0.7429869999668881,146.40000000008513,0.4657259999021335,82.85290399999212,304.69465600003787,True
479953,68.37815300013972,0.7314859999496548,145.66730599995026,0.4598919999807549,76.646922000009,291.8837590000294,True
409211,69.98671299993475,0.7396529999823542,144.76447700008066,1.6811460000099032,84.79964299999665,301.9716320000043,True
127530,71.7553609999868,0.7571529999950144,145.2803719998883,0.5774380001639656,80.74969899985263,299.1200229998867,True
223182,73.25929300009193,0.7186929999534186,146.98818600004415,0.4625589999704971,77.18948199999431,298.6182130000543,True
362716,71.2348419999671,0.7165679999161512,146.13498600010644,0.44410000009520445,81.43076399983329,299.9612599999182,True
321790,70.2223429998412,0.8381990000998485,145.07644299987987,0.4430170001796796,78.51215499999853,295.09215699999913,True
463174,72.14158199985832,0.720277000027636,146.67175399995358,0.4636420001133956,78.98946399996021,298.98671899991314,True
152686,71.69881599998007,0.7482360001631605,144.44158699984655,0.4591839999648073,77.85287900014737,295.20070200010196,True
126137,72.20925000001444,0.7523199999468488,147.31581600017307,0.46651699994981755,81.94823999997425,302.6921430000584,True
183391,74.0721949998715,0.7200680001915316,146.10568799980683,0.43951600014224823,83.19686999993792,304.53433699995,True
444142,69.96495699991101,0.7573620000584924,146.06956099987656,0.45997600000191596,80.60935600019548,297.86121200004345,True
273760,70.43114199996126,0.7624870002018724,144.57525099987834,0.46439300012934837,78.62115499983702,294.85442800000783,True
170474,68.5328600000048,0.712067999984356,143.95835400000578,0.4400990001158789,76.60466299989821,290.24804400000903,True
287347,73.14403300006234,0.7279439998910675,146.08560000010584,1.6519779999271123,82.587470000135,304.19702500012136,True
179642,73.43850300003396,0.7914039999832312,145.6593329999123,0.4624760001661343,83.11628000001292,303.46799600010854,True
382009,66.95930000000772,0.6777339999644028,145.7332080001379,0.4562669998904312,76.44882199997483,290.27533099997527,True
75612,70.95711600004506,0.7458610000412591,146.33489799985,0.45997600000191596,83.68246700001691,302.18031799995515,True
383842,72.2327480000331,0.7420690001254115,144.20998499986126,0.4643090001081873,84.73338099997818,302.38249200010614,True
154358,68.80249200003163,0.7079849999627186,147.0910890000141,0.4458920000161015,80.02449500008879,297.07195300011335,True
463918,66.45165399982034,0.7295270002032339,145.9034619999784,1.6740209998715727,82.98693999995521,297.74560399982875,True
449579,70.05920599999627,0.7236100000227452,145.1004319999356,0.46268400001281407,80.29979699995238,296.6457289999198,True
186345,66.13343300000452,0.7019849999778671,145.95387700001083,0.4544759999589587,77.77732599993215,291.0210969998843,True
527215,73.99781000003713,0.7529859999522159,145.82420500005355,0.4622260000815004,80.08882899980563,301.12605599993003,True
283717,73.45428899998296,0.7537370001955424,146.0936319999746,0.4418909998094023,80.03349400019033,300.77704300015284,True
468965,72.33699800008253,0.7505700000365323,145.19434699991507,0.46285100006571156,80.27116800008116,299.015934000181,True
262227,71.23845499995696,0.7581530001061765,144.61848999985705,0.45610100005433196,81.55650699995931,298.6277059999338,True
405279,70.74731100010467,0.7517779999943741,144.702868999957,0.4623499999070191,84.74287700005334,301.4071850000164,True
528578,68.51118600002337,0.8414070000526408,145.4293949998373,0.4614340000443917,79.98619900013182,295.22962100008954,True
216296,70.13632799998959,0.7469869999567891,144.83995299997332,0.4420160000790929,79.28537999987384,295.45066399987263,True
248616,68.61231400012002,0.7232349998957943,146.21729700002106,0.44530800005304627,76.70840800005863,292.70656200014855,True
482487,71.04378000008182,0.7330690000344475,145.96361999997498,0.46247599993876065,80.07082500012075,298.27377000015076,True
402334,71.13628299998709,0.7025680001788714,145.23417399982463,0.46501700012413494,78.81444300005569,296.3524850001704,True
19742,64.47024099998089,0.8381139998618892,146.28175400002874,0.4544759999589587,75.72728600007395,287.7718709999044,True
300233,71.84984900004565,0.7275689999914903,145.2570490000653,1.6828959999202198,82.09006500010219,301.60742800012486,True
7818,70.29804199987666,0.8166970001184382,145.05508299998837,0.4620170000180224,78.59134999989692,295.2231889998984,True
216419,69.2705849999129,0.7121090000055119,145.5445569999938,0.4562669998904312,76.20301000019936,292.186528000002,True
484978,71.34216200006449,0.7579040000109671,144.82794599985027,0.457017000144333,82.89475999981732,300.2797889998874,True
147205,73.67504100011502,0.7573620000584924,144.7394849999455,0.45505799994316476,81.33620200010228,300.96314800016444,True
25394,68.10937299997022,0.7327780001560313,144.29171500000848,0.4616829999122274,83.32052500009013,296.9160740001371,True
550714,63.8581730001988,0.7233609999275359,144.64231099987046,0.46418400006587035,76.67190100005428,286.35993000011695,True
453302,65.36110399997597,0.7543199999417993,144.69293800016203,0.43580800002018805,82.19510699996135,293.43927700006134,True
464476,66.31101500011027,0.7677789999434026,144.90806899993913,0.4346000000623462,79.03007100003379,291.45153400008894,True
11149,70.95776999994996,0.7300690001557086,144.52434499980882,0.46539300001313677,82.71862400010832,299.39620100003594,True
382734,67.81565300002512,0.7074839998040261,146.28311900014523,0.45489199987969187,79.0546970001742,294.3158450000283,True
259640,71.74809100001767,0.7285690001026524,145.02107199996317,0.4662679998546082,82.18252000006032,300.1465199999984,True
163258,67.0228720000523,0.680732999853717,144.92927400010558,0.4593920000388607,75.15463300001102,288.2469040000615,True
336232,72.20060599979661,0.7568610001271736,144.4700899999134,1.6862300001321273,87.46534099987002,306.57912799983933,True
17207,67.52826499996445,0.8233640000980813,146.46362299981774,0.46130900000207475,80.92059700015852,296.1971580000409,True
394328,68.37129600012304,0.7331940000767645,145.04014999988613,0.4651009999179223,75.09700400009933,289.7067450001032,True
244833,70.40341199990507,0.7567370000742812,144.60171699988678,0.4370990000097663,83.04921700005252,299.2481819999284,True
393569,70.58287800009566,0.7521939999151073,144.66626100011126,0.43322399983480864,80.87622000016381,297.31077700012065,True
136772,68.64318099997035,0.7500690001052135,145.0797339998644,0.5251019999832351,81.39540399997713,296.39348999990034,True
8211,74.40047599993704,0.7462780001787905,145.16110899990053,0.46043399993322964,79.71984100004192,300.4881379999915,True
31817,73.22434899992913,0.756153000111226,144.36512199995377,0.462599999991653,80.66900199992233,299.4772259999081,True
363875,74.1454670001076,0.7299019998754375,146.53907700017044,0.4652259999602393,76.32321400001274,298.20288600012645,True
488075,61.98801300001833,0.7029849998616555,144.9741820001691,0.46176799992281303,79.99805700001161,288.1250049999835,True
366884,67.4363830000857,0.891365999905247,147.11688700003833,1.7587740001090424,80.87925699987863,298.08266700001695,True
18737,73.26034900006562,0.8702410000296368,145.3007360000811,0.4638919999706559,78.9157259998774,298.8109440000244,True
498709,67.94519300001411,0.7288189999599126,144.49653700012277,0.4600170000230719,77.95814699989023,291.5887130000101,True
551794,73.56069200000093,0.8680739999817888,145.93567299993992,0.46080900006018055,80.29298399992513,301.11823199990795,True
575205,74.19054899992261,0.7484860000204208,144.41928299993378,0.46401800000239746,81.38223200012362,301.20456800000284,True
361142,67.2470819999944,0.7066929999837157,146.32456200001798,0.571354999920004,79.11210500014931,293.9617970000654,True
118515,68.12544600006731,0.7469449999462086,144.01934900001834,1.6801039998881606,81.1409719999574,295.7128159998774,True
546829,72.80153700003211,0.7695280000916682,144.70112499998322,0.4598499999701744,78.4948739999436,297.22691400002077,True
94326,69.87821999996413,0.7381939999504539,145.1460580001367,0.4601839998485957,80.16751900004238,296.39017499994225,True
306136,71.78133200000048,0.7498610000311601,145.4735659999642,0.4613920000338112,80.22822799989626,298.6943789999259,True
209222,65.496764000045,0.7271520000813325,144.41806899981202,0.45672600003854313,80.2167270001064,291.3154380000833,True
221281,67.60438399987834,0.8476570001221262,145.4419809999763,0.4585169999700156,80.23493699988649,294.58747599983326,True
112634,75.01157599995167,0.7634040000539244,144.71103500000027,0.46585099994445045,79.8890470000515,300.8409130000018,True
474881,69.11623100018005,0.7258179998643755,144.59028100009164,0.4584749999594351,76.75080500007425,291.64161000016975,True
224200,66.84993800013217,0.726193999980751,146.0143330000392,0.4657669999232894,76.78447400007826,290.84070600015366,True
88848,72.20997000013085,0.8471149999422778,145.63886099995216,0.46822600006635184,78.38403100004143,297.54820300013307,True
29397,70.03672100017866,0.7416529999773047,145.08904599983907,1.6485610001382156,79.05480599993098,296.57078700006423,True
389684,72.55606500007161,0.8856160000050295,145.50752000013745,0.4661009998017107,80.40110600018124,299.81640800019704,True
527616,65.65947600006439,0.7180269999480515,145.87232500002756,0.4533080000328482,77.12740100009796,289.8305370001708,True
151516,69.00105799991252,0.7553200000529614,146.0331609998775,0.46705900012966595,79.72124499997335,295.977842999946,True
500613,71.11317600015354,0.7485280000310013,146.23045999996975,0.5099359998439468,80.55623500013098,299.1583350001292,True
344611,67.57896199997049,0.7358610000665067,144.96703800000432,0.4657669999232894,74.05482800004393,287.80245600000853,True
252294,69.47119899996324,0.7553610000741173,145.96274099994844,1.7190220000884437,79.54598699984672,297.45430999992095,True
1353,70.13180499984628,0.7616950001647638,146.79189399998904,0.4647680000289256,81.08712699981879,299.2372889998478,True
185472,70.03413500001443,0.7309430000077555,144.55989500015676,0.44222499991519726,76.97172600001068,292.7389240001048,True
259854,67.9565170000842,0.7400689999030874,146.15945400009878,1.7966079999496287,79.71965999990971,296.3723079999454,True
15751,65.07707599985224,0.7083170000896644,145.80997999996725,0.46097600011307804,75.13111399998706,287.1874630000093,True
57149,71.13604899996062,0.7529869999416405,145.91944199992213,1.773649000142541,79.78524400004972,299.36737100001665,True
127135,77.13552199993501,0.7501939999201568,148.7932150000688,0.5296449999150354,80.34364000013738,307.5522159999764,True
155341,68.28719400004957,0.7127349999791477,146.0108589999436,0.5206030000408646,78.95983699995668,294.49122799996985,True
492284,70.28605799996512,0.7501950001369551,146.39116399985141,0.45980900017639215,80.22671799994896,298.11394400007885,True
389451,74.0606139997908,0.7381110001460911,144.84460799985754,0.45239100018079625,81.86494500000663,301.96066899998186,True
365745,69.17364200012344,0.8381559998724697,148.1181030001153,0.4603089998909127,76.28673700014588,294.876947000148,True
478474,67.10785500013117,0.7027760000255512,144.34575299992503,0.46655899996039807,76.36736500012375,288.9903080001659,True
172648,65.71888700000272,0.7155270000112068,145.11594800001149,0.4592249999859632,76.750211999979,288.7597989999904,True
399764,68.90650600007575,0.736776999929134,145.9882720000678,1.670561000082671,79.37672699995346,296.6788430001088,True
425390,70.57877400006873,0.7396109999717737,144.33583300001374,0.46247499994933605,80.63685399997667,296.75354699998024,True
396580,71.17392099985409,0.7263600000442239,145.98168600014105,0.45368299993242545,75.48908099988694,293.82473099985873,True
151938,71.87628099995891,0.7545690000370087,145.26157499994952,0.5238109999936569,80.61577100011164,299.0320070000507,True
232244,69.64819800009536,0.8963249999851541,148.64582299992435,0.4381410001315089,81.00820000004205,300.6366870001784,True
411953,65.63104800011388,0.7316940000237082,145.09094099980757,0.43514100002539635,76.72066600002836,288.6094899999989,True
580197,67.87033899991002,0.8284890000140877,147.20960299996477,0.547478000044066,80.69623000005777,297.1521389999907,True
491757,71.34855200001766,0.7415270001729368,148.09250999996948,0.44897499992657686,78.86399399990296,299.4955579999896,True
114049,68.88445900017359,0.7018599999355501,143.98177099997156,0.4552670000066428,76.53224099999534,290.5555980000827,True
320743,70.7030669998403,0.8999920000860584,145.1920249999148,0.46014200006538886,84.89367399988623,302.1488999997928,True
167128,72.895606999964,0.7571529999950144,144.23482300003343,0.4681420000451908,79.74352599990198,298.0992509999396,True
453001,69.21134499998516,0.7211929998902633,145.25894100006553,0.4607250000390195,78.4221849999085,294.07438899988847,True
292155,75.79033699994397,0.7528189998993184,144.45737000005465,1.8363589999808028,79.31896800005234,302.1558529999311,True
521259,75.5579530000432,0.7335689999763417,145.84917100000894,0.460892000091917,86.2646399998539,308.8662249999743,True
88485,66.96663699995042,0.8284470000035071,145.69228899995323,0.452808000090954,76.29164600007243,290.23182700007055,True
81766,75.25298199993813,0.7479020000573655,145.93996400003562,0.4596829999172769,79.96161400001256,302.36214499996095,True
376278,75.71237400020436,0.7465279998086771,146.56206900008328,0.46351700007107866,80.5535949998557,304.0380830000231,True
22892,64.55233799988491,0.7298180000816501,145.6959540000753,0.45251699998516415,76.91883399979815,288.34946099982517,True
127263,70.35355000016352,0.7499859998461034,144.45732200010752,1.7798989999846526,80.0083229999018,297.3490800000036,True
464872,74.49199500001669,0.8489060001011239,145.54294599997775,0.4601829998591711,79.04628700021021,300.39031700016494,True
562443,70.67722900001172,0.7136929998523556,145.83458100014468,0.46514199993907823,76.57132100007402,294.26196600002186,True
242724,67.48485999992226,0.7479030000467901,144.93000299989944,0.45897500012870296,76.60561299985602,290.2273539998532,True
206838,69.30709300013405,0.7509449999361095,146.866073999945,1.6553530001601757,80.52442299981522,299.10388799999055,True
60770,70.82665000007182,0.7512359998145257,146.05387800020253,0.459307999790326,78.56222600003093,296.65329799991014,True
129054,69.3362199999683,0.7502359999307373,144.57394700002624,0.45014200009063643,81.26894899987747,296.3794939998934,True
380203,75.87858400006553,0.7482359999357868,146.13687800010666,0.4658089999338699,79.67943200014815,302.90893900019,True
367818,70.03015999998752,0.8299470000565634,145.49448000002485,0.44334899985187803,77.37526500000058,294.1732009999214,True
54931,71.41833700006828,0.7255680000071152,145.49447900003543,1.6690620000190393,79.09470100003091,298.40214700016077,True
550471,72.11865199997192,0.7073599999785074,147.4911330001305,0.46064200000728306,79.17407799982357,299.9518649999118,True
554328,69.06254000000445,0.7649450001281366,146.97507199980464,0.5721470001844864,76.44356099990546,293.81826500002717,True
470779,67.8198699999939,0.7063590001052944,145.39047199991728,0.4502669999055797,78.02066099998228,292.38762899990434,True
32735,67.22905600008744,0.7536949999575882,144.25413599997228,1.707062999912523,79.51417300000685,293.4581229999367,True
407298,67.08042400009617,0.7827370000086376,143.32926899987797,0.5897300000015093,77.63460399996802,289.4167639999523,True
463542,68.9297000001261,0.8360309998352022,145.62789499996143,0.45814200007043837,84.54594099998758,300.39770899998075,True
455267,71.32191300001978,0.7489439999517344,145.42872100014392,0.45876699982727587,79.96506200015574,297.92340700009845,True
544052,74.09838900002796,0.7322349999867583,144.57897900001626,0.46430799989138904,76.01033400010238,295.88424500002475,True
384666,66.98941900003774,0.7613610000589688,145.397758999934,0.4601830000865448,79.90260299993679,293.51132500005406,True
43581,68.71194099994682,0.7544860000052722,144.76835999994364,0.4676420001032966,80.44066399997973,295.14309299997876,True
54592,65.6245760001184,0.7407349999084545,146.53863100011222,0.455766999948537,77.33008900004279,290.6897980001304,True
256868,69.08974500015574,0.8150720000230649,145.2564999999595,1.6511019998688425,82.4166930001411,299.22911200014823,True
230983,72.62429200000042,0.8821989999887592,145.17641399993408,0.46230799989643856,79.9830620001103,299.12827499993,True
92053,67.09492200002387,0.6946500000140077,144.21337699991454,0.4544329999589536,79.22932500014213,291.6867070000535,True
35682,72.7966300000844,0.7519020000472665,144.63697499991213,0.4622670001026563,82.93591799997557,301.583692000122,True
368684,68.02970500007177,0.7206509999377886,147.27490500013118,0.4645999999866035,78.15591000007771,294.64577100020506,True
61333,66.57706800001506,0.734943999987081,145.0086550000833,0.4601829998591711,83.56714900014595,296.34799900009057,True
49759,71.52791499993327,0.8355720001418376,146.0788169999887,0.458641000022908,82.61069699983636,301.5116419999231,True
232692,73.59644899997875,0.7534439998835296,144.37000400016586,0.4674339998018695,83.11346499999672,302.30079599982673,True
180101,67.54668600001423,0.7042749998618092,144.5131760001459,0.4637669999283389,79.14815300000555,292.37605699995584,True
468577,64.23835500004316,0.6729409999479685,143.91961000001174,0.4579750000175409,75.83752999994431,285.1264109999647,True
44877,67.74627499999042,0.7467360001101042,144.60592599994015,0.46568399989155296,79.44812100004128,293.0127419999735,True
386879,73.44423400013511,0.7422769999720913,144.82460099998207,0.4560170000331709,80.58557899994412,300.05270800006656,True
229111,66.10667300014939,0.720026999943002,145.95139099992593,0.4530160001650074,76.32383899999695,289.5549460001803,True
139684,66.53864600002635,0.7253189999119058,145.00631300006717,0.4575160000968026,82.82178499985093,295.54957899995316,True
492905,67.3490930000753,0.7204430000911088,146.10872799994468,0.4563499999221676,80.02993200011588,294.66454600014913,True
579970,63.6255809999966,0.6997760001468123,146.97588499984704,0.46372500014513207,76.51184499991359,288.2768120000492,True
242934,64.06609700002264,0.749902000052316,145.72454499989362,0.46272500003397,80.07884900007411,291.08211800007666,True
407868,69.57079699986934,0.8570320001126674,145.1773989999765,0.45893399988017336,77.41466800007402,293.4788299999127,True
293200,71.91250799996851,0.7502359999307373,145.4576180001368,1.7670649999672605,85.49583900003199,305.3832660000353,True
433515,69.60588300012205,0.7260679999490094,145.76212599990868,0.46010000005480833,82.23805200009338,298.7922290001279,True
549738,65.09138299998085,0.7188590000168915,145.19010599997273,0.45572499993795645,80.30923100000109,291.7653039999095,True
466416,72.15951599982873,0.7546530000581697,145.48903300010352,0.46634999989692005,81.81828600004337,300.6878379999307,True
2153,72.4868190000052,0.748610999835364,145.70504000016626,0.4549339998902724,80.42027500005133,299.81567899994843,True
50638,73.1903030000467,0.7535269999152661,144.82404799991855,0.5269770001632423,79.11135299991656,298.4062079999603,True
5001,72.74624399997265,0.7404020000194578,145.30260700007602,0.459641999896121,85.72780200006491,304.97669700002916,True
207585,72.09405300000071,0.7464029999937338,145.90116999988822,0.46572500014008256,80.49290299982204,299.7002539998448,True
256407,68.51683900003991,0.7969450000473444,145.36081500000364,0.458725000044069,75.41204899985132,290.5453729999863,True
426253,68.50183799997467,0.7551940000212198,145.71595300003537,1.6656020000027638,80.15155599991886,296.7901429999529,True
249180,74.24929799981328,0.7423600000038277,144.75016699998378,0.5220190000727598,79.60132700009126,299.8651709999649,True
35326,67.45167400003993,0.8249049999449198,145.21964000005028,0.4652249999708147,75.00578299982408,288.96722699983,True
398377,69.48099800001728,0.7549440001639596,145.80803599983483,0.4373910001049808,81.29313699987506,297.7745059999961,True
48564,66.61880900014694,0.7326519998969161,145.8820810000816,0.4370569999991858,79.2523129998699,292.92291199999454,True
336628,71.54986399996233,0.7359440000982431,145.12667700000748,0.4663919999075006,82.87036000001535,300.7492369999909,True
553731,63.67011699990144,0.712984000074357,145.78815799995937,0.4623499999070191,77.25911300008192,287.8927219999241,True
73533,63.55453000014677,0.6856079999124631,145.87132800011204,0.45468299981621385,77.50470500013762,288.0708540001251,True
164363,73.04750200000854,0.7540689998677408,144.48311000001013,0.4573080000227492,79.98871299992061,298.73070199982976,True
468233,70.00834799987388,0.7675700001072983,144.75661699998454,0.4543079999166366,80.25492900014797,296.2417720000303,True
125572,67.05224000006638,0.8297800000036659,146.15595999998732,0.4692669999712962,82.40084099998057,296.90808800000923,True
170595,65.25404800004253,0.6867339998279931,144.7101979999843,0.4382660001738259,74.69414299998789,285.78338900001654,True
295797,68.30553500003589,0.7274019999385928,145.87873999994372,0.46064200000728306,79.67524000014237,295.04755900006785,True
262631,67.95414499993058,0.7012339999619144,145.28746700011652,0.5267689998618152,80.95274500010419,295.422359999975,True
335954,71.53685899993434,0.7149430000481516,147.62601100005668,0.44305799997346185,76.1407769998641,296.46164799987673,True
347335,72.77803000010863,0.8161129999280092,145.4743909998797,1.6696440000032453,79.73036600014893,300.4685440000685,True
305609,71.76832499999364,0.8408640001107415,145.3140070000245,0.46335000001818116,78.58803199997055,296.9745780001176,True
546219,69.8210040000049,0.8933660001275712,145.30146499987495,1.6620599999441765,85.30290200019408,302.9807970001457,True
180751,73.72798000005787,0.7649449999007629,144.53672900003767,0.463641000123971,86.18355999988125,305.6768550000015,True
191845,66.9801499998357,0.7252760001392744,145.93910999997206,0.4542669998954807,87.47664600014105,301.57544899998356,True
507081,66.2372060000962,0.7187339999745745,145.30554499992832,0.45893399988017336,75.12344600013421,287.84386500001347,True
129113,66.74130700002934,0.7152759999371483,145.23458500002562,0.4640580000341288,77.24352399986856,290.3987499998948,True
407614,68.49945499993737,0.7346929999130225,144.6373119999862,0.45672500004911853,82.28212199992413,296.61030699980984,True
415194,71.0676720000265,0.7491530000152125,144.41842700011875,0.455432999842742,79.43735200001356,296.1280370000168,True
228436,75.40920500014181,0.7659859998057073,145.94831600015823,0.45909999994364625,84.51253699990957,307.09514399995896,True
350833,71.62515100003475,0.8704899998974724,146.39795700009017,0.46430899988081364,79.74307000017689,299.1009770000801,True
286907,68.71633499986274,0.7025670001894468,144.49671900001704,0.4600169997956982,76.00655900000675,290.38219699987167,True
482719,72.83777599991481,0.7611529999849154,144.51496900005623,1.6623939998225978,78.6872820001463,298.46357399992485,True
532129,72.87715299980846,0.7326520001242898,145.88597700003447,0.4634340000393422,80.39959399980035,300.3588099998069,True
386457,68.49524299991572,0.7261509999807458,144.46567400000276,0.5217689999881259,76.05939199993372,290.2682289998211,True
463037,70.39506099999926,0.745111000014731,145.7668040000044,0.46739200001866266,80.60084899989306,297.9752169999301,True
110359,69.49186199994983,0.746943999956784,144.7935599999255,0.4634340000393422,79.90361499992105,295.3994149997925,True
383676,72.80369099999007,0.827446999892345,145.2810349999254,0.4640590000235534,78.49764599995979,297.87387799979115,True
215723,71.24900799999523,0.7484440000098402,145.21994799997628,0.4630579999229667,79.67368899994653,297.35414699985085,True
279145,74.35057900011088,0.7169010000325216,145.52087599986407,0.5729790000259527,77.83833100006632,298.99966600009975,True
261161,69.35973000008744,0.7341939999605529,148.42339699998774,1.6768529999353632,80.63014000003932,300.8243140000104,True
545407,146.86900499987132,0.7546110000475892,145.62921000015194,0.4612249999809137,79.8763609998332,373.59041199988496,True
490413,67.02122800015786,0.7424020000144083,146.09305999988464,0.5136019999554264,77.45781500011617,291.8281070001285,True
171298,73.7510139999813,0.8484049999424315,145.1677350000864,0.46151700007612817,75.81038099988291,296.03905199996916,True
443498,70.820865000087,0.7551940000212198,144.4314549999035,1.7585640000561398,80.40329599998586,298.1693740000537,True
486046,70.05641999990075,0.7393600001250888,145.84654899999805,0.4593920000388607,79.89381899983528,296.995539999898,True
282912,70.11333800005559,0.733734999812441,144.84651300017504,0.46801700000287383,76.47648599981949,292.63808899986543,True
506454,66.48762400004671,0.7177339998634125,144.25478099997235,0.4581840000810189,76.15426500001377,288.07258799997726,True
448448,69.51260699997874,0.757069000201227,144.7817569999188,1.8155660000047646,79.45805200006362,296.32505100016715,True
365655,72.8301859999192,0.7566530000531202,144.76921499999662,0.46097499989627977,80.04115600010664,298.85818499997185,True
464824,71.03832899997542,0.7372350000878214,145.6478719999268,0.4634340000393422,74.32323900002302,292.2101090000524,True
165713,72.33816699999807,0.7529439999416354,146.34447799994632,0.5260610000732413,81.02973199993357,300.99138199989284,True
222458,67.73487500004194,0.7429849999880389,146.2581829998726,0.4588920000969665,80.70021999992605,295.8951549999256,True
180011,75.01022199994622,0.7647360000646586,144.68833499995526,0.4635999998754414,82.48982700001761,303.4167199998592,True
334521,71.09778800008826,0.7400269998925069,145.7954970001083,0.4508499998792104,78.61610200006908,296.70026400003735,True
182441,73.01856499998394,0.752860999909899,144.61178700003074,0.46093299988569925,84.56010899999455,303.40425499980483,True
161128,65.11807099991529,0.7074840000313998,145.53232000002936,0.4581839998536452,78.22854599999118,290.0446049998209,True
492282,69.49747900011971,0.7306519999019656,145.9178330001123,0.45860000000175205,80.37449799985552,296.97906199999125,True
514376,80.18132400002287,0.734775999944759,144.80179200018028,0.4534329998477915,81.30778100007774,307.47910600007344,True
572462,69.72052800006168,0.7217760000912676,146.49864499983778,0.4615580000972841,76.28847499995572,293.69098200004373,True
236845,65.63296299987087,0.8552809999855526,145.29080900001645,0.46272500003397,76.37251799997102,288.61429599987787,True
385205,63.813229000061256,0.7046929999887652,145.48243800004457,0.45543300007011567,77.01374899988878,287.4695420000535,True
515025,67.85937499989814,0.7360269999026059,145.274764000078,1.6716439999981958,81.08539699992434,296.6272069998013,True
135872,71.88052099991182,0.7582780001484934,145.49543899988748,0.45964200012349465,82.69078800003626,301.28466800010756,True
125072,69.1361300000608,0.7493190000786853,145.01937699992595,0.4600170000230719,80.7556330000807,296.1204760001692,True
118594,74.08351599997332,0.7692780000070343,145.63302500005193,0.4580580000492773,79.70001099988622,300.6438879999678,True
406417,69.44338999983302,0.7293180001397559,145.5720649998966,0.4520990000855818,76.97328800009018,293.17016000004514,True
531495,71.2215369999285,0.7496939999782626,145.48585200009256,0.45893399988017336,79.27082800006247,297.18684499994197,True
391144,73.56178800000635,0.7376099999873986,145.7546930000717,0.4675589998441865,81.07381000013447,301.5954600000441,True
210708,68.89911899997969,0.7458600000518345,146.60784900002,0.5565619999288174,78.38133800009928,295.1907280000796,True
568814,70.6567659999564,0.7492360000469489,146.2882539999555,0.46722499996576516,81.09647700007372,299.2579579999983,True
472298,67.79245300003822,0.7222760000331618,147.49425299987706,0.43639100022119237,76.76352799990127,293.2089010000709,True
6763,67.39610599993284,0.7176510000590497,146.37046200004988,1.767189000020153,80.22931999994398,296.4807280000059,True
474170,75.14238600015233,0.6979839999985415,144.45589299998574,0.4648080000606569,80.53837299985389,301.29944400005115,True
407943,65.95459499999379,0.7066919999942911,144.80532199991103,0.44268200008446,77.42392499994821,289.3332159999318,True
180296,71.20215800000551,0.7241089999752148,146.4095029998589,1.7733980000684824,80.6967099999838,300.8058779998919,True
181969,78.51733999996213,0.7333180001296569,144.760443999985,0.4650579999179172,78.82268399998793,303.29884399998264,True
343803,67.87916300004326,0.69898399988233,144.80436100006955,0.44326600004751526,76.57455999992635,290.400333999969,True
361180,73.46836400006396,0.7264009998380061,144.5962679999866,1.7485640000813873,80.37944700004118,300.9190440000111,True
151962,76.06491600017762,0.7203179998214182,144.97707300006368,0.46243399992818013,79.0598990001854,301.2846400001763,True
262938,68.68639899994378,0.7619030000114435,145.23491599993577,0.46468400000776455,77.06682700018064,292.2147290000794,True
364166,68.96711700005653,0.7501519999095763,146.89230700014377,0.43643199978760094,82.07179900000483,299.1178069999023,True
350488,68.14271199982613,0.8316970001942536,145.47938099985913,0.4347240001152386,80.62799599997561,295.51650999997037,True
298251,66.00125999989359,0.7376100002147723,144.67976799983262,0.4662670000925573,79.92963800006692,291.81454300010046,True
51309,73.56719999984307,0.7475270001577883,145.44441999987612,0.4954759999691305,80.60574400019505,300.86036700004115,True
400794,72.01693299998624,0.7555279998996411,144.22491600021203,0.46059999999670254,79.97809599987704,297.43607299997166,True
308793,70.58934100018632,0.7252349998907448,148.35664800011727,0.5181439998978021,76.94515399998636,297.1345220000785,True
561889,66.27139300007912,0.7063169998673402,145.15799200012225,0.4652249999708147,77.4382950000927,290.0392220001322,True
280779,66.49231699998381,0.6914000000506348,145.59421299986752,0.44322400003693474,76.43088400004672,289.6520379999856,True
3501,66.26830899995184,0.6750239999746555,144.67122200017002,0.45926600000711915,77.01257199983047,289.0863929999341,True
52591,67.05133700006627,0.8167799999228009,146.77875600000334,1.7567709999184444,80.44369499998538,296.84733899989624,True
458325,75.16067100004875,0.7611519999954908,145.49724900007277,0.46605900001850387,86.76342099988688,308.6485520000224,True
83540,67.93040899992775,0.7264010000653798,144.83685000004698,0.45051600000078906,76.85306400003356,290.79724000007445,True
213255,69.4761310001013,0.7499440000628965,144.46246099987547,0.4590169999119098,81.9914990001962,297.1390520001478,True
29675,74.85899300013443,0.7230259998323163,144.96864500006268,0.4539750000276399,80.4930270001023,301.49766600015937,True
36539,67.75890199992318,0.7451510000464623,144.65421599993533,0.4654340000342927,77.1184049999647,290.74210799990396,True
430973,69.41325299999335,0.6687739999051701,145.02364600002693,0.437766000004558,76.85177100006513,292.39520999999513,True
109992,66.44872900005794,0.7215680000172142,145.95959600001152,0.4620579998118046,81.20776100008698,294.79971199998545,True
395903,71.81646300000466,0.8307799998874543,145.4995350002264,0.4515999999057385,79.51340699992215,298.1117849999464,True
204329,68.39183900001444,0.6923999999344232,147.76340900016294,0.4642669998702331,78.37032400016142,295.68223900014345,True
331604,69.396751000113,0.7195260000116832,145.28352799993627,1.6607679999651737,79.65891300000294,296.71948600002906,True
121673,70.07406699995045,0.7071089999044489,144.27661400009129,0.4648090000500815,81.06583599987971,296.588434999876,True
312489,67.45622199991885,0.7508600001528976,145.53590899981828,0.44847499998468265,80.11309400012578,294.3045600000005,True
521509,69.24924399982046,0.8002380000107223,148.3785530001569,0.46318299996528367,80.45660699986001,299.3478249998134,True
549055,65.84512200015524,0.7207759999801056,145.22973099997216,0.5190609999772278,77.06927499998528,289.38396500007,True
464358,66.57906300006289,0.7503189999624738,145.28723099988383,0.45964200012349465,79.0865550000035,292.1628100000362,True
180878,71.4006129999234,0.7678189999751339,148.1597930001044,0.46514199993907823,80.03575599991564,300.82912299985765,True
32570,69.05931999995119,0.7045669999570237,144.44820099993194,0.4413080000631453,76.00506900007531,290.6584649999786,True
334530,70.39399199993568,0.7324430000608118,146.09138199989502,1.7699390000416315,80.51560600006269,299.50336199999583,True
376206,72.28347599993867,0.729068000055122,146.23797099989133,0.462934000097448,80.4670200000146,300.1804689999972,True
515350,67.83848300005957,0.687024999933783,146.13838400009627,0.4536409999218449,76.50450300002376,291.6220360000352,True
50943,65.80907600005048,0.7531109999945329,144.82100200007153,0.4750169998715137,79.57419600006688,291.43240200005494,True
460333,70.15277300001799,0.7214009999643167,144.4368200000099,0.4632669999864447,77.1929850000106,292.96724599998925,True
312552,63.630122000176925,0.7462769999619923,145.71907399999873,0.4618499999651249,81.56868399987616,292.1260069999789,True
436315,74.2345869998644,0.8453640000425366,145.28205900001012,0.4641000000447093,79.10621999985779,299.93232999981956,True
24144,72.81528500016066,0.7161500000165688,146.30484400004207,0.45755799988000945,75.06373999990501,295.3575770000043,True
509699,67.43084100003216,0.751734999994369,144.96971199992004,1.697102999969502,80.9359930001392,295.7853840000553,True
489764,72.15692700015097,0.7434019998981967,145.55348299995785,0.576396000042223,80.56685499991545,299.5970629999647,True
308587,69.16977799983215,0.7199430001492146,145.78228000004856,0.46535000001313165,77.9658849999123,294.10323599995536,True
208423,63.15951900000982,0.7890290000887035,145.4821439999705,0.4586420000123326,78.34019000006265,288.229524000144,True
553669,69.52712299994346,0.8834899999783374,147.07574399994883,1.7603129999770317,83.79780300015227,303.0444729999999,True
36678,72.68319500008147,0.8547390000330779,145.1152969998475,0.4623920001449733,79.6533189998172,298.7689419999242,True
270474,68.52641999989828,0.8916570000110369,145.4591829999572,0.4595580001023336,78.20747599998867,293.5442939999575,True
62355,74.49446700002227,0.7696110001234047,145.52043499998035,0.46922599995014025,81.64643200007049,302.90017100014666,True
25424,67.3933789998955,0.8043620000535157,144.65419600014684,0.44426599993130367,76.70862999998462,290.0048330000118,True
269121,69.79846399985945,0.7271510000919079,144.8089489999802,1.6728929999771935,79.49443799998335,296.5018949998921,True
351331,73.85361000001467,0.7050249998883373,145.4875990000346,0.5738949998885801,78.93554200018116,299.55567100000735,True
132329,66.0733719998916,0.7045670001843973,145.37634399994204,0.6016049999288953,77.66228800005592,290.41817600000286,True
486573,72.51827000004596,0.8888659999684023,145.53172199998698,0.46180899994396896,79.89270000007309,299.2933670000184,True
335081,73.26871300006133,0.8662810000714671,144.52089399992474,0.46839200012982474,79.23496799980967,298.359247999997,True
398652,70.71337100001074,0.7104010001057759,145.22321100002955,0.44101599996793084,80.93627899984313,298.0242779999571,True
320706,71.49689900006706,0.7303179997961706,145.13266600010866,1.8158569998831808,80.24225300005128,299.41799299990635,True
125129,68.38553700004013,0.7101920000422979,145.39942299984432,0.5004760000701935,79.24642600005427,294.2420540000512,True
292488,68.06885800006057,0.7471940000414179,145.3705890000947,0.4518909997841547,79.92520000016157,294.5637320001424,True
22623,71.71269700006633,0.743776000035723,145.7818540000062,0.46268300002338947,79.15104799985784,297.8520579999895,True
119516,66.80081199988308,0.7263590000547993,144.2232540000532,0.45401600004879583,77.11180599994805,289.3162469999879,True
269866,69.2487329999949,0.7471930000519933,146.50546100006068,0.5188519999137498,78.8617850000719,295.8820240000932,True
498463,71.15196799986734,0.7526520000737946,145.74514099990665,0.45560000012301316,79.41834700000072,297.5237079999715,True
64574,68.4752039999239,0.6991090001520206,144.21975199979897,0.47568400009367906,77.38714800007074,291.2568970000393,True
459272,62.95629800001734,0.7872359999510081,145.79809999986537,0.4505580000113696,81.30158000017218,291.29377200001727,True
292060,68.3713670000543,0.7399430000987195,143.6911909997889,0.4666410000027099,82.65521200019066,295.9243540001353,True
40471,74.67096799996398,0.7433180001044093,144.63980799996534,0.4384740000205056,83.4774899999502,303.9700580000044,True
480122,74.29541100009374,0.7482759999675181,145.81147299986696,0.4666419999921345,81.73400999999103,303.0558119999114,True
97022,65.97936299999674,0.7251510000969574,144.7956439999416,0.43564099996729055,77.65332300004957,289.58912200005216,True
525083,68.4876609998355,0.8311130000038247,144.89552300005926,1.6609350000180712,82.20519399992554,298.0804259998422,True
84241,72.0793309999408,0.7304430000658613,146.30261299998892,0.4628499998489133,81.48595900001965,301.06119599986414,True
361621,65.94277799990778,0.6984830001783848,146.18319199985308,0.45722400000158814,76.99442300008741,290.27610000002824,True
186632,72.0884140000635,0.763568999900599,145.54571000007854,0.4617249999228079,82.79329800006963,301.65271600003507,True
446574,71.67231599987645,0.7513190000736358,144.88572699997349,0.4652249999708147,80.58771700007128,298.36230399996566,True
210855,67.24248900013663,0.8734479999930045,145.82730200004335,0.4397649997827102,77.82303500016496,292.20603900012065,True
488592,72.70685100002083,0.7255259999965347,144.25107900001422,1.7963559998861456,81.93501499999911,301.41482699991684,True
365207,75.05960200001027,0.7408189999296155,145.40557800000897,0.46130800001265015,79.04403599991383,300.71134299987534,True
110042,68.12489499998264,0.6943999999293737,144.39108100009435,0.45280699987415574,75.97142600002371,289.63460899990423,True
346703,75.03418400006012,0.7580680000955908,144.24966000001405,0.4602249998697516,84.71298800009208,305.2151250001316,True
185802,68.9457159999165,0.7294419999652746,145.62645899991367,0.4636000001028151,76.58153100010168,292.34674799999993,True
529966,69.17055700000674,0.7488599999305734,144.87113800009865,0.4398899998250272,83.6978680001721,298.9283130000331,True
144003,67.6462100000208,0.8802400000149646,146.43319399988286,0.4343900000094436,80.71367700017618,296.10771100010425,True
50896,72.64747199997146,0.7315269999708107,146.15759999992406,0.4647660000500764,78.50022299999182,298.5015879999082,True
1761,62.90666500012776,0.8318220000091969,145.5024509998566,0.44480700012172747,76.26889199991638,285.95463700003165,True
400367,65.24816499995723,0.724859000001743,144.10398300015004,1.6682269999819255,83.50264999990031,295.24788399999125,True
463199,72.64984699986599,0.7238590001179546,145.08443399995485,0.46514199993907823,83.80316100010532,302.7264429999832,True
392933,68.94400500004849,0.6883579999339418,144.8382590001529,0.44530700006362167,76.41448099980153,291.3304100000005,True
350023,70.20034100014527,0.7562769999367447,146.04400799998984,1.7096030001084728,86.18041099998663,304.89064000016697,True
527960,73.98114200009331,0.7705689999966125,146.22693199999048,0.46314099995470315,79.03036500010785,300.47214900014296,True
142585,65.32716700007768,0.7296510000287526,144.47653499996704,0.4507240000748425,78.32279799981734,289.30687499996566,True
574425,74.13398100015911,0.7506519998514705,146.89661900001738,0.46130800001265015,80.6670470001336,302.9096070001742,True
449909,70.93523999992613,0.7351100000505539,145.84912400005123,0.4580989998430596,80.82363600010467,298.80120899997564,True
128051,66.94268199998987,0.7857359998979518,145.15134900011617,0.4636829999071779,76.0686319999877,289.4120819998989,True
286849,65.28887200011013,0.7499019998249423,145.05747000021074,1.6548510000120586,80.07035699984044,292.8214519999983,True
373705,70.53522499995779,0.7513190000736358,147.4108019999676,0.4711419999239297,81.33194400011234,300.5004320000353,True
548780,69.10196600006202,0.7556519999525335,145.84128800015606,0.4480569998577266,78.9887359999284,295.13569899995673,True
499768,70.77577600011864,0.757651999947484,144.91329599991332,0.46464199999718403,79.5543390001967,296.46570500017333,True
293071,70.3419680000934,0.741693000009036,145.0132139998459,0.44664100005320506,81.79220900001383,298.3357250000154,True
101780,68.90149900004872,0.7278179998593259,145.73473900009049,0.44864100004815555,76.09475599997495,291.90745300002163,True
222235,75.10459500008437,0.7547349998731079,145.5901100000574,0.5484359999172739,81.0153900001751,303.01326600010725,True
509008,71.06953500010604,0.7425270000567252,144.71874299988485,0.4564329999539041,79.64346500011743,296.63070300011896,True
157098,64.57780200003072,0.6974000000354863,145.731362999868,0.4608910001024924,75.4078140000729,286.8752700001096,True
275791,68.71678300012718,0.7520689998727903,145.1704260000497,1.6903519999686978,80.3937410000799,296.72337100009827,True
270297,75.37264500001584,0.7485270000415767,145.9716629999548,0.46768299989707884,81.02659600012885,303.5871140000381,True
115118,71.51742400014882,0.7215670000277896,145.5909389999306,0.46397500000239233,75.90591300004235,294.19981800015194,True
198915,67.93925500005571,0.7511929998145206,145.95574300005865,0.4649330001029739,78.2975820000047,293.40870600003655,True
192716,77.59530699991046,0.7218590001230041,145.11517199980517,0.4455570001482556,81.46981999993841,305.3477149999253,True
90155,69.63056499989762,0.7194830000116781,148.01235599998108,0.506351000012728,74.76949700003388,293.638251999937,True
344816,68.5026480000488,0.7641940001121839,147.88630999987618,0.4642250000870263,75.3785599999901,292.9959370001143,True
130566,71.12324199988507,0.8299040000565583,145.29692599990085,0.4636000001028151,79.65054500004953,297.3642169999948,True
137727,70.84093999992547,0.6998579999617505,144.5261890000893,0.44289099992056435,81.98087699997814,298.4907549998752,True
256195,70.03095200002463,0.7043159998829651,146.16649600020537,0.44522399980451155,76.161754000168,293.5087420000855,True
193162,71.11357400003726,0.8612809999704041,144.64814999996634,0.46285000007628696,80.60674499984088,297.6925999998912,True
219440,71.1596170001485,0.7484010000098351,144.2618449998463,0.4519740000432648,79.84975900012614,296.47159600017403,True
580418,67.67274100002396,0.7314849999602302,145.61522400003923,0.4638909999812313,77.57342800005063,292.0567690000553,True
577976,70.58184500010611,0.7389429999875574,145.03220300002795,1.6842269999415294,80.90775400000894,298.9449720000721,True
231831,72.63333499986402,0.702858000067863,145.80452199993488,0.4622670001026563,80.39744400002746,300.0004259999969,True
14888,69.49088999999731,0.7016919998932281,144.43942999992032,0.4568490001020109,76.76081399995383,291.8496749998667,True
4795,71.9113909999578,0.7467350001206796,144.98265799988985,0.45943300006001664,80.49473799997031,298.59495499999866,True
316015,72.60604199996123,0.735441999950126,145.0482440000087,0.45405700006995175,80.60907599997336,299.4528609999634,True
119828,65.1447749999079,0.707774999909816,146.11707300014132,0.4607240000495949,75.22846699998809,287.6588139999967,True
357941,67.29389299994182,0.8693229999607865,145.3573349999715,1.6888520001430152,78.75546699983715,293.9648699998543,True
312213,71.77980200003731,0.7499850000840524,145.188662999999,0.4611829999703332,79.81829599998491,297.9979290000756,True
1675,67.13267899999664,0.7261089999701653,144.98744700017596,0.46364099989659735,76.00636999995913,289.3162459999985,True
39769,65.42090899984032,0.7352760001140268,144.80768799990074,0.4571409999698517,75.22767399996155,286.6486879997865,True
503823,64.45299899996826,0.7522350001636369,145.67905199987763,1.6602680000232795,79.64337199996407,292.1879259999969,True
172877,65.99734600013107,0.7316090000131226,144.81327199996485,0.4613500000232307,80.68420099994,292.6877780000723,True
310862,69.57513999986986,0.7205670001440012,145.9483520000049,0.46409999981733563,76.95698400016227,293.66514299999835,True
427649,64.70642399995086,0.772568999991563,145.33824699992692,0.4613490000338061,76.13874699995904,287.4173359998622,True
383921,71.43728800019744,0.7452349998402497,144.2437499999869,1.754645000119126,82.39696900000126,300.577887000145,True
20333,72.91229799989196,0.7711529999596678,144.2725000001701,0.46005799981685414,79.80266800018398,298.2186770000226,True
477288,68.8344860000143,0.7192749999376247,146.4044910001121,0.5270599999676051,79.30473299984442,295.79004499987605,True
420230,72.47353200000362,0.7436099999722501,145.15602899996338,0.4463499999474152,81.9994950002183,300.81901600010497,True
451090,69.25670900000114,0.786360999882163,146.0603949999495,0.4390579999835609,80.15397100007249,296.69649399988884,True
12280,73.99741900007939,0.7607359998473839,144.66267600005267,0.46514199993907823,81.07487799998125,300.9608509998998,True
57027,67.27447100001882,0.8574890000545565,145.25148899997475,0.46497499988618074,74.93090999992091,288.7793339998552,True
108864,64.29682399993908,0.695815999961269,144.26107899998897,0.45401600004879583,76.83522699994683,286.54296199988494,True
405972,69.26250000014988,0.7459849998667778,144.3856240000514,0.4676000000927161,79.02434499987976,293.88605400004053,True
294855,71.01456100008363,0.7478599998194113,144.6806750000178,0.43755699994108,80.71403000008104,297.59468299994296,True
125952,68.36600899987388,0.720524999906047,145.71762900004614,0.43580700003076345,74.76756899995962,290.00753899981646,True
400815,70.68671599995469,0.7514429998991545,145.81567400000495,0.46789199996055686,80.79099100018539,298.51271600000473,True
437351,73.2188459999179,0.7234839999910037,145.50049400008902,0.4456819999631989,80.02387999999883,299.91238599995995,True
251572,67.19550799994067,0.7061500000418164,144.9969749999127,0.43989100004182546,76.14824200004477,289.4867659999818,True
194506,75.01591000004737,0.7312759998967522,145.46670100003212,0.4618909999862808,80.53043900008561,302.2062170000481,True
153229,72.17010199997276,0.7181080000009388,147.20080200004304,0.45759999989058997,82.25245700009509,302.7990690000024,True
482800,69.38612700014346,0.6891909999922063,146.4806089998092,0.46485000007123745,76.87460000011015,293.89537700012625,True
25057,71.31681999999273,0.7363170000189712,145.1247280001553,0.46047499995438557,80.11979899993094,297.7581390000523,True
481413,71.03451800003313,0.730525999870224,147.48301899999205,0.4564749999644846,79.53748500017355,299.24202300003344,True
113354,71.97350800015556,0.7314849999602302,145.41727699997864,0.4630169999018108,77.69675300005474,296.282040000051,True
546823,66.49906500001634,0.7461099999090948,146.31664300009106,0.4627660000551259,82.00848899991797,296.0330729999896,True
290833,71.29315099996347,0.7505270000365272,144.65108399986093,0.4393070000787702,80.74019399987264,297.87426299981234,True
372307,69.64388400001553,0.7359420001193939,146.5152319999561,0.44572399997377943,79.1504700000587,296.4912520001235,True
189078,67.97645000006014,0.7726520000232995,144.72370899989073,0.46551700006602914,81.7381449999175,295.6764729999577,True
575500,68.59092900003816,0.732943000002706,144.72812600001816,1.909150999836129,81.44688400011546,297.4080330000106,True
463283,71.7952919999334,0.6856079999124631,146.03329600004145,0.464557999976023,76.51216700014629,295.4909210000096,True
562197,71.70370499989076,0.7434430001467263,145.7021999999597,0.4657659999338648,76.18823899997551,294.80335299990656,True
194940,65.86995699990439,0.7531510000262642,145.00705099999323,0.43747399990934355,82.14107500020873,294.20870800004195,True
127494,67.66876999995475,0.7540690000951145,146.04654499999015,0.4652249999708147,81.55413600002248,296.4887450000333,True
61658,69.46508299984089,0.7155670000429382,145.2008050000586,0.45551599987447844,76.30457599998408,292.141546999801,True
304180,70.24552699999731,0.7537769999999,145.03488200011816,1.6544339998745272,81.60459600003378,299.2932160000237,True
452784,67.41651100014678,0.8436959999471583,145.36118599994552,0.4615580000972841,79.15163500001654,293.2345860001533,True
330818,70.78004599998167,0.7282340000074328,146.41905400003452,0.524476999999024,78.80670400004419,297.25851500006684,True
426203,72.89470400019127,0.7125249999262451,146.32184299989603,0.5081430001609988,82.41879000001973,302.8560050001943,True
84492,74.68551699980708,0.7006080002156523,145.61690099981206,0.45168200017542404,81.27737599988905,302.73208399989926,True
132703,72.66052799991485,0.8313210000778781,145.8251569999902,0.4634340000393422,80.31008900002234,300.0905290000446,True
326462,69.22982300011427,0.7046079999781796,145.16267499993774,0.4632249999758642,76.65383500011558,292.2141660001216,True
245311,66.63206400003219,0.7114000000001397,145.72690299996793,0.4550160001599579,78.9933349999501,292.5187180001103,True
328117,71.22551900010876,0.7547349998731079,144.80466100008016,0.4612249999809137,82.14790400006677,299.3940440001097,True
374083,73.91315400013809,0.7354839999607066,144.67086400009066,0.4647239998121222,79.79002900015075,299.57425500015233,True
95707,66.53214299990395,0.7359840001299744,145.2177579999443,0.4519320000326843,77.81783399991582,290.75565099992673,True
463842,69.00102200006586,0.7531930000368448,146.01224400007595,1.6548920000332146,87.14666399987436,304.56801500008623,True
332351,72.02587799997673,0.7165670001541002,144.94495500002813,0.4619329999968613,85.04962899996826,303.1989620001241,True
10092,67.52067800016448,0.7254419999753736,146.5704279999045,0.4527660000803735,77.24156199992649,292.5108760000512,True
551804,73.28804700000546,0.8126539999011584,146.44996600009108,0.5974369998966722,80.24791900015771,301.3960230000521,True
402615,75.67484099990907,0.7254839999859541,145.7856490001177,0.46280800006570644,82.45236999982808,305.1011519999065,True
166165,76.91338200015707,0.7382759999927657,146.45525599985376,0.4625990000022284,78.21888800003762,302.78840100004345,True
410496,73.94140300016261,0.7263999998485815,143.87278999993214,0.4590570001710148,81.18578399989929,300.18543400001363,True
357903,74.87268599993513,0.7457760000306735,145.61860100002377,0.4618909999862808,82.94417899992368,304.64313299989954,True
500565,66.59510100007537,0.729524999997011,145.06466299985732,0.46401600002354826,77.44894200004637,290.3022469999996,True
365385,67.52492500004337,0.738734999913504,146.60900800004129,0.4431830000157788,81.37703900001725,296.6928900000312,True
570456,71.67123900012484,0.7356919998073863,144.0300430001571,0.4400569998779247,81.26491000007263,298.1419410000399,True
395701,73.75806200002444,0.7111500001428794,144.65256199991927,0.5746869999256887,83.32573200004845,303.0221930000607,True
372466,68.86588799989113,0.7300670001768594,146.35095599987835,0.45897500012870296,79.61555899987616,296.0214449999512,True
125778,73.37538000001587,0.7581519998893782,145.4778830000123,0.46197500000744185,82.40953300014553,302.4829230000705,True
24027,64.4223570000122,0.7181089999903634,147.24590300011187,0.454431999969529,77.0677190000697,289.90852000015366,True
530470,66.72376999995322,0.7486929998776759,149.13680200015733,0.4630989999441226,81.46349799994823,298.5358619998806,True
370375,73.20616600009089,0.8420710000791587,147.51953599989065,0.4598919999807549,81.1310690000937,303.15873400013515,True
328430,68.16811200019401,0.7193589999587857,146.2804089999281,0.4636420001133956,77.98474999981408,293.6162720000084,True
562581,68.22107200014216,0.755359999857319,146.961390000115,1.6758919998665078,81.32461700006388,298.93833100004485,True
451435,69.81400299991947,0.7563179999579006,146.15094400005546,0.4650579999179172,81.25086500012912,298.43718799997987,True
75393,66.69547699993927,0.6924409999555792,146.18548699991152,0.43464000009407755,75.60058199987907,289.6086269997795,True
345397,66.7706450001333,0.7236090000333206,143.30504999998084,0.5368529998577287,80.88755900007527,292.22371600008046,True
94157,73.4649639998679,0.857363000022815,145.63821599995208,0.4585579999911715,81.23661300010099,301.65571399993496,True
105455,68.14381799995317,0.6833580000602524,144.7307250000449,0.4613079997852765,76.35210800003733,290.37131699988095,True
348012,67.98156199988625,0.7280259999333794,145.18724100003055,0.46264100001280895,81.92697000004046,296.28643999990345,True
173008,70.96174899993457,0.8348219998879358,147.03897100002905,0.5335600001217244,80.73913599992011,300.1082379998934,True
262682,67.85718200012525,0.7271089998539537,144.59367700010262,0.44268199985708634,81.91667800019786,295.53732800013677,True
507893,67.09115500007101,0.822696000113865,145.36374599992996,0.44189000004735135,78.79060899995238,292.5100960001146,True
227044,71.18479899986596,0.7196920000751561,145.99322399999437,0.46705799991286767,81.67187599997305,300.0366489998214,True
167122,66.52534199997717,0.7008999998561194,145.99980800016965,0.4615159998593299,75.45328200012591,289.1408479999882,True
154718,61.21315500013225,0.6804409999858763,146.36944499989113,0.4553500000383792,75.87008800010153,284.58847900014916,True
479126,69.04738999992333,0.7504430000153661,146.41778000009253,0.4594739998537989,78.85148400009712,295.52657099998214,True
504074,71.73539999985223,0.7569429999421118,148.80119600002217,0.45643300018127775,80.76734199994462,302.5173139999424,True
180792,65.4046350000499,0.7150259998525144,146.25056399995628,0.46047400019233464,74.9868069999593,287.8175060000103,True
490936,65.82819200002632,0.7275680000020657,145.6491679998635,0.45455700001184596,81.44820000006803,294.10768499997175,True
445846,66.74384799998734,0.7286090001343837,146.77958099991884,0.4694750000453496,78.4466769998744,293.1681899999603,True
197870,73.11044699986269,0.7505680000576831,143.55125900010535,0.43543199990381254,80.86322000008295,298.7109260000125,True
332901,67.74300899996888,0.7203170000593673,144.1022779999912,0.4650579999179172,77.0110430000841,290.04170500002147,True
445675,67.0691089999309,0.7019829999990179,144.76963300012358,0.44509899998956826,76.14692800007106,289.1327520001141,True
287291,61.26932100005433,0.7509019999361044,145.24623300007988,0.466390999918076,78.2167100001061,285.9495570000945,True
525600,65.25804500006416,0.71677500000078,145.95429999985754,1.704768000081458,81.83346100008748,295.4673490000914,True
504580,71.38030199985224,0.7038580001790251,144.80488399999558,0.46114099995975266,80.91084499983481,298.2610299998214,True
347544,67.46833000011065,0.6708149999212765,145.94650599997294,0.4540990000805323,75.57136499985972,290.11111499994513,True
255718,67.70037999990564,0.6920660000560019,145.86362799991548,0.46705799991286767,75.29248000014377,290.01561199993375,True
528524,65.43875900001694,0.7324840000819677,145.74412399997527,0.45930700002827507,75.31023100000311,287.6849050001056,True
90208,69.71699199993964,0.756860000137749,145.52494699978524,0.46397500000239233,80.18861000005018,296.6513839999152,True
240049,74.61353899998358,0.7617349999691214,145.0317220001125,0.4418070000156149,81.60482599987517,302.453628999956,True
537355,68.20489699998689,0.703774999919915,145.99029600003632,0.46735000000808213,75.47506900004919,290.8413870000004,True
434247,64.12471199996617,0.7005249999565422,145.60361500002728,0.44547400011651916,78.87785399998393,289.75218000005043,True
542776,64.749441999993,0.753358999872944,145.36873200017908,0.4635579998648609,82.53648200002317,293.87157299993305,True
117525,68.38277800011383,0.6906899998284644,145.51390400015407,0.44847399999525805,76.25013599999875,291.28598200009037,True
268000,68.1655610001144,0.7619020000220189,144.84975499999564,0.4655989998809673,80.60387299997274,294.84668999998576,True
6040,71.54601199999888,0.7472760000837297,144.54369999998562,0.4538079999747424,82.62594300003911,299.9167390000821,True
49060,68.00872100006927,0.7168170000113605,146.5882719999172,0.4440580000846239,77.17558400008784,292.9334520001703,True
159684,64.42167900013374,0.8020689999739261,145.33835399993222,0.46368300013455155,75.94991699988896,286.9757020000634,True
500423,63.876908999873194,0.6923579999238427,144.49778000016522,0.4659749999973428,75.9052480000264,285.438269999986,True
463647,63.10054899995521,0.6776480001917662,146.0530019999169,0.45893199990132416,76.35409700014861,286.6442280001138,True
146825,65.28049899998223,0.7544430000052671,145.266182000114,1.7481029999544262,82.83194899991031,295.8811759999662,True
328683,69.29980699987937,0.7495680001738947,144.79679099986242,0.4620580000391783,80.4656560001149,295.77388000006977,True
459396,71.40242200011926,0.8125279998694168,145.19684500010044,0.46534900002370705,76.68069100009234,294.55783500020516,True
119038,65.38116899992019,0.688066000066101,144.9628779998875,0.4595160000917531,75.51635799995893,287.00798699992447,True
494634,66.02506600006564,0.7563599999684811,143.98792700012564,1.6493910000008327,81.60778000001301,294.0265240001736,True
378139,75.59219300014774,0.7568599999103753,146.09508200010168,0.4601409998485906,83.13379100013663,306.038067000145,True
41635,68.37848200007102,0.7241499999963708,146.20504399999845,0.4622249998647021,77.37658900009592,293.14649000002646,True
396205,72.03006800000367,0.9022819999700005,148.15586199983954,0.46130800001265015,81.2640999999985,302.81361999982437,True
180487,68.09447199998431,0.74556799995662,145.79802799994468,0.4578079999646434,81.26605799998288,296.3619339998331,True
421757,72.21128200012572,0.7339839999076503,145.3478040000391,0.46584999995502585,82.13192099992739,300.8908409999549,True
370478,64.79260399987652,0.708900000063295,146.1105809999026,0.4598909999913303,78.01448500003971,290.08646099987345,True
149568,67.44098900003337,0.8595720000812435,146.19104199982758,0.45914100019217585,78.57421199992132,293.5249560000557,True
377368,70.72985400009202,0.7628179998846463,143.5103630001322,0.46264100001280895,81.14796899985777,296.61364499997944,True
200961,70.81981500004986,0.7719850000285078,148.47116200007804,0.7239829999434733,82.19554799984508,302.98249299994495,True
243075,70.3112979999787,0.7218159998956253,146.06674400010888,0.43718200004150276,75.59785800003738,293.1348980000621,True
367195,64.7710199998528,0.7534430001214787,146.15361999995002,0.4650989999390731,82.06775000007838,294.21093199994175,True
562561,70.40425700006381,0.7309430000077555,146.5378000000328,0.4584739999700105,77.82260099997984,295.9540750000542,True
269113,73.8735039999483,0.6912750000083179,145.84127500006616,0.4673079999975016,76.61368399999446,297.48704600001474,True
259097,66.33924000016123,0.7453599998825666,144.94328500018128,0.46093299988569925,79.48236600009295,291.9711840002037,True
64499,69.06475200003115,0.9054489999016369,145.44709300002978,0.4630989999441226,80.5228200001693,296.403213000076,True
201676,70.4105070001333,0.7402339999771357,145.45825999994122,0.5640619999667251,77.09482499990372,294.2678879999221,True
121242,74.24234999984947,0.751609999952052,144.88882300020123,1.6538079999008914,82.69256199992014,304.2291529998238,True
427655,76.15862400007245,0.8468630001061683,145.2238749998287,0.4630580001503404,82.70889499999612,305.4013150001538,True
191614,71.64038300015818,0.7208170000012615,144.6171029999732,0.4649329998756002,75.87011400005395,293.3133500000622,True
304291,73.95338099991022,0.7504010000047856,145.09703699991405,0.5562280000503961,79.8100429999522,300.16708999983166,True
500478,70.75693499996305,0.9044900000390044,144.50309799985916,0.4417650000050344,85.28977600008147,301.8960639999477,True
509014,68.86957599999732,0.7181080000009388,144.53543300010097,0.46634899990749545,90.7878850000543,305.377351000061,True
90891,75.21446500004458,0.7426929998928244,146.14727999992283,0.4516410001542681,82.57888899993304,305.13496799994755,True
434297,71.29737000013847,0.7003159998930641,144.89652700012812,0.46276699981717684,80.21459700012201,297.57157700009884,True
474854,66.57107899991388,0.682149000112986,145.9894390000045,0.45368299993242545,76.45688200000222,290.153231999966,True
501005,70.6574719999935,0.7489839999834658,145.76026500003536,0.4641829998490721,80.73628200008898,298.3671859999504,True
38118,70.4334640001889,0.9007399999063637,145.39196000009724,0.4652249999708147,79.96042099989609,297.1518100000594,True
350388,68.71331899992583,0.7290670000656974,146.1560269999609,0.4563490001601167,76.56155199993009,292.6163140000426,True
19221,69.0108720000353,0.7538180000210559,144.96815100005733,1.7006850000598206,80.61510999982602,297.04863599999953,True
473406,68.59898199991221,0.7582349999211146,146.3337830000455,0.4602660001182812,80.71161299994856,296.8628789999457,True
161879,70.97298200005753,0.731817000087176,145.5432949999249,0.527310000052239,76.3711689999127,294.14657300003455,True
65350,72.36440399992716,0.7391510000616108,144.36804599995412,0.44309899999461777,83.2355339998685,301.150233999806,True
148662,70.6768860000011,0.7316090000131226,147.10355800002617,0.44255699981476937,79.91183500007537,298.86644499993054,True
255912,73.09726299990871,0.8842810000260215,145.66400700005033,0.46684899984938966,83.18278100000498,303.29518099983943,True
41990,66.74754100004066,0.7231079998746281,144.00711500002217,0.4602240001077007,77.43737200007672,289.3753600001219,True
175535,66.74549900003512,0.7491510000363633,145.60758699985854,0.45605800005432684,76.38175200008845,289.9400470000728,True
297427,74.28913700005069,0.745483999935459,144.73189000000275,0.45926600000711915,79.62553199990907,299.8513089999051,True
577864,72.32969199981198,0.8616550001079304,145.29128300000593,0.4546820000541629,81.3694249998207,300.3067369998007,True
287959,67.74711600019145,0.7527339998887328,145.68008800006282,0.4640990000552847,76.0260299998663,290.6700670000646,True
162732,69.96090100005858,0.7222340000225813,146.33106799988127,0.4614330000549671,80.77865499990367,298.25429099992107,True
4765,70.60700699980771,0.7142340000427794,144.63292400000682,0.4468490001272585,75.04957799983458,291.45059199981915,True
380711,66.13047600012578,0.67781500001729,145.50357899997834,0.4412239998146106,76.09907400001248,288.8521679999485,True
7278,74.19071499998608,0.7648599998901773,147.20076399999016,0.46268300002338947,78.83854300007442,301.45756499996423,True
516318,71.56441500001165,0.7159839999530959,144.8997249999593,0.454766000075324,79.66990499994608,297.30479499994544,True
60102,69.7078910000073,0.7404010000300332,145.22673500005112,0.4591409999648022,79.63365399996292,295.76782200001617,True
22935,68.59089299996413,0.8269869999821822,146.78949800008922,0.4640159997961746,76.36649800019768,293.0378920000294,True
292908,70.06165300003886,0.7578190000003815,146.19785099989713,0.4490159999477328,81.1948340001436,298.6611730000277,True
209530,66.35344000005716,0.7595269999001175,144.54650000016045,0.4566409998005838,83.36090800003149,295.4770159999498,True
565597,77.38994900000762,0.7675270001072931,145.80175299988696,0.46214100007091474,82.18653399990217,306.60790399997495,True
57232,68.79039900013595,0.7446509998771944,144.9735569999575,0.46297500011860393,78.44202799992672,293.413610000016,True
345385,65.33502900015264,0.7189840000592085,145.41865499995765,0.46076599983280175,75.61817800001336,287.55161200001567,True
266892,69.64355299987801,0.7541930001480068,145.62253600001895,1.8096049998348462,84.86237600004642,302.69226299992624,True
345252,71.4382830001341,0.7559839998521056,145.77912499999002,0.46297500011860393,80.58189300004415,299.018260000139,True
197022,70.90897299985954,0.7307340001716511,147.39347299996552,0.4649329998756002,74.61772600004224,294.11583899991456,True
360393,71.95342499994695,0.7497760000205744,146.71903099997508,0.4442240001480968,81.71339000000444,301.57984600009513,True
515828,66.80624500017984,0.7588599999053258,145.0322220000544,0.4412650000631402,81.00565699987783,294.0442490000805,True
429761,71.97955099991304,0.7599430000482243,145.141434000152,0.464557999976023,81.44650600002024,299.79199200010953,True
569059,64.2497399999229,0.6972319999931642,145.1646420000543,0.45876600006522494,78.54694499997095,289.11732500000653,True
160666,62.43438299998161,0.811779000059687,145.61899000000267,0.45472500005416805,77.11639499984813,286.43627199994626,True
294783,70.1300270000047,0.7448180001574656,146.22538699995857,0.46514099994965363,80.24146299999302,297.8068360000634,True
563267,72.8052449999268,0.7522339999468386,145.777371000122,0.4395569999360305,81.7865989999973,301.56100599992897,True
568584,67.2256750001452,0.7339429998864944,144.3236100001286,0.43659799985107384,76.7650909999702,289.4849169999816,True
335658,69.14665900012551,0.7429419999880338,146.07229600005667,0.46518299996023416,80.80668999991758,297.233770000048,True
580410,72.2400579998066,0.705150000158028,144.53840900000614,0.44172399998387846,80.14179099996,298.06713199991464,True
568710,66.19047100002717,0.7099829999788199,145.2391410000473,0.5577689998972346,78.18822300009742,290.88558700004796,True
414676,73.77736099988397,0.7324000000608066,143.94659599997794,0.4598489999807498,80.26362800001152,299.179833999915,True
134322,72.12171999981365,0.7095660000686621,145.71803200010436,0.4635579998648609,82.60283499998877,301.6157109998403,True
85911,66.83745199984514,0.7015240000782796,144.12109999989298,0.4575580001073831,75.5661709999913,287.6838049999151,True
425227,69.54558799998267,0.8561960000861291,144.99113000010766,1.6849339999680524,80.94348400004492,298.02133200018943,True
116068,69.12436499987962,0.7290670000656974,146.02637400003005,0.4623499999070191,81.15194900005918,297.49410499994156,True
370270,69.12394700020741,0.7029829998828063,145.19722000000002,0.468432999923607,78.15992800010463,293.65251100011847,True
408774,69.02048400002059,0.7585269997889554,145.62519200012503,0.4679740000028687,80.74301800002104,296.6151949999585,True
357816,71.783663999895,0.7468600001629966,145.67802699980348,0.4711830001724593,82.409159000008,301.08889300004194,True
462031,72.26355600005263,0.7376510000085545,144.19659999998657,0.4654750000554486,80.36250400004974,298.02578600015295,True
223738,72.01308799994877,0.7702349998908176,144.6984080000675,0.46047499995438557,76.64099900011934,294.5832049999808,True
457884,64.18306600016876,0.7801519998338335,144.2456839999977,0.45622400011779973,77.50190399997336,287.1670300000915,True
563470,67.84440199999153,0.7559429998309497,145.74140200011243,0.4652249999708147,79.14650199995776,293.9534739998635,True
506707,74.80543499991654,0.762693000069703,145.344471000044,0.45893299989074876,82.05206100001305,303.42359299993404,True
27620,72.10388199996487,0.7621100000960723,144.571317999862,0.4598069999701693,79.81160900021678,297.7087260001099,True
51610,69.29490900006385,0.7521929999256827,144.34914399998888,0.4558080001970666,79.53563999990365,294.38769400007914,True
182202,70.0500599998577,0.7703190001393523,144.50727399980678,0.4665989999921294,79.07862400020349,294.87287599999945,True
60449,67.57588999994368,0.7258170001023245,145.83644399999685,0.4557649999696878,76.69866599985653,291.29258199986907,True
42889,66.81503100003283,0.7315249999919615,144.6601110001211,0.4355569999461295,79.77189799998996,292.414122000082,True
322968,73.82223199988402,0.7243590000598488,145.36421899993002,0.434723000125814,80.27008199996999,300.6156149999697,True
546475,68.49000500005786,0.6923989999449986,145.56018200005383,0.4620990000603342,76.02126699998735,291.22595200010437,True
302882,68.13524199992571,0.7451090000358818,145.1337930000136,1.7641859999457665,80.14103499999692,295.9193649999179,True
363188,74.11574200000359,0.7589429999370623,145.7302300000265,0.4615570001078595,83.57548699996187,304.6419590000369,True
498747,67.5083450000784,0.7170669998686208,145.97115400010807,0.45759899990116537,77.59532000000036,292.2494849999566,True
228981,67.99644499983515,0.7667350000701845,144.78148600005625,0.4580160000386968,80.49992099995507,294.50260299995534,True
316666,71.7548259999603,0.7601930001328583,144.83277999988786,0.46501599990733666,83.44977300021128,301.26258800009964,True
251824,66.12021300020388,0.7257329998537898,144.96716000007837,0.43747399990934355,76.63149400013936,288.88207400018473,True
175443,70.8297930000299,0.7437750000462984,145.84089699997094,1.692224999942482,80.03486200004772,299.14155200003734,True
64084,72.38651400007257,0.7916519998616423,145.26171000011345,0.458641000022908,80.73092799986625,299.6294449999368,True
177489,69.32424000001447,0.746609000088938,144.82973700000912,0.45418199988489505,79.39084000008734,294.74560800008476,True
450202,67.03641099989,0.7986529999470804,144.28734100010843,0.4598069999701693,81.67195999999421,294.2541719999099,True
445834,72.95823999993445,0.7512350000524748,145.00190700005078,0.45705799993811524,79.04182600009335,298.21026600006917,True
30213,70.42306900007134,0.7235260000015842,144.92111200002,0.46651699994981755,77.92716299991298,294.4613869999557,True
452793,69.60187399999995,0.8614050000232965,148.15797500000372,1.66243199987548,78.74048200005745,299.0241679999599,True
481386,75.56545500005996,0.7511510000313137,144.6205170000212,0.4668909998599702,84.12783600010698,305.53185000007943,True
565045,64.2571879998286,0.6888990001243656,145.84330999991835,0.46655699998154887,74.1994910001722,285.45544500002507,True
350122,72.20521299996108,0.8048619999954099,145.19653699994706,1.683599999978469,86.08386200012319,305.9740740000052,True
491071,70.33777299989197,0.7270670000707469,146.37616000004527,0.45889099988016824,79.80097600011504,297.7008670000032,True
241319,72.64564399997653,0.6951489999664773,145.54717300006814,0.45401600004879583,75.49695100010467,294.8389330001646,True
537812,72.2467969999343,0.7459420000941464,144.53347099993152,0.4588499998590123,81.39507200007756,299.38013199989655,True
228942,69.04981200000293,0.7712350000019796,145.75488700006645,0.4593490000388556,83.16025799990712,299.19554100001733,True
65485,69.35169600001245,0.847446000079799,145.48687699993934,0.46014100007596426,78.98594699986461,295.13210699997217,True
482100,72.02403899987075,0.7662760001494462,145.98210299982384,0.456808000080855,80.96105599997827,300.19028199990316,True
408112,68.19840599996496,0.7211079998796777,145.9204340001179,0.46180799995454436,77.30309499993382,292.6048509998509,True
84752,69.93588199998158,0.7539010000527924,146.25540199995157,1.6663500000504428,81.90454700002192,300.5160820000583,True
281693,68.93772200010062,0.7216499998321524,146.08164600008422,0.4671409999446041,76.95920900005149,293.1673680000131,True
21839,66.65856099994016,0.7109410000794014,145.72475899990422,0.47376599991366675,79.11774200010768,292.68576899994514,True
155451,63.66887299986956,0.6962740001199563,145.99364099990453,0.46735000000808213,76.61407099999451,287.44020899989664,True
32941,68.7543399999413,0.7099829999788199,145.8355530000972,1.6600569999809522,81.93954700004724,298.8994800000455,True
517069,72.77252099993348,0.8655720000660949,145.05927499999416,0.46318299996528367,80.96101299997827,300.1215639999373,True
453841,63.7535419998585,0.7088580000527145,145.21698800012928,0.45839099993827404,79.45320999988326,289.590988999862,True
571943,72.45375899992723,0.7533180000791617,148.30471899995246,0.46568299990212836,79.78584600004979,301.76332499991076,True
478862,72.85339800000656,0.7625260000168055,147.2716009998294,0.45743200007564155,82.66498800003319,304.0099449999616,True
320554,70.95404000006056,0.7622349999110156,144.9074350000501,0.463766000166288,78.44229899978927,295.52977499997723,True
433243,74.62670900008561,0.7419840001148259,145.15814999981558,0.44022400015819585,77.78631799988034,298.75338500005455,True
186637,76.30285000004733,0.7476929999938875,144.59638100015582,0.46097399990685517,80.07710600008977,302.18500400019366,True
22755,68.45982899994851,0.7147330002226226,145.14648299996225,0.4558079999696929,75.13739299997724,289.9142460000803,True
283037,68.86925899993912,0.7566509998468973,145.85892300010528,0.46601600001849874,80.79412899996896,296.74497799987876,True
562448,71.14279600000373,0.7545260000370035,146.28356299999723,0.44526500005304115,79.69709200006037,298.32324200015137,True
244379,68.74788000004628,0.7196500000645756,145.79525399994964,0.4441399998995621,76.13371800016466,291.8406420001247,True
545219,64.46481400007542,0.6784820000120817,144.50512500002333,0.4593489998114819,75.55428100022255,285.66205100014486,True
322829,70.09196700005305,0.7362750000083906,143.87351899995338,1.8553139998402912,78.43517200012684,294.99224699998194,True
344029,74.1447740001604,0.7504010000047856,145.93292299991845,0.4627660000551259,83.52976499986653,304.8206290000053,True
542625,69.92508600001202,0.820445000044856,145.10889599978327,0.4770580001149938,76.21867800003201,292.55016299998715,True
359937,65.19037999987631,0.7198160001280485,145.2363979999518,0.456808000080855,74.74179299993011,286.34519499996713,True
566758,70.78307300002962,0.7515669999520469,145.97179900010815,1.8044369999188348,79.428789000076,298.73966500008464,True
369812,81.41056600015872,0.7547339998836833,146.04517599991595,0.4620580000391783,82.04337899996972,310.71591299996726,True
565563,68.32398799997463,0.7197750001068925,146.22901399980037,0.46372500014513207,77.30217199991785,293.0386739999449,True
101022,67.64308800006802,0.7036079998670175,146.65032000016254,0.4576409999117459,75.03151099990646,290.4861679999158,True
357060,64.95116200017037,0.761192999789273,145.09364100013045,1.674724999929822,79.90022000012686,292.3809410001468,True
335177,72.96993900013149,0.8419460000368417,145.46440399999483,0.4637659999389143,79.25273899991225,298.9927940000143,True
471023,69.0114269998503,0.7194830000116781,145.6197830000292,0.4644740001822356,77.84689899995101,293.6620660000244,True
556498,68.37365400019735,0.6753149998530716,145.95258600002126,0.4630579999229667,73.17869600001359,288.64330900000823,True
25181,67.22386500018729,0.7503589999942051,144.80683800002225,1.7617689998132846,81.65715600011936,296.1999870001364,True
308391,69.51452699991023,0.7580680000955908,145.07159599997976,0.45926500001769455,76.93724199998542,292.7406979999887,True
76625,69.26606000001811,0.7248160000017378,145.6493660000433,0.49676699995870877,76.04441900002712,292.181428000049,True
57244,73.12373399986427,0.7534850001320592,144.8857139998836,0.5230179999671236,79.85038400011035,299.1363349999574,True
82085,73.99009799996747,0.7462749999831431,145.91566600006445,0.4400569998779247,81.13017699997727,302.22227299987026,True
116825,69.17218100011269,0.7539009998254187,146.91194900001392,0.4693079999924521,77.79193600003964,295.0992749999841,True
110784,75.33193500012203,0.7380669999292877,145.13976300008835,0.455432999842742,77.49825900009455,299.16345700007696,True
393226,73.69262899987916,0.7285250001132226,145.08388599983846,0.4592239999965386,83.26045800004067,303.22472199986805,True
430073,70.05479400004333,0.7879439999669557,144.76528999989569,0.4566820000491134,81.04892300002575,297.11363299998084,True
258911,69.21997299991745,0.9118230000240146,145.50852399997893,0.4606820000390144,80.87816800002656,296.97916999998597,True
171611,72.08052999999381,0.7581929999105341,144.92267100013123,0.4654319998280698,81.61619300017264,299.8430190000363,True
329447,72.37220699994396,0.7370250000349188,145.03550599988557,0.45355700012805755,76.4941820000331,295.0924770000256,True
223188,71.13228900016111,0.8528209998530656,145.28101400014748,1.7659779998666636,79.87513100010801,298.90723300013633,True
203639,75.4226449998896,0.7074410000313947,145.79348999996,0.46218300008149527,80.49877799999194,302.88453699995443,True
161875,72.79734600001575,0.7889430000886932,145.69748700000673,0.4578489999857993,75.58977500002584,295.3314000001228,True
18770,70.21521399997255,0.7340669999393867,144.81195500002286,0.46572400015065796,80.31377099996462,296.5407310000501,True
397303,74.1411420001441,0.7310669998332742,146.25487900002554,0.4755580000619375,87.40930799990565,309.0119539999705,True
330790,74.27052100001674,0.7337330000609654,146.02983100007805,0.5262259999199159,78.75250799997957,300.31281900005524,True
144932,71.08511800015549,0.6990239999140613,145.3904729999067,0.4424319999998261,78.05998399999226,295.67703099996834,True
368961,72.98397599993223,0.7001900000886963,145.36947299984604,0.4613910000443866,80.33564600009413,299.8506760000055,True
369037,68.87966799990863,0.66960599997401,144.7841189999508,0.4544739999801095,75.66786000006687,290.4557269998804,True
210388,68.1147239999973,0.7542340001691628,144.87482899994575,0.45926600000711915,79.57095100005063,293.77400400016995,True
32861,73.2031080001434,0.7446499998877698,144.5455260000017,0.5278510000152892,81.0216270001547,300.04276200020286,True
203546,69.88957599992318,0.8692799999607814,145.54981000014777,0.45368299993242545,75.19742599993151,291.95977499989567,True
222299,67.68350099991949,0.7173579999744106,145.10529400013183,1.8129790000784851,82.73343499990915,298.05256700001337,True
414261,72.68333899992285,0.6991909999669588,144.29859799997757,0.4637249999177584,81.19000700003198,299.3348599998171,True
521231,71.85039300020435,0.7138579999264039,144.02758899996115,0.45422399989547557,75.94741000002614,292.9934740000135,True
547519,71.30816600010803,0.7378170000720274,146.44317299985232,0.467641000113872,79.7566649998771,298.71346200002336,True
355240,69.97624400014502,0.7282760000180133,145.66093499979615,0.452599000027476,81.36238700012655,298.1804410001132,True
504635,69.7268610001629,0.7271499998751096,144.996663000029,0.45134900005905365,75.84523800005627,291.74726100018233,True
239857,66.896971999995,0.7353590001457633,146.22037100002672,0.4581409998536401,83.96581000010883,298.27665300012995,True
445439,75.13208900013524,0.7411089998186071,146.30808100014292,0.45826599989595707,78.61979099993732,301.25933599993004,True
38825,69.67177500018806,0.722607999932734,145.28012899995701,0.46705799991286767,75.78502700016543,291.9265970001561,True
319184,65.73363999996218,0.7266909999543714,146.09753300010198,1.6797240000414604,80.79669999983707,295.03428799989706,True
336265,73.5271159999229,0.7343590000346012,146.78234699999848,0.4652659999919706,79.65603499997087,301.1651229999188,True
568213,65.13386699998591,0.7749439998860908,145.65934899997046,0.45793200001753576,76.09266200006459,288.1187539999246,True
163951,67.92121400008,0.7526499998675718,145.58259700015697,1.6630989998702717,79.75657900010447,295.6761390000793,True
217753,75.33442799990553,0.7479420000890968,145.87918999995964,0.46043199995438044,82.55117599992445,304.9731679998331,True
409424,70.91152400016654,0.7797349999236758,145.31345999989753,0.46705800014024135,77.82563799992204,295.29741500005,True
376307,68.84832799983087,0.7557760000054259,146.55487800018818,0.4382229999464471,84.70070799990026,301.2979129998712,True
567740,75.1190849998693,0.7370670000454993,145.6188879999445,0.4348479999407573,81.03262300005554,302.9425109998556,True
216516,75.08271000006062,0.7677759999751288,144.0262899998288,0.46164000013959594,81.17520999985572,301.51362599985987,True
551660,71.9847689999824,0.7419839998874522,145.0002400001722,0.45551499988505384,81.42417699991711,299.6066849998442,True
191580,75.9580310000274,0.7639010000275448,146.06352600003447,0.4610579999280162,80.77273799995055,304.019253999968,True
576031,68.94487199997457,0.812570000107371,145.59334299997317,0.46484899985443917,76.49400700006481,292.30964099997436,True
404249,72.47261799989246,0.7603599999583821,145.00973799999883,0.4456820001905726,81.57013999993978,300.25853799998004,True
572620,68.03988199999367,0.7461089999196702,148.95737400001963,0.44488999992609024,85.11501199996019,303.30326699981924,True
561958,73.77274600003147,0.8881559999736055,145.5370060000405,0.46705799991286767,84.72595600005661,305.39092200001505,True
491130,64.87193899988597,0.7324830000925431,145.96193599982143,0.4622660001132317,76.1311599999317,288.1597839998449,True
534041,60.763630999872476,0.6946070000140026,144.18545900002755,0.45776599995406286,76.48504700000558,282.58650999987367,True
283268,66.75592100009453,0.8396529999572522,145.37362500004747,0.46109899994917214,81.6138069999397,295.0441049999881,True
526197,72.89054799980477,0.748901000179103,144.34783799993056,0.45572399994853185,81.19558299995333,299.6385939998163,True
350679,68.79153099998803,0.7301089999600663,146.11031399999774,0.46655799997097347,79.12484500002392,295.22335699994073,True
244181,63.17358800015427,0.7050659999094933,145.00706900003024,0.4778909999458847,76.71880400016562,286.0824180002055,True
574520,69.80673299995033,0.7431510000515118,144.4181319998279,0.46522400020876375,80.63197899991792,296.0652189999564,True
122672,75.26862899999287,0.8974059999218298,145.12665400002334,0.4485570000269945,79.15192899986323,300.89317499982826,True
199442,67.00730199986538,0.7447340001363045,145.05211000005147,0.4449739999472513,74.80448699993758,288.053606999938,True
391722,71.7964259999917,0.7128159998046613,144.68255600013435,0.45893199990132416,78.71933100000206,296.3700609998341,True
190648,66.44045000007281,0.7315249999919615,146.1415210001178,0.46518199997080956,75.72201899984066,289.50069699999403,True
210915,63.000247999980274,0.7236500000544765,145.08490100001836,0.464557999976023,75.65509899995959,284.9284559999887,True
356505,68.64019099998586,0.897323000117467,145.33870099990054,1.6548490000332094,81.0804109999026,297.6114749999397,True
375469,66.71775000017988,0.8410709999679966,145.62496099983946,0.4648070000712323,78.77362199997151,292.4222110000301,True
468245,71.70496300000195,0.697398999818688,144.49529600005917,0.44222399992577266,79.94412000016382,297.2840019999694,True
112298,69.4327600001543,0.7277749998593208,144.04790599996886,0.46318200020323275,80.58914299999742,295.26076600018314,True
133244,67.19980799994119,0.7181080000009388,146.14314400000694,0.45439099994837306,81.71213900004659,296.22758999994403,True
325347,70.2845379998962,0.735566999992443,145.21194400003878,0.45930700002827507,81.78526699998656,298.47662299994226,True
376093,75.85997900014263,0.7311509998544352,147.39785200004007,0.45672400005969394,81.255247999934,305.70095400003083,True
195842,67.01192600007744,0.8091519998743024,145.38519999996424,0.46635000012429373,77.11664799990103,290.7892759999413,True
454067,62.67123499992522,0.7436089999828255,145.59033000000454,0.45384899999589834,75.99090000007891,285.4499229999874,True
305317,65.6389619998663,0.7265250001182721,144.96185000007245,0.4653080000025511,82.94809699987127,294.74074199993083,True
94185,74.6595210000578,0.72039999986373,145.14581499997803,0.4394320001210872,82.68808799994076,303.6532559999614,True
383339,66.86733599985928,0.7011909999619093,146.20947700018405,0.44134799986750295,76.01598299993384,290.2353349998066,True
253433,63.37759199982429,0.6746890001068095,144.58837799998037,0.4647250000289205,75.67905499990957,284.78443899984995,True
288430,64.76572199994735,0.8371960000204126,145.43019799998547,1.7178510001940595,81.4323769998282,294.1833439999755,True
12639,76.42208000015671,0.7401089999348187,145.11460399990028,0.46414100006586523,84.9485819999245,307.6895159999822,True
510095,72.4632769999971,0.7334009999340196,146.2783090000812,0.4642240000976017,76.42328799988718,296.3624989999971,True
128748,64.84789099999944,0.6725230000483862,145.70953999987069,0.5021000001761422,76.08865199995307,287.8207060000477,True
160864,66.6695779998463,0.874113000008947,145.66378900008203,1.665640000055646,83.31602499993096,298.1891449999239,True
5586,65.35711600008653,0.7290669998383237,144.23794700019243,0.4652239999813901,79.66210699987641,290.4514609999751,True
12670,72.75245300002098,0.7231910001337383,144.8398840000209,0.44001499986734416,87.78067699995518,306.53621999999814,True
508312,69.3141269998705,0.7005649999882735,145.83429300000716,0.4623910001555487,80.97627600000123,297.2876520000227,True
537270,67.15192699994077,0.7008989998666948,143.70509500008666,0.45676500008084986,77.01072399981967,289.02540999979465,True
14038,71.31873699995595,0.7477340000150434,144.70004300005712,0.4601830000865448,81.9073909999588,299.13408800007346,True
73326,73.85878199988838,0.7489839999834658,145.39910899998176,0.454766000075324,84.6709859999919,305.13262699992083,True
25386,69.5855940000456,0.6978569999773754,144.26340399995752,0.46580799994444533,77.49090600009367,292.5035690000186,True
106563,67.8008239999599,0.6681899999421148,145.39135700010775,0.5068919999757782,75.90793500003201,290.27519800001755,True
156292,72.20780800003013,0.7257740001023194,145.21926899988102,0.4602240001077007,84.35268199991697,302.96575700003814,True
249129,74.6499340000355,0.8436539999365777,145.16480800011777,0.45418199988489505,82.74604400003227,303.858622000007,True
338905,63.894230999949286,0.6917320001775806,144.31806999982655,0.4627660000551259,81.12265399995522,290.48945299996376,True
512929,67.50281199992969,0.714732999995249,144.90709000006063,0.47614100003556814,77.34948299980715,290.9502589998283,True
25986,63.49734199989143,0.7053150000047026,146.0413370000424,0.45959900012348953,76.61637499995777,287.3199680000198,True
32334,69.02057299998887,0.8260699999027565,147.62834900011512,1.6519309999694087,82.57228699994812,301.6992099999243,True
22371,66.64986600003431,0.810319000038362,145.3361449998738,0.465599000108341,79.21546300008231,292.4773920001371,True
530836,72.93333100005839,0.7550259999788977,145.65798800003904,0.46572500014008256,79.57497499978672,299.3870450000031,True
437898,71.96242299983169,0.7265250001182721,145.07355199998528,0.4719739999927697,81.11890300006053,299.35337699998854,True
295809,70.17269500011025,0.7175249997999344,144.77649800005565,0.45234899994284206,82.83146100006888,298.95052799997757,True
424162,74.21495700009473,0.745483999935459,145.5606499998794,1.6520570000011503,83.68190700002742,305.85505499993815,True
212453,69.95418700012124,0.7366499999079679,145.79007499992258,0.5788119999579067,79.52997300003517,296.58969699994486,True
287714,68.60984900004041,0.7350669998231751,145.07896600002823,0.45351600010690163,75.17557300002409,290.0529710000228,True
242287,71.80033300005562,0.7526089998464158,147.50779900009547,0.46768199990765424,79.6581850001985,300.18660800010366,True
363784,73.02862400001686,0.7686930000545544,145.75728099998742,0.44138999987808347,80.44342000016513,300.43940800010205,True
259830,72.81553400002849,0.7325249998757499,144.56053100002464,0.4671409999446041,78.55785500009915,297.13358599997264,True
262440,71.36452500003543,0.7359830001405498,147.53167399999256,0.46772399991823477,78.31034600008024,298.410252000167,True
492937,71.42244400006348,0.6939819998024177,146.1165410000831,0.46159899989106634,75.40233000008811,294.09689599992817,True
351362,69.77951299995766,0.7535669999469974,144.67307600011736,1.847520999945118,80.9971050000513,298.05078200001844,True
376284,69.63579900002514,0.8882800000264979,145.28063700004168,0.4581399998642155,82.29931599998963,298.56217199994717,True
267903,68.8883979998991,0.7054830000470247,145.85011400004078,0.4578069999752188,75.58204399992974,291.48384599989186,True
484760,70.34107300000869,0.8436120001533709,146.37659100003475,0.45926500001769455,79.28133699988393,297.30187800009844,True
3661,70.70621000002575,0.7471090000308322,146.0356199997932,0.46522400020876375,81.3775749998058,299.33173799986434,True
210502,66.22930599996835,0.7398589998501848,144.91870500000914,0.45947400008117256,75.01677400000517,287.364117999914,True
376365,64.7971740002049,0.8511539999744855,144.14934599994922,1.6650570000820153,81.61429099982342,293.07702200003405,True
570782,70.50216099992213,0.7633180000539141,147.62863100008872,0.4586409997955343,80.24616100010462,299.5989119999649,True
572956,68.8457290000315,0.7534420001320541,144.62673599996378,0.45993200001248624,79.94298299990987,294.6288220000497,True
466835,79.29162700020242,0.8488629998737451,146.2099150000995,0.46214099984354107,81.18198300007862,307.9945290000978,True
293245,69.70450800008621,0.7251920001181134,147.31057699987105,0.4661410000608157,76.05851699986488,294.26493500000106,True
571264,68.46950699991794,0.9002809999856254,145.2592560001449,0.45593300001200987,81.2962359998437,296.38121299990416,True
462756,69.90926399998898,0.7530259999839473,144.54289800005427,0.4510569999638392,79.48917499993513,295.14541999992616,True
183500,70.65253999985543,0.7414419999349775,142.87063200004013,0.46147400007612305,81.30627900004583,296.0323669999525,True
109900,68.745558000046,0.7132329999421927,144.88336800013712,0.4628489998594887,78.10637700004008,292.9113850000249,True
477441,64.75721299989345,0.715858000148728,145.24191999998948,0.45689099988521775,75.45924400005788,286.63112599997476,True
245102,67.55430800012618,0.7316919998174853,144.56748100019468,0.46718199996576004,79.37333699987903,292.69399999998313,True
237984,73.12270600004922,0.8135699999911594,144.93661799997426,0.4630989999441226,80.63083800016102,299.9668310001198,True
137950,71.76020099996094,0.7289420000233804,145.89410799999314,0.4685989999870799,78.49451400011276,297.3463640000773,True
290592,75.87975799992819,0.7379000001037639,145.46484399988913,0.4605569999966974,81.48165800002971,304.0247169999475,True
307074,68.77539099991736,0.7404420000511891,145.80360500008283,0.4645989999971789,82.7400339999258,298.52407099997436,True
110282,67.4525529998391,0.7333170001402323,144.73327599989716,0.4421820001425658,75.0707299998794,288.43205799989846,True
395575,68.46867100011877,0.7271499998751096,146.10298800016608,1.6672649999236455,81.09081099996729,298.0568850000509,True
211674,67.15075100009926,0.6798150000122405,145.3440039999805,0.45772399994348234,81.94229800005814,295.5745920000936,True
338191,77.42935199985368,0.7724839999809774,145.30792000005022,0.464557999976023,76.80995500004428,300.7842689999052,True
28993,69.01831400000447,0.6831480000073498,144.97511600006874,0.44268099986766174,77.09279899995636,292.2120579999046,True
124798,68.95452000003388,0.7499010000628914,144.55568399989716,1.806437000141159,83.22525699986727,299.29179900000236,True
443969,72.26500799993119,0.6883149999339366,145.2837100000579,0.5766030001268518,76.23589299987543,295.0495289999253,True
428562,70.1141849999658,0.833445000125721,145.15924499983157,0.4674740000609745,76.93900100002793,293.513350000012,True
502336,69.35569999996005,0.7502340001792618,144.75352299996302,0.4488489998948353,82.02867399995739,297.33697999995456,True
297681,68.06857299989133,0.7702350001181912,144.40388599996368,0.44672299986814323,79.35799999995652,293.04741699979786,True
25593,78.1422919999386,0.7160659999954078,144.7656889999962,0.4656000000977656,82.12942599993767,306.21907299996565,True
409268,68.33441499998116,0.71248199992624,145.78301500000634,0.45893300011812244,76.02342599989242,291.3122709999243,True
1268,64.1829809999308,0.6872730000395677,145.05849100009982,0.4554319998533174,77.36634699995193,287.75052399987544,True
227399,70.30873200005772,0.7441499999458756,145.16736900009164,0.4615159998593299,83.20450500013976,299.8862720000943,True
546659,75.2424830000109,0.745483999935459,146.31994799992754,0.456808000080855,81.92912699996668,304.69384999992144,True
303863,70.93616900010602,0.8258200000454963,145.07544699995378,0.466390999918076,76.18726500004414,293.4910920000675,True
571008,67.5568869999097,0.7441509999353002,145.70367700002862,1.6729740000300808,80.15177500010395,295.82946400000765,True
186624,76.33718700003556,0.8789879998403194,145.27591199998824,0.45826600012333074,81.18060099991453,304.130953999902,True
572303,69.25786200008588,0.6960650000564783,144.58480399980544,0.454641000033007,75.89987900018969,290.8932510001705,True
283038,66.70581599996694,0.7560670001112157,146.11081499992906,0.45622400011779973,81.94912699991619,295.9780490000412,True
230450,74.97434800006886,0.743566999972245,145.94806000013705,0.45709799996984657,81.82078899994849,303.9438620000965,True
568147,68.20319999997082,0.7518590000472614,144.71226599994225,0.4668070000661828,77.30259300001308,291.4367250000396,True
246454,67.07470300011664,0.6985659999827476,147.11430599982123,0.5197260002205439,76.94391399991218,292.35121500005334,True
401446,65.97024799998508,0.7896110000729095,145.32578599983026,0.46176599994396383,76.14247000014984,288.68988099998205,True
432468,65.72740699994029,0.750274999973044,144.80814300009115,1.7610599998079124,79.21961600004579,292.2665009998582,True
161609,74.0364400000999,0.7500669998989906,144.37733600016145,0.4678079999393958,82.66698299985364,302.2986339999534,True
329319,68.20753200008767,0.7081910000579228,145.72292399998332,0.4397650000100839,75.93221199999789,291.0106240001369,True
398810,63.60958400000527,0.6804390000070271,145.24407399994743,0.4658909999761818,75.14110099987192,285.14108899980783,True
174231,67.54467599989766,0.7384010000350827,145.67729500004134,1.66559900003449,77.44084599994494,293.0668169999535,True
387148,73.29949699987992,0.7326500001454406,144.4151690000126,0.45955799987495993,84.13374099995963,303.04061499987256,True
364297,65.8794940000007,0.7456920000095124,144.99410600001283,0.4553070000383741,77.73831400004383,289.81291300010525,True
209972,65.66606899991712,0.7432340000832482,148.4027619999324,0.4598909999913303,78.71017999991636,293.98213599984047,True
270883,70.94275000008565,0.7500249998884101,145.63029300006747,0.5203089999668009,80.0050170000759,297.8483940000842,True
379533,68.18244700002651,0.7218989999273617,144.7978480000529,0.46109899994917214,77.8836939998655,292.04698699982146,True
245915,66.79777399995146,0.7593600000745937,145.29957099989588,1.6840989999309386,81.16951400006656,295.7103179999194,True
114884,71.81652799999938,0.7486089998565149,146.25485400006255,0.46514099994965363,86.23001899991323,305.5151509997813,True
155571,70.35789499991552,0.7226080001601076,145.18769300002532,0.4348899999513378,75.76207900001464,292.4651650000669,True
347456,68.65492100018855,0.8138609998695756,145.397075000119,1.6696399998181732,80.90675400012515,297.44225100012045,True
263860,71.7700259999674,0.7159829999636713,145.05418699991424,0.4620990000603342,80.83841799998481,298.84071299989046,True
346232,67.66992800021399,0.7860689997869486,145.54574500016315,0.45347399986894743,79.03885600012472,293.49407200015776,True
85665,71.05008400003499,0.7529839999733667,144.4594590000179,0.46005699982742954,79.2628640001567,295.98544800001036,True
377239,72.35608700011653,0.8983220000118308,146.24693499990826,0.4619320000074367,80.9412539999812,300.90453000002526,True
47819,67.83418300005906,0.7333579999340145,144.74588300004143,0.4373899998881825,77.89715100011563,291.6479650000383,True
132622,72.13666200004809,0.7255250000071101,144.54725199993845,1.792311000144764,79.90884399987408,299.1105940000125,True
222317,70.9151630001088,0.8826139999200677,143.3432520000224,0.5776860000423767,78.42866800001502,294.1473830001087,True
338901,66.76377099984165,0.6891490002089995,144.61850199995752,0.45534899982158095,76.92357500013713,289.4503459999669,True
298738,73.09919499994066,0.7313999999496446,146.65003000004617,0.46755800008213555,80.79608100001678,301.7442640000354,True
273642,71.67514599996139,0.7428169999457168,145.75008299993897,0.4394320001210872,80.49323699992783,299.100714999895,True
170278,69.99854699984098,0.708690999999817,146.93333000013808,0.4374309999093384,76.45226699992236,294.5302659998106,True
20247,70.1705530000254,0.8167779999439517,146.40989600002285,0.46126500001264503,79.24711199984813,297.105603999853,True
325991,70.07025800021438,0.7116079998468194,144.92713599997842,0.45659900001737697,80.5319060000329,296.6975070000899,True
102805,67.54192099992906,0.8157780000601633,143.7925970001288,0.4586409997955343,76.70852400019612,289.3174610001097,True
34452,67.29178799992042,0.6975650001095346,144.72525399992264,0.4558069999802683,75.88399600012963,289.0544100000625,True
356968,69.00393000000804,0.7371910000983917,144.80808999996952,0.4598909999913303,75.54523499993593,290.5543370000032,True
15956,63.827337000020634,0.7230250000702654,145.76087099999313,0.4581820001021697,77.00782599999911,287.7772410001853,True
98633,64.61640400016222,0.8799469999303255,145.77062099988325,0.46097400013422885,79.73250099985307,291.4604469999631,True
196442,69.47119400001611,0.8795720000307483,146.0200880001139,0.467307000008077,83.34124899988637,300.1794100000552,True
378515,70.27647199993226,0.7251080000969523,144.3679900000916,0.45959899989611586,79.27619399993091,295.10536299994783,True
535253,65.93036499998561,0.7160249999742518,145.09222099991348,0.4552660000172182,78.45324900017658,290.64712600006715,True
84031,67.91801600002145,0.7153569999900355,145.7272439999997,0.4580570000598527,83.12678299989784,297.9454569999689,True
190853,74.0440160000162,0.7271080000919028,145.22943499991925,0.4555150001124275,79.98300899998867,300.43908300012845,True
410934,71.19696099994144,0.7290250000551168,146.66973199996391,0.4628489998594887,75.89507800003048,294.95364499985044,True
236308,65.96890800005895,0.7333579999340145,147.75343599990265,1.6778900001099828,81.18767399992066,297.32126599992625,True
362520,73.41232700014189,0.74640000002546,144.19848099987576,0.46601600001849874,80.32806200003506,299.15128600009666,True
463527,67.65171400002146,0.7899439999619062,144.6785389998695,0.45339100006458466,78.06627600007232,291.63986399998976,True
295138,68.57220300003064,0.7466920001206745,144.5090329998493,0.46518199997080956,81.22163300004104,295.51474300001246,True
438907,75.24793099992166,0.7545670000581595,145.19055499999922,0.4640580000341288,80.2936850000151,301.9507960000283,True
245320,67.2504089998256,0.7343580000451766,145.34518599998592,0.46080700008133135,77.51267399999051,291.30343399992853,True
416885,62.93197000013606,0.6908149998707813,146.3285929999074,0.4635990001133905,77.91572800010726,288.3307050001349,True
187585,66.44317199993566,0.7337330000609654,145.9467049999148,1.6775569999936124,79.04747500015219,293.8486420000572,True
34417,70.83207199980279,0.7685260000016569,147.958398000128,0.46147399984874937,85.6594080000832,305.6798779998644,True
553221,66.53088299981391,0.7254000001921668,144.46586199983358,0.4588490000969614,80.12617800000044,292.30717199993705,True
344795,67.51254100004189,0.7357339998179668,145.19717799998944,0.4590570001710148,80.7889499999419,294.6934599999622,True
300276,72.81672099998104,0.7525260000420531,144.79049700003088,0.4579740000281163,87.65889200003585,306.47661000011794,True
189451,68.73645799987571,0.7055660000787611,145.07488200001717,0.5223929999829124,76.5940149999551,291.63331399990966,True
25228,70.60293700010334,0.8493209998050588,145.0697550001223,1.688181999952576,79.24677300002259,297.4569680000059,True
193674,74.05038699994293,0.7182750000538363,143.98205199995573,0.4579740000281163,80.43714599989471,299.6458339998753,True
27972,68.55040899995402,0.7888180000463763,144.3047719999413,0.4566400000385329,75.95695200006958,290.0575910000498,True
265777,67.62254499994924,0.7092319999628671,144.8480379999637,0.46368300013455155,76.82152200004566,290.46502000005603,True
441491,62.596414999916306,0.7344000000557571,144.47356699997727,0.4635569998754363,75.51110300005348,283.77904199987825,True
372349,67.57279199996447,0.7296920000499085,145.259261000092,0.4320139998981176,81.3816360000601,295.3753950000646,True
455937,74.19530900006066,0.7761929998650885,145.4628500000581,0.43989000005240086,82.60588500002086,303.4801270000571,True
182162,72.68733999990218,0.7619420000537502,146.74076799997238,0.45926600000711915,84.71562299996549,305.3649389999009,True
471893,70.31280100000004,0.7557339999948454,144.41285600014453,0.4598479999913252,83.287491999954,299.22873100008474,True
543581,70.63768700004402,0.7634010000856506,145.2780099998563,0.46705800014024135,80.97595399999591,298.1221100001221,True
115870,66.8559749999531,0.7114410000212956,146.00124100002176,0.45439099994837306,78.49128599991673,292.51433399986126,True
189475,67.37924200001544,0.7363170000189712,148.07135299997753,1.6360140000415413,87.03165899987653,304.85458499993,True
520871,70.32925999988038,0.7406910001463984,145.85169499991935,0.45859900001232745,78.62720699995407,296.0074519999125,True
166478,65.82281500004683,0.6883149999339366,145.56980899988048,0.4558480000014242,77.07215400000678,289.60894099986945,True
136600,71.61726100002852,0.8696120000877272,145.47134800000094,0.4636819999177533,81.45463599998948,299.8765390000244,True
195918,69.86791000008452,0.762693000069703,144.9327870000161,0.4348899999513378,82.3804999999993,298.37878000012097,True
428280,66.03248800001893,0.7155239998155594,145.9718220000923,0.4375559999516554,77.94164100005219,291.0990309999306,True
248631,68.68141099994318,0.729190999891216,144.72452900008648,0.46564099989154784,81.53355400008877,296.1343259999012,True
355610,69.77348899999924,0.7042320000891777,145.358091999924,0.4460570000901498,78.9605089998986,295.24237900000116,True
280918,68.20018600001276,0.6997319999300089,144.8967020000964,0.43951499992544996,77.13444699993488,291.3705819998995,True
581317,66.86580700011291,0.7896519998666918,146.51179600014075,0.460557999986122,79.4875259998662,294.11533899997266,True
512330,72.10719299996526,0.7211910001387878,145.28542099992592,0.4580580000492773,82.38999899981536,300.9618619998946,True
243344,69.82182399997328,0.7003150001310132,144.5162289999189,0.4629320001185988,76.41538099983336,291.91668099997514,True
120572,72.7767569999287,0.7330660000661737,145.9161509999376,0.46513999996022903,80.04983599994375,299.94094999983645,True
284764,71.79393100000198,0.7296080000287475,144.62731499997972,0.4430149999734567,79.64765500014437,297.24152400012827,True
157767,68.58623900006933,0.6777730000067095,146.8060140000489,0.44305599999461265,80.58485499987,297.09793699998954,True
268378,71.13915900004031,0.7130239998787147,146.18574200017065,0.46464100000775943,87.02265499982786,305.5252209999253,True
156278,73.0621400000473,0.7171500001277309,145.09682899984,0.4578489999857993,83.1471070000589,302.4810750000597,True
170099,67.64104000012594,0.695481999855474,145.5637620001653,0.4647239998121222,76.02911600019979,290.3941240001586,True
529568,67.37624000015785,0.7285239998964244,144.78936099999373,0.46518199997080956,81.57413699996141,294.9334439999802,True
575970,63.64036299987674,0.7261499999913212,145.81339300002583,0.4615580000972841,81.86206199980006,292.50352599979124,True
241602,70.1898350000647,0.7379409998975461,145.29225100000076,1.6750570000567677,82.44099900002766,300.33608300004744,True
570834,68.63165599997956,0.8079019999058801,145.65563900009693,0.4630989999441226,79.58819400005268,295.14648999997917,True
292997,67.8415039999436,0.7370250000349188,145.90872999997373,0.467432000050394,79.30468399990787,294.2593749999105,True
240940,70.60638899997684,0.7502760001898423,144.587601000012,0.4649319998861756,82.83247000008487,299.24166800014973,True
474095,64.14804600012758,0.7291489998806355,146.16932200010524,0.45534800005953,77.9708049999499,289.4726700001229,True
32817,73.20264300005874,0.7509839999784163,144.54159999991134,0.4656400001294969,83.81896099990627,302.77982799998426,True
203389,66.22503199992025,0.7048990000839694,144.96377899990875,0.5205600000408594,75.3174639999088,287.7317339998626,True
204186,69.7616930001459,0.7177749998845684,145.6680530000085,0.45622300012837513,78.77720699980273,295.3809509999701,True
222118,65.46542299997782,0.8853220001583395,144.63297599991165,0.46739100002923806,79.90291100009017,291.3540230001672,True
509260,68.37810499996522,0.7545250000475789,145.38620899998023,0.4395979999571864,80.82415100011531,295.7825880000655,True
239041,66.41462100014905,0.7274419999703241,144.571471999825,0.434932000189292,78.0729739999515,290.2214410000852,True
90631,67.28960899999947,0.7474839999304095,144.95861099999274,0.45930700002827507,79.1014260000793,292.5564370000302,True
187745,71.50391800018951,0.7123159998627671,144.47380199999316,0.46434900013991864,79.13738399997783,296.2917690001632,True
235252,66.75392400006785,0.7098569999470783,144.4907190000322,0.44372299998940434,75.74001900002258,288.1382420000591,True
452891,73.14955699985148,0.7260660001975339,145.053278999967,1.8014360000506713,80.66747799989571,301.3978159999624,True
387387,74.5297280000159,0.8945719998791901,145.26724500001365,0.45909899995422165,80.0429560001703,301.19360000003326,True
253002,66.83667600009358,0.6809399999383459,144.31629499995324,0.452599000027476,76.0605289999603,288.34703899997294,True
198928,71.00102499998684,0.8754880000196863,145.35032999992836,0.4620570000497537,81.31774899993616,299.0066489999208,True
364322,72.60408000001917,0.7232329999169451,144.89760600008594,0.4627240000445454,80.9314020000329,299.6190450000995,True
343496,69.34167700001126,0.7347329999447538,145.90151500010506,0.45684799988521263,82.40178500000184,298.8365579999481,True
147338,72.96730000007301,0.7479829998828791,145.04065200003424,0.4737240001304599,80.47576099988873,299.7054200000093,True
117374,73.4172719999151,0.758693000079802,143.9409469999191,0.46097399990685517,81.08049000020401,299.6583760000249,True
82846,74.57239499990465,0.85311299994828,145.61637900010282,0.45905699994364113,79.54372900007911,301.0446729999785,True
276720,72.89275399989492,0.8920310001485632,146.14564599992264,0.46330700001817604,81.30824699992445,301.70198499990875,True
46497,64.60284900003899,0.7269420000284299,144.72655600002327,0.4630989999441226,77.23940100004256,287.75884700007737,True
333697,71.8452599999182,0.7203160000699427,145.00710800007255,1.7521839999972144,78.8283719998617,298.1532399999196,True
11615,70.86814300009792,0.7300669999494858,145.99268100005247,0.46126500001264503,77.50324299991007,295.5553990000226,True
275727,71.08594300007098,0.7016899999143789,148.01854200004527,0.45372299996415677,75.36425400007829,295.6241520000731,True
241297,73.5785270001088,0.760526000021855,144.53800699993735,0.45926500001769455,79.50664400004825,298.84296900013396,True
323751,75.50850899997386,0.7453590001205157,144.35866600001646,0.4675579998547619,81.04227800004082,302.1223700000064,True
14380,68.82961600013004,0.7176079998316709,145.25603000015508,0.44659799982582626,77.04576900005122,292.29562099999384,True
368038,69.1861699999663,0.8113609999327309,145.7060029999866,1.7365169999266072,79.24880100017617,296.6888519999884,True
477623,74.97065600000496,0.6974820000777981,146.27673099994354,0.46280800006570644,79.7638179999467,302.1714950000387,True
458702,69.74097900001652,0.6965649999983725,145.06627300011132,0.46634899990749545,75.4559640001844,291.4261300002181,True
114907,72.460362999891,0.7222330000331567,144.64159099998142,0.46080700008133135,86.73896999994213,305.02396399992904,True
133778,73.0569249999462,0.7278160001078504,145.94042699991405,0.4574740000862221,80.29829399993105,300.4809359999854,True
311392,72.07551599981343,0.7101070000317122,145.8052550001412,0.4680569998072315,80.74914200005878,299.80807699985235,True
520531,67.86474899990935,0.6845650000286696,145.91596600007506,0.46214099984354107,80.21558200016443,295.14300300002105,True
78420,62.990542000079586,0.6766059998426499,146.00363700014896,0.4544729999906849,77.53457500007244,287.6598330001343,True
224093,66.24573600015538,0.7579839998470561,144.3868310000198,0.46314099995470315,81.11244500014436,292.9661370001213,True
97230,73.84415799992894,0.7532750000791566,146.05155399999603,0.46718199996576004,78.29326699993544,299.4094359999053,True
330369,64.68976599990128,0.7156910000958305,145.47778299993297,0.5211850000250706,77.13718600007269,288.54161100002784,True
271116,69.69668500005355,0.7961929998145933,145.05443699999887,1.679265000120722,85.66264000000956,302.8892199999973,True
440171,72.93308499993145,0.7064410001476062,145.27323399988745,0.4617229999439587,79.0912100001151,298.46569300002557,True
166768,67.82332900002075,0.6963159999031632,146.0289260000991,0.4630149999229616,76.1809450000328,291.19253099997877,True
514979,72.31839799987938,0.7290240000656922,145.74708400004965,1.6572639999594685,80.02957500002594,300.48134499998014,True
413689,73.67327699989801,0.7237740001073689,145.17739600000823,0.4669329998705507,84.24009100008334,304.2814709999675,True
53624,69.45125900006133,0.6964819999666361,146.20280600001934,0.4578479999963747,77.80495800011522,294.6133530001589,True
313588,74.79439700000512,0.7585260000269045,146.25918199999433,0.4598489999807498,81.54583400005322,303.8177880000603,True
310980,71.47366000003785,0.8042360000217741,145.32635799992022,0.45489100011764094,79.8078989998885,297.867043999986,True
200252,63.462681000146404,0.7171909999215131,145.65836900010254,0.46226599988585804,77.46715400003268,287.767661000089,True
235241,67.44914899991272,0.7524000000103115,147.9228210000656,1.8236870000691852,81.36503499986247,299.3130919999203,True
9378,70.30178700006218,0.7397330000458169,146.39485299994703,0.4664739999498124,81.25911500019356,299.1619620001984,True
357459,69.41708999988805,0.7230240000808408,145.04947299997184,0.4540980000911077,76.42315999987659,292.0668449999084,True
533493,64.43738100006158,0.8923629998207616,146.53860600014923,0.45772399994348234,79.97569600001952,292.3017699999946,True
227482,71.2318180001148,0.7656499999484367,145.61761699997078,0.4649740001241298,78.6056079998616,296.68566700001975,True
214753,66.19681500001207,0.7344830000874936,145.68782700007432,0.4576819999329018,77.26043699994989,290.33724400005667,True
226883,72.96900100004677,0.7586919998630037,143.54946299999938,1.6881809999631514,80.59313300009308,299.5584699999654,True
118209,75.21136800005479,0.8062780000273051,145.34052299995892,0.4586400000334834,80.21570300002168,302.0325120000962,True
529105,70.80176099998425,0.7399830001304508,144.8267969999506,0.46768299989707884,76.48799300000064,293.324216999963,True
377486,71.4725330001329,0.8294029998978658,146.41905799999222,0.44068200008950953,82.9328769998483,302.0945529999608,True
308545,66.87404400008745,0.7578180000109569,144.83400399990387,0.44155700015835464,79.62234899991927,292.5297720000799,True
454798,73.190674999978,0.7637339999746473,144.40444799993202,0.46539100003428757,82.4018180001076,301.22606600002655,True
6614,64.97535500011509,0.7267749999755324,147.13778899999852,0.45622399989042606,82.81770600001437,296.11384899999393,True
290081,71.42740600011166,0.7174410000061471,145.27618499982964,0.46234900014496816,74.92485700004181,292.8082380001342,True
496954,65.47916399995302,0.7196080000539951,145.94062400010444,0.4542649999166315,79.0287449999596,291.6224059999877,True
99053,67.72482299993499,0.6954400000722671,148.0406519999633,0.46180699996511976,77.54040300005727,294.46312499999294,True
3255,64.6953030000077,0.7355249999818625,144.84579400004804,1.8196450000687037,81.17769199998293,293.27395900008923,True
549167,72.5592769999821,0.9958250000181579,145.48865000006117,0.46534900002370705,82.02463699990403,301.53373799998917,True
132116,73.31859399982932,0.7346500001403911,145.35039399993366,0.4554740000912716,79.55001099981018,299.4091229998048,True
335427,74.05199300001186,0.8937799998420815,146.76964900013445,0.4608909998751187,81.33357100018657,303.5098840000501,True
31093,67.1875960001671,0.7004399999459565,145.06763400004274,0.454431999969529,77.75111699993431,291.16121900005965,True
30785,73.48143199988044,0.8310700000038196,145.33780900001148,0.46197400001801725,79.1579990000173,299.27028399993105,True
74860,71.4064450000933,0.739441999940027,144.7261210000761,0.46280699984890816,80.9324330000436,298.2672480000019,True
527695,69.44983799985494,0.7226909999644704,146.06850000018312,0.4571819999910076,79.30687699990813,296.00508799990166,True
361506,69.17924499998662,0.7369830000243383,145.83974199990735,1.6652230001454882,80.7904690000214,298.2116620000852,True
365521,71.9628389999798,0.729566000018167,146.78048099995067,0.5725610001263703,81.62816300000486,301.67361000007986,True
288862,69.32820800011541,0.7079819999944448,145.99412100005793,0.4560989998481091,77.76570000009997,294.25211000011586,True
18519,74.44863000000623,0.745608999977776,145.0062119999984,0.4593489998114819,79.73647500011793,300.39627499991184,True
560178,67.63456800013046,0.71873299998515,146.35946599992167,0.46347400007107353,76.43807199997354,291.6143130000819,True
119911,69.88272600005985,0.7534419999046804,143.61199800009672,0.46026599989090755,82.82928600010564,297.5377180000578,True
350405,63.42846699999427,0.7355660000030184,144.97637699992083,0.4560160000437463,78.83910999998989,288.43553599995175,True
425906,71.5126140000848,0.7570669999950042,146.29129600007218,0.4654329998174944,82.22239100018669,301.24880100015616,True
157601,66.529613000057,0.8010270000795572,145.3308879999895,0.46297299991238106,76.49336500003301,289.61786600007144,True
138241,65.59508100008316,0.6906490000346821,145.20450800000617,0.4532660000222677,76.1696029999257,288.113107000072,True
383337,68.5290139999779,0.7511500000418891,145.9375749998344,0.4581400000915892,80.38174600005732,296.0576250000031,True
449603,73.3790509998471,0.7396500000140804,145.4947259999244,0.5420600000434206,80.444997000086,300.600483999915,True
275058,71.49565399981839,0.7270660000813223,144.87453900005676,0.4650989999390731,75.94238599995151,293.50474399984705,True
359677,68.87456499998734,0.8329449999564531,145.55981099988458,1.8136450000838522,80.34807600006388,297.4290419999761,True
512985,73.04999799998768,0.7250660000863718,147.92497400003413,0.4625990000022284,80.26474099983716,302.42737799994757,True
170613,67.2459689999414,0.7211490001282073,146.25983399992037,0.4571399999804271,76.34585799996785,291.02994999993825,True
239717,75.76671400011037,0.8840289999625384,145.27996800006804,0.46143199983816885,80.75792299996465,303.15006599994376,True
326174,69.99377000011009,0.7224819999009924,145.00716700013072,0.46547399983865034,79.0280310000071,295.21692399998756,True
432085,66.86403900016558,0.7568179998997948,147.21623900004488,0.43493099997249374,82.31368399992789,297.58571100001063,True
48396,67.42743300014808,0.7353989999501209,145.12966999996024,0.4340980001416028,79.40616799987765,293.1327680000777,True
82765,70.30194600019968,0.7426919999033998,146.00490699990587,0.4657660001612385,82.2594730000219,299.7747840001921,True
471756,66.00638500003697,0.7093570000051841,145.9024870000576,0.46026599989090755,77.13092499989216,290.2094199998828,True
220584,63.51513399999931,0.6677720000425325,145.80069099997672,0.45593200002258527,76.56669800007876,287.0062270001199,True
79031,70.41353299996445,0.7481919999463571,144.8625760001505,0.4647239998121222,78.71927000019241,295.20829500006585,True
513524,71.93029199993362,0.7414410001729266,144.47889699999905,0.45976499995958875,78.46721999999318,296.07761500005836,True
274460,71.65628199982166,0.7334420001825492,144.2484289998447,0.45489000012821634,79.92235100005018,297.0153940000273,True
274066,70.21785899996758,0.9009880000121484,145.19983599984698,0.4603490001500177,82.07075699988309,298.8497889998598,True
278973,73.79452100008166,0.7261910000124772,146.0275309998451,0.45638999995389895,80.23836200004553,301.2429949999387,True
320696,68.31091999993077,0.7335239999974874,144.35993300003247,0.5299340000419761,75.72000200002549,289.6543130000282,True
485071,71.78737000003821,0.7389830000192887,145.10712299988882,1.6568060000281548,79.87505799997052,299.165339999945,True
71451,71.21959999994942,0.7369420000031823,145.64851700015424,0.46584899996560125,80.61733199997434,298.6882400000468,True
342186,70.39924000014253,0.702439999940907,144.69985999994606,0.45180600000094273,76.31489599998531,292.56824200001574,True
202445,64.94626399990011,0.6943570001567423,145.08107999995445,0.4632239999864396,76.6231139998581,287.80803899985585,True
133418,69.2679930000395,0.7557750000160013,145.520094999938,1.7636420000144426,79.48033499997109,296.78783999997904,True
522156,72.51026799985993,0.7497340000099939,144.33401300016158,0.4655989998809673,81.08843100012564,299.1480450000381,True
274411,68.10941200001253,0.7394409999506024,146.04619500005356,0.5057669998222991,76.61453000014262,292.0153449999816,True
394559,70.40157200003705,0.8629869998912909,145.46534200007954,1.6677640001034888,80.9079240000301,299.3055890001415,True
64523,73.20408200007478,0.7191489999058831,147.0298520000597,0.46059900000727794,82.74694499982616,304.1606269998738,True
62692,69.40587099984441,0.7033990000309132,146.0273180000513,0.4648909998650197,75.55724400003783,292.1587229998295,True
359219,68.84972800003197,0.6997309999405843,145.21554099997047,0.45793200001753576,76.15743099995598,291.38036299991654,True
512657,66.30555900005675,0.7475669999621459,147.5075339999421,1.660264000065581,83.41142399990531,299.6323479999319,True
556193,68.77197400012847,0.7325669998863304,145.4425890001403,0.4616819999228028,79.94922500006396,295.35803700014185,True
156924,67.98273899994456,0.7512340000630502,144.89331999993738,0.4534320000857406,77.80052699990847,291.8812519999392,True
164883,70.61678600007326,0.8241939999606984,146.6205029998946,0.45997400002306676,81.40531399999418,299.9267709999458,True
470173,69.79709199981698,0.7820260000244161,145.26470800001334,0.4539320000276348,76.07600999995157,292.37376799983394,True
302107,71.28022500000952,0.7548169999154197,144.63476900004935,0.4652659999919706,80.30290200008494,297.4379790000512,True
133969,72.93636300005346,0.7500670001263643,144.34438399985083,0.46518199997080956,83.85077100001581,302.3467670000173,True
246308,73.86135299998386,0.7584830000268994,146.09060899988435,0.4611829999703332,79.26424200013571,300.43587000000116,True
138856,76.34789400003683,0.7571510000161652,147.95600399997966,0.46484900008181285,78.42017199982365,303.9460699999381,True
207306,69.57308300002296,0.9008219999486755,145.3668750000361,0.44034799998371454,79.82488600009674,296.1060140000882,True
565877,66.38189300019803,0.710607999963031,144.57814000002145,0.43830599997818354,77.38355399987995,289.49250100004065,True
161642,69.27773999996134,0.7491090000257827,146.01160500001242,0.46634899990749545,79.08681899994008,295.5916219998471,True
117197,75.98575600013646,0.7533999998940999,147.2253950000777,0.46772399991823477,79.16611299992837,303.59838799995487,True
247806,69.20411200007948,0.7346909999341733,144.48484500007908,0.45822399988537654,75.30327400013448,290.1851460001126,True
245173,74.72438099989631,0.7306080001399096,144.3922159999147,0.4581820001021697,79.81863500003783,300.1240220000909,True
304396,72.42763699991883,0.7532330000685761,144.51017800001864,0.45351499989010335,79.0043990000413,297.14896199993746,True
567886,65.77191300016239,0.7531500000368396,146.1429829998906,0.4618899999968562,78.38687799994659,291.51681400003326,True
85089,70.89520999988963,0.7501090001369448,143.70698399989124,1.6896399999950518,80.76529100003427,297.80723399994713,True
233370,75.25056399981622,0.844278000158738,145.65859100002854,0.46968299989202933,81.02925699995467,303.2523729998502,True
554002,68.52121300016734,0.6997739999405894,145.63821399997323,0.46151500009727897,75.99813100000574,291.3188470001842,True
465129,69.80792299987115,0.7431920000726677,146.47957600004702,1.695847999826583,83.07895100006135,301.8054899998788,True
45229,72.87115099984476,0.7359000001088134,143.8609459999043,0.459682000155226,83.99556499989558,301.92324399990866,True
438774,68.54408800018064,0.745608999977776,144.89656299997478,0.4563069999221625,80.66295300000093,295.3055200000563,True
523100,71.91157600004772,0.7485249998353538,143.69310699999005,0.4606820000390144,80.06389100000888,296.877780999921,True
224051,71.21138599995902,0.7490250000046217,145.70471599995471,0.46468200002891535,81.427561000055,299.55737000000227,True
61108,67.98411099998702,0.7194410000010976,145.66425500015612,0.45738999983768736,76.10763299999235,290.9328299999743,True
505169,72.17087599997285,0.7571090000055847,145.62625299981846,1.699099000006754,80.71312000015496,300.9664569999586,True
431140,66.36009800013198,0.760316999958377,145.2614499999072,0.4611819999809086,79.94917800010626,292.7922250000847,True
536343,63.56742100001611,0.7560249998732615,144.41917199997079,0.46214000008149014,76.58727400007592,285.79203200001757,True
147518,70.08884699985174,0.7578170000215323,144.71809700012273,0.458181999874796,76.04154700015897,292.06449000002976,True
58539,70.60019799996553,0.7564000000002125,145.93534599998748,1.6477219999160297,83.00648800013732,301.9461540000066,True
418696,73.1322829999499,0.7521919999362581,146.22031299995797,0.45876600006522494,81.58277400002589,302.14632799993524,True
181542,71.39355799995428,0.7376080000085494,144.29562300006182,0.46618200008197164,80.98225300000195,297.8752240001086,True
146667,67.74989300015477,0.7331499998599611,144.40933500009123,0.45255700001689547,81.51785499990183,294.8627900000247,True
3156,68.26945199986767,0.8111940001072071,146.54724000001806,1.8119779999778984,80.14060000004974,297.5804640000206,True
297147,69.83358799993766,0.7042740000997583,145.81092399998852,0.4603479999332194,79.41424199998437,296.2233759999435,True
455716,72.3014200000307,0.6856069999230385,146.07355599991934,0.4548070000964799,76.2657620000482,295.78115200001776,True
44590,64.90859000018645,0.8441529998890474,144.52708799990432,0.46126600000206963,84.59004000019377,295.33113700017566,True
129756,77.54176299999926,0.7544420000158425,144.45308500012288,0.45855700000174693,82.03828799992152,305.24613500006126,True
163746,71.14842300006785,0.7059399999889138,144.47975200005203,0.46384899997065077,78.58275500007039,295.38071900014984,True
335529,64.0143089999583,0.7188990000486228,145.79454600016106,0.45130699982109945,76.54743700004474,287.5264980000338,True
543043,66.08679600003597,0.7032309999885911,146.04672200016466,0.5801439999686409,76.71973499986962,290.1366280000275,True
459757,64.40428099995188,0.7179409999480413,146.0645540000769,0.4608490000919119,76.03050199986683,287.67812699993556,True
94751,61.39034600005289,0.7666510000490234,145.79537899999195,0.4644319999442814,79.82958799993867,288.2463959999768,True
284725,74.12993799994183,0.7475249999515654,146.4612350000607,1.7213070000252628,81.52514499988683,304.5851499998662,True
266082,70.00542600007975,0.8683209998707753,145.5544530001589,0.4603909999332245,79.97646700005134,296.865058000094,True
105912,65.37422899987178,0.8216100000026927,145.42699000003267,0.455682000165325,78.30761999980496,290.3861309998774,True
568290,71.82869400003256,0.752567000063209,145.72374999988824,0.4638909999812313,79.95375800010152,298.72266000006675,True
460379,75.1071800000318,0.7462329999725625,143.18062300003476,0.4541410000911128,79.8790049998388,299.36718199996903,True
484404,67.46246500006237,0.7316910000554344,144.75321700001587,0.45251500000631495,75.30406000000767,288.70394800014765,True
233727,69.63262099998246,0.7318160000977514,144.72663199990166,0.46893300009287486,81.9826169999942,297.54261900006895,True
419201,72.17020600000978,0.7175650000590394,145.8620040000369,0.45843199995942996,81.44989099992017,300.65809799998533,True
366178,65.04517600001236,0.7086489999892365,145.70628900014526,0.46363999990717275,74.5784939999794,286.50224800003343,True
264335,66.10554400003821,0.7195660000434145,145.12068599992745,0.46451499997601786,75.22039099990252,287.6307019998876,True
384513,64.02472399986436,0.7242330000281072,143.92606199999136,0.4593490000388556,74.46353199998157,283.59789999990426,True
176037,70.28414199999133,0.7522749999679945,146.04538300000058,1.8195610000475426,81.6336880000108,300.53504900001826,True
167902,72.63721999993322,0.7225659999221534,146.256472999994,0.4622650001238071,79.73966600002313,299.8181899999963,True
126107,66.91177900006551,0.7274409999808995,145.84895899997719,0.46501499991791206,76.70648199996322,290.6596759999047,True
250205,74.35419399985221,0.7558170000265818,144.16815300000962,0.45297299993762863,81.74690000009832,301.47803699992437,True
259382,71.19750600008956,0.7449409999935597,144.56733199995142,0.46501599990733666,79.47944800002915,296.45424299997103,True
578236,72.11191100009273,0.7315240000025369,147.1846279998772,0.46368200014512695,81.37376199988466,301.86550700000225,True
311190,69.95963000008487,0.756191999926159,145.8181240000158,0.4566820000491134,79.6394120000059,296.63004000008186,True
477118,69.98933899990334,0.9108230001402262,146.254178999925,0.4603909999332245,79.38973600016652,297.0044680000683,True
558421,67.87401799988402,0.7398160000775533,145.11434999985795,0.45289000013326586,74.70012099997803,288.8811949999308,True
172856,68.77058999998553,0.7501920001686813,145.92058399989583,0.516183999934583,79.32369300010578,295.2812430000904,True
524742,74.59936800000833,0.7516079999732028,145.9083339998415,0.45543200008069107,78.53608300001724,300.25082499992095,True
530466,70.34726699998828,0.7386080001197115,145.65744899982747,0.4671410001719778,73.75779699987106,290.9682619999785,True
84650,63.43128599996817,0.7005649999882735,145.6773670001894,0.4601409998485906,75.83036599999105,286.0997249999855,True
526706,68.75433800018982,0.7359829999131762,145.74745300001268,0.4630989999441226,78.9066360000561,294.6075090001159,True
19924,72.17545299999983,0.7576499999686348,145.06909600004292,0.4321809999510151,80.63181800002894,299.06619799999135,True
365098,66.51967999982844,0.7096900001215545,145.6048219999957,0.440305999973134,76.24533900002461,289.51983699994344,True
528980,65.06896500013681,0.7692339997902309,147.97935900014636,0.4664739999498124,76.61255900006836,290.8965910000916,True
16598,67.17670200009707,0.6793979998747091,145.30093600001237,0.4630989999441226,75.14480100007859,288.76493600000686,True
67315,66.45080299995243,0.7524830000420479,145.64169699997365,0.4453480000847776,82.64238499987187,295.93271599992477,True
416256,68.53199700003643,0.7603589999689575,144.50820100000783,0.4410980000102427,79.53990600003635,293.7815610000598,True
179392,71.77873099999488,0.7237740001073689,147.75372600001901,0.4657649999444402,81.01791399985814,301.73990999992384,True
257566,67.19895200012616,0.6910649999554153,145.62173700005587,0.46022299989090243,79.51557199999115,293.4875490000195,True
127660,65.33601499995711,0.6700639999053237,145.0329670001338,0.4565149999962159,75.504895999984,287.00045699997645,True
575243,67.44012600006499,0.7536089999575779,146.09958599999118,0.4633910000393371,81.17479299994557,295.93150499999865,True
449432,73.05948099997295,0.7420659999297641,144.64582899995548,0.46159900011844,84.28281400006199,303.1917890000386,True
461036,70.32763899997008,0.8707790000244131,146.46122299996023,0.46363999990717275,77.77722200012249,295.9005029999844,True
7088,75.23996999998417,0.7510660000207281,145.67411300004096,0.4476819999581494,80.0157119999767,302.1285429999807,True
165500,77.2829540001112,0.752316999978575,146.12196100006258,0.46401600002354826,78.61045699996794,303.23170500014385,True
508586,65.39572400015459,0.7244409998747869,142.50492299993311,0.4546400000435824,76.22420999996393,285.30393799997,True
468632,72.56750599981387,0.7476499999938824,144.83091600004627,1.671306000162076,79.96937699999762,299.7867550000137,True
13774,74.420691999876,0.7289410000339558,145.50681500008977,0.4613489998064324,79.84678900015751,300.9645859999637,True
509656,70.44118400017396,0.7353159999183845,146.06087400011347,0.4657649999444402,75.73502700006429,293.43816600021455,True
335450,73.66000000001804,0.8438200000000506,145.34534900008111,0.45251500000631495,82.02061199995114,302.32229600005667,True
581781,73.394449000034,0.7620669998686935,147.01615500007392,0.4335149999405985,84.42760799994176,306.033793999859,True
56288,72.11974000006194,0.7299829999283247,144.7639960001652,0.45930700002827507,81.94327599994722,300.01630200013096,True
499031,74.78691100004653,0.7468999999673542,145.13130000000274,0.45589000001200475,79.01034399992568,300.1313449999543,True
457262,71.1107469999206,0.7419830001254013,144.9605860000247,0.46163999991222227,74.93254199994226,292.2074979999252,True
574823,68.03964499999893,0.7679010000174458,146.0769560001154,1.672971999823858,80.8883650001917,297.4458390001473,True
50331,73.50703500014788,0.7690679999541317,146.74435200004154,0.46197400001801725,80.74498499991023,302.2274140000718,True
299355,64.42527299986978,0.8575710000968684,145.07362999984252,0.4574730000967975,75.20125900009589,286.01520600000185,True
209757,71.16499800008569,0.7562339999367396,144.80399600006422,0.4652659999919706,81.68622399989545,298.87671799997406,True
464144,71.23725100018419,0.770024999837915,145.1908840001579,0.446013999862771,80.97365899993747,298.61783299998024,True
402118,69.55948600011652,0.7640670000910177,148.17898299997978,0.46243199994933093,78.05372799998622,297.0186960001229,True
496409,68.65408099997694,0.7559010000477429,145.5500199999733,0.45230599994283693,78.8124200000766,294.2247280000174,True
538458,73.82058600001074,0.7707340000706608,145.82307099999525,0.4603899999437999,80.40001399990615,301.2747949999266,True
396200,68.22152399990955,0.729315999933533,146.4313400001629,0.4591819999859581,79.01696799990532,294.85832999989725,True
242946,63.44582299993817,0.7288580000022193,146.13395500009574,0.4681410000557662,82.48970799991184,293.26648500000374,True
460929,65.29209399991487,0.7252740001604252,145.0854199999867,0.4569319999063737,75.29001000011704,286.8497300000854,True
289938,70.55618499998673,0.7377330000508664,145.09825300001467,0.4654730000765994,81.20733199984898,298.06497599997783,True
303893,74.56744399996751,0.8919459999106039,148.09506200003852,0.432472000056805,81.3532539998505,305.34017799982394,True
399296,67.998100000068,0.7014820000676991,145.67902199996752,0.43780600003628933,79.49656699997831,294.3129770001178,True
125257,65.30080199991062,0.7638170000063838,145.31976000012037,0.4603069999120635,75.01845799993134,286.8631439998808,True
164969,67.93055499997536,0.7373169999027596,145.77389900000526,1.672389000077601,79.98241599989342,296.0965759998544,True
145597,74.11334499988698,0.7455249999566149,144.94395500014434,0.46280700007628184,83.64453699982732,303.91016899989154,True
135604,70.13196200000493,0.7141070000216132,145.39497100008703,0.5748940000103175,75.01437399992028,291.83030800004417,True
225405,73.66878799984988,0.7517330000155198,144.24026400001821,0.4647240000394959,79.10259400000541,298.2281029999285,True
455301,68.35727800012137,0.7039809997877455,144.60844300015196,0.5100589999074145,75.37951099993734,289.55927199990583,True
505451,63.707956000143895,0.7349410000188072,145.34571699982735,0.46180700019249343,81.68647200000123,291.9368930001838,True
231879,67.92655499998546,0.7297330000710645,144.7296119999919,0.46418200008702115,80.53701599988017,294.3870980000156,True
429623,71.23566399991432,0.7821930000773136,141.1544939999203,0.4581400000915892,76.02032399995551,289.65081499995904,True
222735,66.94085499998437,0.7385249998606014,144.97749600013776,1.7739339998570358,79.99008100000538,294.42089099984514,True
431693,73.03976699995474,0.7596079999530048,145.8676510001169,0.4598900000019057,79.86720099984268,299.9941169998692,True
37740,67.43699600019681,0.7304829998702189,146.36866599994391,0.46605700003965467,77.27465700008906,292.27685900013967,True
327617,71.60326000007444,0.7507749999149382,146.50062900000194,0.44951500012757606,81.6071340000235,300.9113130001424,True
124659,72.56229099994016,0.7723600001554587,146.61008999996739,0.4443069999524596,81.17124499995043,301.5602929999659,True
415741,70.64572700005556,0.7364000000507076,144.57589699986784,0.46605700003965467,83.23181300011129,299.65589400012504,True
489611,67.66058599987446,0.7388580002043454,145.26641999987078,0.45964000014464546,76.18878699986453,290.31429099995876,True
86582,63.78554000002623,0.7666919998428057,145.70956000011392,0.45522400000663765,77.31103199989775,288.02804799988735,True
234366,70.16091999980745,0.7329410000238568,144.35530500009008,0.4598069999701693,79.39618499995049,295.10515799984205,True
322944,72.4933719998262,0.7675260001178685,146.7713019999337,0.46197400001801725,79.3519329999981,299.8461069998939,True
154339,65.77485699995123,0.7179400001859904,145.0489949997973,0.44405700009519933,75.38184300005923,287.36769200008894,True
553664,68.86508399998093,0.878904000046532,145.74285200001214,1.6745139998874947,80.70960300005936,297.87095699998645,True
111036,71.65513500012821,0.6970229999296862,145.04899500002466,0.4580150000492722,80.05566399992858,297.9148320000604,True
437110,69.5814830000927,0.6946480000351585,144.95057399994948,0.4611819999809086,74.66369400003714,290.3515810000954,True
351096,68.090224000116,0.7538170000316313,144.77144299985412,0.49589200011723733,82.08685699992202,296.198233000041,True
31296,68.92654299986134,0.8126520001496829,145.39083899990146,0.4355139999461244,90.38775800013354,305.95330599999215,True
462576,73.382982999874,0.7509419999678357,146.10798700005034,0.46101500015538477,83.10005699991052,303.8029839999581,True
266768,68.84849899984147,0.7272330001342198,146.10281999989638,0.4647650000606518,80.0924989998748,296.2358159998075,True
5600,65.32525700004044,0.7278989999122132,145.796768000082,0.4563479999433184,81.31566399993062,293.6219359999086,True
105335,69.81511399999363,0.8126520001496829,145.32787699999972,0.44930699982614897,76.2880380000297,292.6929879999989,True
436617,69.59723199997825,0.7417330000407674,144.7006060000149,0.46501500014528574,85.87839899996652,301.3829850001457,True
404678,73.91541800006962,0.7203989998743054,144.81969300004494,0.4568480001125863,83.88108199983435,303.7934399999358,True
267537,69.92528399996445,0.7099819999893953,145.4978399999618,0.4658070001823944,77.03243699984341,293.63134999994145,True
297353,65.82643999990978,0.6843559999651916,146.62225200004286,0.4366809998828103,77.15952500007006,290.7292539998707,True
398905,67.54995500000405,0.7368159999714408,145.61934399989696,0.44326500005809066,79.68060799998966,294.0299879999202,True
2532,73.1376819999241,0.7261079999807407,145.95839499997965,0.46468200002891535,78.44423400001688,298.7311009999303,True
319696,64.82803099993362,0.7340659999499621,144.1769610000847,0.4672659999869211,79.37509799990039,289.5814219998556,True
338304,72.26927800002159,0.7267330001923256,144.12391799987745,0.4686400000082358,84.08654699996987,301.67511600006947,True
182611,68.55636299997059,0.7012730000042211,146.1526519999552,0.4603900001711736,79.0547119997882,294.9253899998894,True
395180,70.52730299983523,0.7511500000418891,146.22432000010122,1.7511419998754718,82.75696000009702,302.01087499995083,True
514914,70.94077599981574,0.7605670000430109,145.5959239999629,0.46126600000206963,78.5604449999937,296.31897799981743,True
472623,67.83292199997959,0.719189999927039,146.15477699999246,0.4517649999797868,75.06228700003703,290.2209409999159,True
267670,68.93654100008462,0.7481919999463571,144.87002400005622,0.4657659999338648,80.13853900001777,295.15906200003883,True
442009,70.07532900001934,0.7420250001359818,146.2209859998893,0.4391400000258727,80.4029220000757,297.8804020001462,True
9772,72.68612400002894,0.843111999984103,145.94514300006267,0.4362229999514966,77.2071500000493,297.1177520000765,True
56350,65.5120110000098,0.7170239998686156,144.92810900014774,0.5076830000234622,76.82263699985015,288.4874639998998,True
182417,64.81127899996864,0.706439999930808,145.73105199997372,0.45489000012821634,77.51574299982167,289.21940399982304,True
7386,66.89747400014312,0.7303150000552705,145.6731339999351,0.46501499991791206,79.79081899998164,293.55675700003303,True
272416,72.33477899990248,0.7465670000783575,145.99914399991576,0.4338890000781248,79.46293200006949,298.9773110000442,True
534605,72.70483199999944,0.741149999839763,146.17752399999517,0.46684900007676333,78.69965700001558,298.7900119999267,True
179765,72.3302369999601,0.7609419999425882,143.99290999995173,0.4373890001261316,79.93994799994653,297.4614259999271,True
433204,72.1386469999743,0.7309410000289063,145.87001399991095,0.4665989999921294,81.05306800007384,300.2592689999801,True
245448,69.55722800012154,0.7568589999209507,144.35708699988936,0.45947400008117256,77.89783800012628,293.0284860001393,True
213445,71.47491599994282,0.7519000000684173,145.16911500004426,1.8011019999448763,83.58252600010019,302.77955900010056,True
224724,68.57002899982945,0.7300240001768543,147.83103599984315,0.46197400001801725,82.34998600005383,299.9430489999213,True
163155,66.75784300000487,0.7316489998174802,144.07178600004045,0.4654320000554435,76.41783000008218,288.4445400000004,True
255965,71.33803700003227,0.8316519999880256,145.44533099979162,0.44122300005255966,80.28808400013077,298.34432699999525,True
1532,71.81942700003674,0.7453160001205106,145.58150299990302,0.43947299991486943,79.10471100012728,297.6904300001024,True
377723,72.98459100002219,0.7264819998908933,145.86317900011636,0.4639320000023872,82.8375009998581,302.8756849998899,True
354753,64.79948600008356,0.6711889998314291,145.94472099997802,0.46218300008149527,76.49791499989078,288.3754939998653,True
351559,59.924240000100326,0.7198989999324112,144.88772899994729,0.4566810000596888,75.40233800000351,281.3908870000432,True
165336,70.73380700012422,0.7537750000210508,145.47237299984772,0.4598069999701693,80.05061700009719,297.47037900006035,True
293474,69.33221899998898,0.8991140000489395,145.37240999993628,0.4580570000598527,80.03407399996831,296.09587400000237,True
384616,69.83431799994833,0.7272330001342198,146.4744879999671,0.5311429999892425,75.51763299989034,293.0848149999292,True
552612,65.23812399996132,0.7138570001643529,145.71208899997146,0.5193089998556388,77.29060800011212,289.4739870000649,True
333069,69.73098200001004,0.7420249999086082,145.1653610001813,0.43713899981412396,80.98389700012376,297.05940400003783,True
431876,74.89265300000625,0.7645670000329119,145.6860449998203,0.4346810001152335,81.14956899999015,302.92751499996484,True
404568,70.01532399999633,0.72944099997585,144.7378469999876,0.5268090001209202,78.95953799993549,294.9689590000162,True
284279,74.80198300004304,0.7530249999945227,145.88405200015586,0.4662649998863344,78.66615300008561,300.57147800016537,True
511076,68.76424000006409,0.715524000042933,144.64688399993975,0.44284799992055923,80.9852720001345,295.55476800010183,True
547383,70.76322400007484,0.7016059998932178,144.5926750000126,1.7000980001284915,80.85289199993895,298.6104950000481,True
482585,73.32064199999877,0.73139899996022,146.03576399986196,0.46313999996527855,81.36315900014779,301.914103999934,True
528977,65.66051300001163,0.7050229999094881,146.35923200012257,0.4564319999644795,76.20715400003064,289.3883540000388,True
421834,72.95025400003396,0.7478170000467799,145.8486730000459,0.46434899991254497,80.15040999998746,300.16150300002664,True
464251,75.14870199997858,0.7378170000720274,145.43449200004943,0.43205599990869814,81.2016530001074,302.95472000011614,True
343976,64.22021399998812,0.7352750001246022,144.6400069999072,0.4434319998836145,77.55240599999524,287.5913339998988,True
126110,65.23808100018869,0.7427329999245558,145.89621599998281,0.46247299997048685,77.23443800000496,289.5739410000715,True
276024,75.36558300012075,0.7806930000242573,145.38573999993787,0.4603069999120635,79.93223500011482,301.92455800010976,True
507667,70.34650100013096,0.731023999833269,145.12660700006563,0.466972999902282,83.28355500020734,299.9546600001395,True
467776,74.06370600006085,0.7477340000150434,144.07294499983436,0.4605569999966974,82.58011500015527,301.9250570000622,True
405306,73.61615099989649,0.8946959999320825,145.34086300000126,0.45351500011747703,79.07554000007622,299.38076500002353,True
212800,67.27152299981753,0.7257320000917389,146.40485700010686,0.4679730000134441,81.4407019997816,296.31078699981117,True
491867,67.31281599991235,0.7619010000325943,145.91779700003826,0.45234899994284206,77.90908300012234,292.3539460000484,True
535156,68.00171300005786,0.7000650000463793,144.23365899983764,0.46384800020859984,74.95340299988129,288.3526880000318,True
451308,65.78943199997411,0.7364410000718635,144.7368419999293,1.6653469999710069,80.27770400008194,293.20576600002823,True
309484,74.63097499999094,0.8863210000527033,147.08029400003397,0.5304349999732949,81.74079300010817,304.8688180001591,True
417249,68.62589999991542,0.7718589999967662,145.735957999932,0.46684800008733873,77.39014999992833,292.99071499985985,True
390826,64.94977800002744,0.7241910000175267,145.43048899986388,0.5547680000290711,76.34624000002077,288.0054659999587,True
190753,70.3855009999188,0.857735999943543,145.07318599999053,1.6992230000596464,83.78182000001289,301.7974659999254,True
154004,74.27450400018643,0.7346489999235928,146.87699399996745,0.4622660001132317,83.85294599997906,306.20135900016976,True
462904,68.6994440000035,0.7347329999447538,144.64175400007662,0.4638899999918067,82.65324000012697,297.19306100014364,True
263966,74.62105800004792,0.8304850000513397,145.59182699986195,0.459557000112909,81.13581499992506,302.6387419999992,True
353051,70.10382399994342,0.7372330001089722,148.3854179998616,0.453640000159794,79.91094099998008,299.59105600005387,True
199236,73.97636899986537,0.7377740000720223,146.3370589999613,0.4643899999337009,86.53757700017195,308.05316900000435,True
265816,72.54352899985861,0.7434000001467211,144.22452999997404,0.45618199987984553,80.24095200016745,298.20859300002667,True
18491,69.4329259999904,0.7341499999711232,144.05469100006485,0.4635989998860168,82.5488600000881,297.2342260000005,True
227491,66.92709300000388,0.7277750000866945,145.9573779998209,0.4568070000914304,77.11613900005432,291.1851920000572,True
91495,68.76694600009614,0.8442779999313643,145.5332810000982,0.4669739998917066,81.85433800008468,297.4658170001021,True
283070,73.79148699988036,0.7558590000371623,145.51669699994818,0.4487650001010479,80.06269499992413,300.5755029998909,True
516601,66.2282780001533,0.7407739999507612,145.4192769999736,0.46397400001296774,78.64360500002476,291.4959080001154,True
296634,71.60503899990545,0.7396080000034999,145.62657500005116,1.6614720000234229,80.65263000003142,300.28532400001495,True
298994,75.48870999994506,0.7270240000707417,145.51440400009596,0.4606409997904848,81.20364900014465,303.3944280000469,True
451714,69.20804300011696,0.7066900000154419,146.03987999998935,0.45609900007548276,76.21785799983627,292.6285700000335,True
292415,65.75880400009737,0.7571080000161601,145.11909899988495,0.4588910001075419,78.16783899988877,290.2617409999948,True
407825,74.67414100005954,0.813984999922468,145.5074870000317,0.4557649999696878,80.70384000006925,302.1552180000526,True
170670,68.55797899993377,0.7064819999413885,145.24497800016434,0.46889099985492066,80.22853200009195,295.20686199998636,True
377635,72.1420559998478,0.7631510000010167,144.68520900004478,1.6705970001567039,79.7076809999453,298.9686939999956,True
192964,71.32165400003032,0.7979849999628641,145.44181700011904,0.4597229999490082,79.21554099993955,297.2367200000008,True
450559,67.57982099998117,0.7178580001436785,144.8809649998566,0.45809800008100865,75.95455799992124,289.5912999999837,True
422886,70.16394900006162,0.7198149999112502,146.103839000034,0.4653070000131265,76.2988179999411,293.7517279999611,True
407650,67.23989400006758,0.7178150001436734,147.90198099990448,0.4635569998754363,79.04311800007235,295.3663650000635,True
167572,74.32925300008719,0.7178989999374608,145.09417899989785,0.459682000155226,80.03056699999433,300.63158000007206,True
39785,65.81534599990846,0.6900230000610463,145.73482499986312,0.5722690000311559,76.78470900009415,289.59717199995794,True
177539,69.92818999992778,0.8106939999379392,145.40564700018876,0.4591399999753776,79.49104899989834,296.0947199999282,True
245651,69.98860899989268,0.7253579999542126,145.033635000118,0.4565149999962159,78.96586399988337,295.1699809998445,True
378116,68.81507100001727,0.7301489999917976,145.96891599990158,0.46805700003460515,76.1632720000307,292.14546499997596,True
213422,69.48779999993349,0.8230270000240125,146.53964300009648,1.8000180000399268,79.66459499994016,298.31508300003406,True
52507,73.94690600017384,0.7237739998799952,145.5253999999968,0.4663080001137132,79.5927589999792,300.25514700014355,True
68286,66.7898359999981,0.6979810000302678,145.44544000000315,0.4342229999565461,74.86085300001832,288.2283330000064,True
179214,71.2495669999953,0.7495250001738896,143.92467999982728,1.6847230001530988,81.07605800000783,298.6845530001574,True
393056,73.09775299995636,0.719524000032834,147.81264199996258,0.4623899999387504,78.28967499995088,300.3819839998414,True
80932,70.28124299995397,0.7771090001824632,145.12134500000684,0.46718199996576004,76.6463699999349,293.29324900004394,True
92091,65.50654300008318,0.7138149999263987,145.69465499994294,0.5199760000778042,77.82399200004875,290.2589810000791,True
482319,67.80711900000824,0.7556919999842648,145.41602000008425,1.6774719999830268,81.7766229999961,297.4329260000559,True
435208,69.92964699998083,0.7279409999227937,145.49781400000938,0.4613910000443866,81.80562300003658,298.422415999994,True
515077,67.37968800007366,0.7321909999973286,145.10234299996227,0.4555979999167903,79.6507190000284,293.32053899997845,True
289960,70.79134199989312,0.7604840000112745,144.62720100004844,0.45947400008117256,78.59489199995551,295.2333929999895,True
357238,71.80625099999816,0.7403999998132349,146.31692400007523,0.4557649999696878,81.13955900012115,300.45889899997746,True
471789,69.60680299994237,0.7322740000290651,144.6109930000148,0.46264000002338435,79.10932599997977,294.5220359999894,True
576654,67.18797300004553,0.7234409999909985,145.54523100014194,0.4618489999757003,80.74496199992609,294.66345600008026,True
95862,67.33131100008904,0.7208149997950386,146.1574180000298,0.43684800016308145,82.66723499991713,297.3136269999941,True
491464,67.86632800003645,0.6828559999121353,147.0820320000712,0.4361809999409161,77.66769499994552,293.7350919999062,True
281409,72.17584599993643,0.7497740000417252,145.0232560000586,0.46276499983832764,83.35159000012027,301.76323099999536,True
254516,72.26401499997337,0.7162320000588807,144.8878329999843,0.45705699994869065,80.77129699995567,299.0964339999209,True
224337,65.60087800016845,0.7087319997935992,145.80803100011508,0.4659730000184936,76.0289309998825,288.6125449999781,True
452515,64.02336800010744,0.7383990000562335,144.70307699980367,1.7693920001420338,81.03742999992392,292.2716660000333,True
404922,70.61466899995139,0.7464830000571965,144.861414999923,0.4663070001242886,81.47373599990715,298.162609999963,True
340015,69.27541599998221,0.7098559999576537,146.05070500010697,0.4565149999962159,74.15699399984987,290.64948599989293,True
273493,61.239899999918634,0.7516089999626274,144.71091000018532,0.46568199991270376,81.02405399995405,288.19215499993334,True
211120,71.42811200014876,0.748442000030991,146.22075099987342,0.44426499994187907,81.6683660000308,300.50993600002585,True
53909,68.58101800003169,0.7485660000838834,147.3219539998354,0.4368890001842374,77.43556099990201,294.5239880000372,True
499266,69.46733800009497,0.7308990000183258,146.41484100002344,0.4610149999280111,81.45969299994249,298.53378600000724,True
446005,63.81202700003996,0.7208150000224123,144.8942489998899,0.45539000007011055,80.52882900005898,290.41131000008136,True
150930,67.3070169998482,0.7274820000020554,144.67619900005957,0.4645989999971789,75.23502799995185,288.41032499985886,True
60899,66.50319799996396,0.753358999872944,148.08314500010056,1.7441820000385633,81.83337199989182,298.91725599986785,True
130465,69.42316900017431,0.7652759998109104,146.344044999978,0.46709900016139727,79.73759399988012,296.73718300000473,True
470773,73.05016500004058,0.7363989998339093,145.86144600002626,0.4755990000830934,81.34739699994498,301.4710059999288,True
375430,69.27453999992395,0.7634830001279624,145.9914919998937,0.46418200008702115,79.82955500006028,296.3232520000929,True
484351,73.98440399992978,0.8353190000889299,145.23621700004696,0.432556000077966,86.17243099979532,306.66092699993897,True
541634,71.19089499997244,0.7415659999878699,145.57164400002875,0.4394730001422431,78.4619669998392,296.4055449999705,True
233238,67.56581600006939,0.7158159999107738,145.19054700008382,0.4610149999280111,81.30489500013027,295.2380890001223,True
559513,68.54614000008041,0.7422740000038175,146.3230439999279,1.6656800000873773,81.35081299997182,298.62795100007133,True
412362,73.96590200005448,0.8735710000564723,145.34288499999093,0.4657659999338648,81.44860800007336,302.0967320001091,True
70739,66.92829500002517,0.7112729999789735,147.71538000013607,0.574851999999737,76.8065800000386,292.73638000017854,True
210299,66.53648900010012,0.7083149998834415,144.29355900006158,0.45880700008638087,76.10288899991247,288.100059000044,True
78748,70.8870509999997,0.7496489999994083,145.85831899989898,1.7672670001047663,83.39513000009902,302.6574160001019,True
565776,72.69390100009332,0.858070000049338,144.30751700001565,0.46364099989659735,82.46468199990886,300.78781099996377,True
175364,66.54744899992693,0.8722370000668889,145.56655799992768,0.45609800008605816,78.76480999993873,292.2071519999463,True
441247,70.80092199998944,0.7418579998557107,145.05933400005233,0.46464000001833483,83.23299900007441,300.29975299999023,True
402346,74.76259500003835,0.748148999946352,145.9148199999163,0.4571399999804271,80.216941000117,302.0996449999984,True
25096,71.05226299995593,0.7723999999598163,145.5993510001008,0.4384310000205005,80.01676699996096,297.879211999998,True
527750,73.43942600004993,0.7398579998607602,145.88569300008203,0.4359310000836558,81.77474199987955,302.27564999995593,True
109055,74.18728299990107,0.7311490001029597,145.92673599986483,0.4684739999447629,80.0406020000537,301.3542439998673,True
558073,63.53851500011842,0.7298569998965831,144.51331400005074,0.4382229999464471,74.80976200008627,284.02967100009846,True
370818,71.82532999991054,0.7356490000347549,146.0156549999283,1.6525129999536148,80.60157800014167,300.8307249999689,True
227511,70.79450400010501,0.7080649997988075,144.7100280001905,0.4628909998700692,78.87943700006872,295.5549250000331,True
491213,69.17857600001298,0.7201910000276257,144.64377500007686,0.4654320000554435,76.40168899979471,291.4096629999676,True
263474,64.73772100002861,0.7622329999321664,144.81044800004383,0.451598000154263,75.57936999978665,286.3413699999455,True
288062,70.43794999981401,0.7641920001333347,143.87683299992204,1.8081430000620458,79.10494499992637,295.9920629998578,True
200839,69.85493199999837,0.7489829999940412,145.23991999999453,0.46334800003933196,77.97036600004503,294.2775490000713,True
469192,68.8528559999213,0.7234400000015739,148.08422200007954,0.5533099999865954,78.83756000001085,297.05138799999986,True
328959,67.45126800001344,0.750525000057678,145.2243759999874,0.45976599994901335,79.68929699995897,293.5752319999665,True
325114,72.82527899997149,0.8356939999885071,146.17995000003248,0.45855700000174693,80.77787499996703,301.07735499996124,True
12667,66.51427899987539,0.7181070000115142,145.96440099990104,0.4674730000715499,75.94742400010546,289.61168399996495,True
249025,69.27128600000287,0.9136129999660625,146.4687090001462,1.7778919998363563,78.27995900015594,296.7114590001074,True
214192,73.41184000006251,0.748107999925196,145.99431800002094,0.4659319999973377,79.71496400000433,300.3351620000103,True
42102,67.4526010000136,0.8741959998133098,145.60813800017058,0.446347999968566,78.35783599989554,292.7391189998616,True
145620,72.71089999994729,0.7197729999006697,146.12903100010044,0.46480699984385865,80.63645200013525,300.6609629999275,True
229747,69.19115799996689,0.8371939998141897,145.40717300019423,0.4547239998373698,74.52087500018933,290.411124000002,True
567432,70.31327900017459,0.8542359998955362,144.64468999995006,0.4625149999810674,78.48383999998987,294.7585599999911,True
571857,72.00445899979968,0.7582330001696391,145.089119999966,0.46772399991823477,80.01301500007685,298.3325509999304,True
88218,67.06379499996729,0.7098159999259224,146.26278300011109,0.4571399999804271,76.00350799998523,290.49704199996995,True
553511,67.39388999994844,0.7512329998462519,144.35234600000513,1.7304320001585438,82.12437599991063,296.352276999869,True
528862,71.07180299999527,0.7453160001205106,147.1856470000148,0.4642229998808034,80.71353800005454,300.1805270000659,True
190676,68.05595299988454,0.7546080000793154,144.73227400003452,0.4603899999437999,83.788764000019,297.7919889999612,True
170545,70.94488199982152,0.8996550000119896,145.0469090000297,0.4629320001185988,80.04993199983801,297.4043099998198,True
269942,67.55456199994114,0.7124809999368154,146.03552600010516,0.4554309998638928,76.88761899999008,291.6456189998371,True
269682,67.59206200013068,0.7570249999844236,145.23203999988255,0.46313999996527855,81.73007100003815,295.7743380000011,True
109441,72.2449659999711,0.7369820000349137,144.3848460000936,0.45709799996984657,80.85875000006126,298.6826420001307,True
1584,70.3694460000861,0.7171899999320885,146.00731599989558,0.46351500009222946,78.52183999989393,296.0793069998999,True
289586,68.59205299997484,0.7526090000737895,146.02431499997692,1.6774299999724462,78.3994180001173,295.4458250001153,True
79034,77.37988500002757,0.7511499998145155,147.7745810000215,0.4600150000442227,81.61014999996041,307.9757809998682,True
140583,70.46311499993863,0.7269820000601612,145.90451999993093,0.4586820000440639,79.07348200001252,296.6267809999863,True
26926,70.13622899989969,0.7529839999733667,146.0979830001179,0.46293199989122513,79.24015399999007,296.69028199987224,True
499775,72.8171509999811,0.7431910000832431,144.37871900008759,0.4576399999223213,81.20026000005964,299.5969610001339,True
153632,66.87366299979658,0.7764010001665156,144.77239799998642,0.4652229999919655,76.79669899994224,289.6843839998837,True
523782,62.53972900003646,0.7087730000421288,145.64601000006405,0.4630989999441226,75.73745500008044,285.0950660001672,True
285788,66.15301400006501,0.7088149998253357,145.94747800015284,0.4663899999286514,76.0760499999833,289.35174699995514,True
53529,63.228043000208345,0.7293989999652695,146.60749899985603,1.6884720000689413,79.5877069999733,291.8411200000719,True
42888,71.80832499989265,0.740358000030028,144.44751100018038,0.5496019998645352,79.20277700009137,296.74857300005897,True
72852,71.86199400007354,0.8036090000587137,145.48475399988092,0.45589000001200475,76.3828920000833,294.9891390001085,True
153527,68.93402200012133,0.7526499998675718,144.78506300019944,0.4592239999965386,80.8687479998298,295.7997070000147,True
276707,68.78885100013576,0.7418159998451301,144.67968500002826,0.4627650000657013,77.38534200007052,292.0584590001454,True
184324,69.28149200007283,0.7568579999315261,144.67760100001215,0.46014000008653966,88.86951199997384,304.0456030000769,True
127624,71.77586500006328,0.7172319999426691,145.00657000007777,0.4587230000652198,74.64475200004017,292.6031420001891,True
522940,69.6058770001855,0.748273999988669,146.51211999989755,0.465599000108341,80.31739599982757,297.64926600000763,True
460229,73.49288000000342,0.72635700007595,144.83360599979278,0.45234800018079113,79.99409499984722,299.49928599990017,True
364587,67.56631000007474,0.7095229998412833,145.82326300001114,0.4665989999921294,74.76638000002822,289.3320749999475,True
212072,69.1184439999688,0.7254820000071049,144.11787400013054,1.7769749999843043,79.84063000003516,295.5794050001259,True
192607,74.520080999946,0.7494409999253548,145.44333399999232,0.4667650000556023,79.31252999992466,300.49215099984394,True
52565,66.13530399999945,0.7986520001850295,146.21481599988329,0.4521400001067377,75.52419599983295,289.12510800000746,True
525247,69.05735800000912,0.7564000000002125,145.24253399986264,0.46368200014512695,81.79006999989724,297.31004399991434,True
424545,69.21511299992744,0.773401000060403,145.93122399992353,0.45997300003364217,79.02797900010228,295.4076900000473,True
416758,67.87248499995258,0.7288580000022193,144.58959600005983,0.45893199990132416,76.39205800001037,290.0419289999263,True
4395,63.219415000048684,0.7257319998643652,145.1897409999674,0.48784900013743027,76.63481600002342,286.2575530000413,True
490470,68.54096600000048,0.7414409999455529,146.30323500000486,0.46634899990749545,81.13121400015189,297.1832050000103,True
296657,71.12563400005456,0.7562749999578955,144.51571800009333,0.49743299996407586,79.20164999995905,296.0967100000289,True
354547,71.21122000012292,0.810193999996045,145.34020299993244,0.4404720000366069,75.34639799996512,293.14848700005314,True
262048,65.49819899987597,0.7360659999449126,145.58521100002508,0.4635980001239659,77.19612599998982,289.47919999995975,True
519208,67.15487800011033,0.8219849999022699,144.99752500000795,1.6743890000725514,80.02671799999916,294.67549500009227,True
270402,73.44691900016187,0.7534419999046804,144.52525899991997,0.4681820000769221,78.99864199998774,298.1924440000512,True
250127,78.04961100009677,0.7338999998864892,145.2071139999589,0.4390980000152922,81.58381099997314,306.0135339999306,True
549930,73.99993599983645,0.7481909999569325,145.69975600011276,0.45947300009174796,79.96804999993401,300.8754059999319,True
112626,65.8947110000554,0.6852310000340367,145.1069859999734,0.4535559999112593,76.6561069999625,288.7965909999366,True
285,78.45545800000764,0.7526080000843649,146.42657099989265,0.461390000054962,80.04784300010215,306.14387000014176,True
573391,75.88628999997127,0.7099819999893953,144.03090800010432,0.4670569999234431,75.87037200005398,296.9646090000424,True
447200,65.54915800006711,0.7180229999903531,145.91384599998491,0.45759800013911445,74.52986999987843,287.1684950000599,True
261036,65.33790000003137,0.7573999998840009,144.82272600002943,1.8491020000510616,80.40477200006535,293.1719000000612,True
269932,70.29268899987073,0.9035709999807295,145.4160360001424,0.4612239999914891,79.16264699997555,296.2361669999609,True
426297,67.69831099995827,0.7369830000243383,144.99793899994984,0.4537649999747373,75.02026099996328,288.90725899987046,True
68933,67.77635599996756,0.7560250001006352,145.5881249999038,0.45897300014985376,79.85800300002666,294.4374820001485,True
47571,80.86682800012568,0.7425249998505024,145.7750050001323,0.4679740000028687,80.19409799999266,308.046430000104,True
23126,65.38985999986835,0.7669839999380201,145.13006800007133,0.43884699994123366,74.86596400008239,286.5917229999013,True
242678,73.7448019999647,0.7206899999800953,146.62574199996925,1.8205190001481242,80.43985499989503,303.3516079999572,True
229948,72.3673399998006,0.7286070001555345,144.57850700000563,0.4622239998752775,82.00586500015561,300.14254299999266,True
451879,66.70065299999806,0.6945229999928415,144.8723500000142,0.4546820000541629,77.96814799985441,290.69035599991366,True
158660,66.29947299984451,0.7302330000129587,145.90134200011562,0.4616819999228028,77.29321000010714,290.68594000000303,True
59598,61.35631100005412,0.7141060000321886,147.19717699995272,0.4650569999284926,77.87343600011809,287.6060870000856,True
485480,64.68816999995397,0.7372319998921739,145.26490399998693,0.46076500007075083,80.38960299995779,291.5406739998616,True
6012,73.46820900011153,0.8580280000387575,145.8810489998541,0.4691820001880842,78.86117799989734,299.5376460000898,True
13201,72.38979899989317,0.7636079999429057,144.65309199999865,0.46434900013991864,79.53394899982413,297.8047969997988,True
243989,63.824641999872256,0.7084400001531321,145.67712500002017,0.4608899998856941,77.5216750000709,288.19277200000215,True
44260,65.8505830001559,0.7878589999563701,145.25327799992738,0.4546810000647383,76.70239799995215,289.04879900005653,True
581357,67.04041400007554,0.7147730000269803,146.01201099981154,0.46147400007612305,78.38861999994151,292.6172919999317,True
476119,67.4005920000127,0.7016900001417525,144.92847499991512,0.46447299996543734,80.34243399993102,293.837663999966,True
287667,68.87905700000374,0.6916889999502018,145.1864000000569,0.4590149999330606,75.73094899998978,290.9471099999337,True
527784,73.21215799993297,0.7593580000957445,146.8171619999339,1.7510579998543108,81.98523800001567,304.5249739998326,True
179898,67.08512299996983,0.8700700000190409,145.31386199996632,0.4610149999280111,82.70838699991145,296.43845699979465,True
349152,67.43555100001686,0.7317329998386413,145.38298800016491,0.456139999869265,79.87862699997095,293.8850389998606,True
187055,72.47446700012006,0.7515239999520418,147.38955500001794,0.46605700003965467,80.27913999990233,301.360743000032,True
493334,68.48333500010995,0.7469829999990907,145.23948399983055,0.4627240000445454,80.38185100008377,295.3143770000679,True
318455,68.53108699988297,0.7390660000510252,145.07906099993306,0.452389999963998,80.3758930001095,295.17749699994056,True
520659,71.11233799992078,0.753358000110893,145.42711499984762,0.4609320001236483,82.90722499987169,300.66096799987463,True
465430,70.62011299990445,0.7316490000448539,145.45794900004694,0.46751499985475675,75.97033100000772,293.2475569998587,True
209829,62.313131999871985,0.7008560000940633,145.18039700010377,0.45909899995422165,77.01228099995205,285.6657649999761,True
329080,68.70580099985091,0.8201099999496364,145.58461900014663,1.6641380000237405,81.07595699993908,297.85062499991,True
190307,76.46851399999832,0.7666499998322251,146.66661300020678,0.4611819999809086,80.82065600001442,305.18361500003266,True
200421,67.48188500000651,0.7173989999955666,148.0798259999574,0.46334800003933196,76.70781299998453,293.45027099998333,True
551820,71.25663299984808,0.750525000057678,145.71349800007738,0.4643899999337009,85.43359999998756,303.6186459999044,True
254368,71.72860799983027,0.7536909999998898,146.04675900000075,0.45739000006506103,79.59199100014303,298.578439000039,True
146489,73.20765600002233,0.7328159999815398,144.0245670000877,0.4665980000027048,81.82098099996438,300.25261800005865,True
438304,68.89255600003708,0.7066900000154419,145.05484999995133,0.4639320000023872,77.65901000016129,292.7770380001675,True
33368,62.08124800014048,0.702564999983224,147.3873850000018,0.4560150000543217,76.27142299998013,286.89863600015997,True
513041,70.56336100004046,0.7541079999100475,144.4341210001312,0.4610149999280111,81.19471000009071,297.4073150001004,True
225757,69.4649079998726,0.7500660001369397,145.65520299993295,0.45605700006490224,83.29231999982767,299.61855399983506,True
369310,66.11154799998076,0.7267319999755273,145.0028060000932,0.4630149999229616,76.49030500010667,288.7944060000791,True
324614,68.34395400005633,0.8128179999857821,145.406820000062,1.6850969998358778,78.58954000016638,294.83822900010637,True
302536,69.0216010000313,0.864778000050137,144.00393999994776,0.4596399999172718,81.08420600001409,295.43416499996056,True
31735,68.67858900000101,0.7781930000874127,145.45565299999907,0.4595149998749548,77.0075299999462,292.37947999990865,True
465549,67.97389999996994,0.8931130000746634,144.42128600012438,0.46551499985980627,80.51027000010436,294.26408400013315,True
404839,72.17512099987289,0.7470240000202466,145.24718899997424,0.43984700005239574,80.64685799990912,299.2560389998289,True
232088,68.64679700015586,0.8025679999263957,146.3324730000295,0.4476809999687248,76.11225000005106,292.34176900013153,True
318138,62.46055100018566,0.7128569998258172,144.48332899996785,0.5769770000370045,77.59117399996285,285.8248879999792,True
378099,65.10818100014149,0.9726979999413743,145.358983000051,1.6982219999590598,79.41398399998434,292.55206800007727,True
154431,72.82705800002987,0.7393999999294465,145.22531099987646,0.4679740000028687,81.86914700013403,301.12888999997267,True
148620,63.347371999952884,0.7251490001181082,146.13567399987915,0.5309340001531382,75.76223799992476,286.50136700002804,True
394677,66.55010200006473,0.810235000017201,145.04359700003988,1.6857640000580432,81.34904700000334,295.4387450001832,True
463690,71.36588499997742,0.733315999923434,144.88980000010088,0.4630989999441226,80.68748300001971,298.13958299996557,True
570756,65.91937300004247,0.6937309999557328,144.37244900000223,0.454222999906051,78.36003200009145,289.79980799999794,True
299553,67.02578399995218,0.7731509999757691,143.97922700004528,0.46009899983801006,82.29911900002662,294.53737999983787,True
281687,70.66602899999452,0.745399000152247,146.11675699984517,0.4578479999963747,81.73697600000196,299.72300899999027,True
303713,68.42295599994941,0.7286069999281608,144.41799100018216,0.46434899991254497,80.18738300006589,294.22128600003816,True
521956,65.91407999985677,0.7454000001416716,145.5982380000478,1.6934309999214747,81.22000000003027,295.17114899999797,True
323496,70.56152499990276,0.7471910000731441,145.33497999991596,0.46739000003981346,83.7725839999166,300.8836699998483,True
348481,67.2293739999077,0.7298989999071637,145.33335400005853,0.4591819999859581,75.38218300010158,289.1339919999609,True
119365,71.24875499994232,0.8370279999780905,145.21155800002816,1.6873889999260427,81.75205900010951,300.7367889999841,True
577584,65.56485999999495,0.7895680000729044,145.59844599989447,0.46109799995974754,75.14934200003154,287.5633139999536,True
273420,69.69357899993156,0.8302360001835041,145.56477799987988,1.6803470000468224,80.19729900001948,297.96623900006125,True
388927,72.09315800014338,0.7672749998164363,145.3510210001241,0.46247299997048685,80.71156599999085,299.38549300004524,True
439773,67.82705999989957,0.7178979999480362,144.7925440002109,0.46330699979080237,76.0629130002144,289.8637220000637,True
308193,64.02889300011338,0.7157319998896128,145.3559789999872,0.45964000014464546,74.8810830000366,285.44132700017144,True
424135,71.11383400001614,0.838111000120989,145.15434700001606,1.7592239998975856,80.33688699993036,299.20240299998113,True
297562,69.20002099991507,0.7196480000857264,147.0251579999058,0.4650989999390731,81.94589699996868,299.35582299981434,True
123633,68.06031699989035,0.7118979999631847,148.39707800001634,0.46418200008702115,77.9677250000077,295.6011999999646,True
286660,71.3171729998976,0.752567000063209,144.4922000000588,0.43559699997786083,81.66455500008851,298.662092000086,True
88040,71.10724900007881,0.8038599999053986,145.09605300008843,0.43376400003580784,83.37115199992695,300.8120780000354,True
404484,65.49802400013505,0.7634829999005888,145.1351790001354,0.46451499997601786,80.01600099987627,291.8772020000233,True
489305,62.17883199997232,0.7461489999514015,144.0300589999879,1.8208520000371209,80.5561839999882,289.33207599993693,True
491216,71.49042899982305,0.7302320000235341,145.97612300008223,0.5422679998901003,85.81702300011784,304.55607499993675,True
226984,66.18633800007956,0.7257729998855211,146.11020999996072,0.4563070001495362,81.01678299999548,294.4954110000708,True
222825,70.10984200019266,0.7548999999471562,145.75265700000273,0.45755599990116025,80.6590629999846,297.7340180000283,True
507037,73.85929800011581,0.7376490000297053,144.92587999984607,0.4547650000858994,84.34051599988379,304.3181079999613,True
384850,67.38520999988395,0.7040650000362803,144.9962560000131,0.46372400015570747,75.38230599993767,288.9315610000267,True
34760,70.07483999996111,0.7260239999595797,145.47927200010236,1.7753079998783505,80.8699860001525,298.9254300000539,True
260925,72.79009600006248,0.7336909998230112,145.75803100001394,0.4583480001656426,80.68922999996175,300.4293960000268,True
96001,68.44403599984616,0.6893980000768352,145.60065000000577,0.454431999969529,76.2853769999765,291.4738929998748,True
574702,67.65709399996922,0.7502750002004177,146.27529699987463,0.46130700002322556,81.68005399988942,296.8240269999569,True
245764,70.70111100006216,0.740274000008867,145.6323180000254,0.4573070000333246,81.22833099992022,298.75934100005,True
246963,68.47370399987085,0.8616950001396617,145.1837609999984,0.4663899999286514,76.22324899989508,291.20879899983265,True
534664,71.18766799999321,0.7626080000591173,145.15667699993173,1.6921799999636278,81.28095699998994,300.0800899999376,True
26564,70.32013899993217,0.7536499999787338,145.87078299996392,0.465599000108341,82.6627940000435,300.07296500002667,True
408830,70.90190799999618,0.736608000124761,144.82029000009788,0.46113999997032806,75.32217799985119,292.24212400004035,True
537241,69.250312000122,0.7386069999029132,144.5774070000425,0.46064000002843386,79.9834980000469,295.01046400014275,True
272136,73.05706200008899,0.8436109999365726,145.79061300014473,0.46718199996576004,78.96063099997264,299.1190990001087,True
22396,68.1173170000875,0.7188570000380423,144.40931800004364,0.4455139999208768,75.85890399991513,289.5499100000052,True
132587,71.22266800001853,0.7496910000099888,145.57260600008703,1.6645959999550541,81.63684300006935,300.84640400013996,True
225184,76.37271199996576,0.7568159999209456,144.5244050000838,0.4597229999490082,79.03505000012956,301.14870600004906,True
441553,67.12665899999593,0.7242319998113089,146.0930810001173,0.4684739999447629,78.4536549999757,292.866100999845,True
55072,72.08511299995735,0.7638160000169592,145.47556100001202,0.4444720000265079,80.90756899991902,299.67653099993186,True
277584,70.74161000014101,0.8466949998364726,146.190291000039,0.44505699997898773,79.39785200005645,297.6215050000519,True
550349,74.30151800008389,0.7649419999324891,144.59394800019254,0.462181999864697,82.35107399991648,302.4736639999901,True
289659,76.45246400011274,0.7559420000688988,145.11500599996907,0.45793200001753576,78.17322799996873,300.954572000137,True
62353,78.41615300003468,0.7526499998675718,146.12262200012083,0.4618479999862757,80.93861099996502,306.6918839999744,True
193717,69.46694299995215,0.7257320000917389,144.93645799984733,0.4760990000249876,79.1368440000042,294.7420759999204,True
565607,71.76143500009857,0.8794880000095873,145.96724199986966,0.45838999994884944,80.46992900017358,299.53648400010024,True
210394,72.30870200010031,0.8586949998061755,145.4421830001138,0.4661400000713911,85.29975299984471,304.3754729999364,True
41488,69.09689000008257,0.7266069999332103,145.4109310000149,0.4670569999234431,80.13191800000641,295.8334029999605,True
514540,66.54359799995291,0.696313999924314,144.91699900008825,0.4628899998806446,75.02687500004868,287.6466759998948,True
65455,62.32225100006872,0.7202320000487816,146.0533269998905,0.4523889999745734,76.64472000010392,286.1929190000865,True
532530,67.09803199987618,0.738566000109131,146.41004700001758,0.4614320000655425,81.02411300001222,295.73219000008066,True
374727,72.63821299989104,0.7353159999183845,145.71356500005095,0.45930700002827507,77.77638199991088,297.32278299979953,True
484029,68.47324300019864,0.796984999851702,145.33442800006924,0.463097999954698,76.69492900004116,291.76268300011543,True
402519,69.75207699997554,0.760107999894899,144.7529920001216,1.762515999871539,80.17191800013279,297.19961099999637,True
309452,73.24994100008553,0.746316000004299,146.2107059999198,0.46468200002891535,79.13667599996188,299.80832100000043,True
424975,70.45164099986323,0.8733199999824137,145.29221800012238,0.45013999988441356,76.05249100015499,293.1198100000074,True
323571,70.44476599980953,0.7518160000472562,144.29743400000916,0.46505700015586626,79.89328399980877,295.8523569998306,True
500826,70.97390800004177,0.7610669999849051,146.11036900009822,0.45401399984257296,79.9061590000747,298.20551700004216,True
368456,69.48210899986407,0.7694000000810775,144.69136399998206,0.4550989999643207,76.86110000008739,292.2590719999789,True
501023,63.005771999996796,0.6999809997978446,147.67183700018904,0.4650569999284926,76.06461599993963,287.9072629998518,True
235857,70.98507499995321,0.7413160001306096,144.5802339999318,1.794726000071023,78.62119999981587,296.7225509999025,True
81394,75.10445999992044,0.7666500000595988,145.29979999997522,0.4635569998754363,82.08698000021286,303.72144700004355,True
264441,65.6076899999789,0.7083570001213957,145.4043039998396,0.45897300014985376,74.91653599981873,287.0958599999085,True
241326,67.77463599996736,0.8463190001748444,144.61619399980918,0.46097300014480425,79.50893699990047,293.20705899999666,True
272049,73.73462300006395,0.7504830000470974,143.779332999884,0.5809770000269054,81.00561099990955,299.8510269999315,True
377946,68.89858999988974,0.711690000116505,145.87865099997543,0.45384899999589834,77.60337400009121,293.5461540000688,True
78426,64.96883599993453,0.7384820000879699,144.0129650000017,1.7685999998775515,79.60218900007021,291.091071999972,True
260261,74.18672099993273,0.8242769999924349,145.30209000008654,0.46226499989643344,80.00861999994413,300.78397299985227,True
399560,68.64520500016624,0.6928979998974683,147.1060240000952,0.452473999985159,76.48433700001078,293.38093800015486,True
392818,71.41650499988828,0.8588200000758661,146.0950739999589,0.46601500002907414,80.10624799999277,298.9426619999449,True
442822,72.06369300001825,0.9009039999909874,145.148251999899,0.4711399999450805,82.06106100010402,300.64504999995734,True
170955,69.86524500007363,0.9046959999068349,145.88581800012435,0.46343099984369474,77.80308900009913,294.92227900004764,True
346905,76.20728599999893,0.7282740000391641,144.99695500012422,0.4378469998300716,77.93717700019442,300.3075390001868,True
172617,72.26082300007874,0.7232319999275205,144.6683189999476,0.46330700001817604,81.64546400007566,299.7611450000477,True
281759,68.47011599984398,0.6940230000509473,145.6476420000854,0.4606819998116407,78.14330800010794,293.4157709998999,True
534270,66.7798940000921,0.8934459999636601,145.11287400000583,1.70984800001861,80.80227000004925,295.29833200012945,True
231088,67.32891199999358,0.7165239999267214,148.9909169999919,0.4627650000657013,75.91844300009143,293.4175610000693,True
44068,64.68628400011767,0.8501529998738988,145.216044000108,0.4625980000128038,74.90841000003456,286.12348900014695,True
159311,64.73241000003327,0.7517750000261003,144.93907700011732,0.5852269998740667,79.16775700005019,290.17624600010095,True
479155,65.91494899998906,0.7256070000494219,147.72358499999427,0.46605700003965467,81.34528599998703,296.17548400005944,True
100238,70.11441899999227,0.8108189999802562,146.57004600007895,0.46226499989643344,76.72026000000187,294.6778089999498,True
45070,69.56881799987968,0.7524830000420479,146.08323900006326,0.4725149999558198,76.06694800006153,292.94400300000234,True
469828,64.1220570000769,0.7010639999407431,146.07827999998335,0.4619320000074367,76.54150400003346,287.9048370000419,True
136334,62.38533300006566,0.6971899999825837,146.16348999993534,0.5551849999392289,76.43083400012074,286.23203200004355,True
185599,69.56935999983216,0.7353990001774946,145.17316599994956,0.4618899999968562,76.99356099988108,292.93337599983715,True
407574,75.09879000008368,0.7541919999312086,144.64164800006074,0.45297399992705323,81.67367200007902,302.6212760000817,True
239773,68.0937269999049,0.7499000000734668,146.15607299992917,0.46147400007612305,79.57097700000304,295.0321509999867,True
112378,73.26647999980196,0.709732000132135,145.5810949998977,0.4547650000858994,77.0641459998842,297.0762179998019,True
527029,66.94935700011229,0.7123979999050789,146.25353400015229,0.464223999870228,75.91185799992672,290.2913709999666,True
128658,69.09763599992402,0.7223150000754686,145.76439300003585,1.668595999944955,79.63373000006868,296.886670000049,True
516038,74.38830799992502,0.7022310001048027,146.06202699997084,0.4670989999340236,82.14822900004037,303.76789399997506,True
538236,66.27025099987804,0.6654389999312116,146.09286100017016,0.44063999985155533,78.89083000009123,292.3600209999222,True
479732,70.1673370001572,0.8916120000321826,146.40966399997524,0.46243199994933093,80.52888399993208,298.45992900004603,True
449312,77.94217400009984,0.7330240000555932,145.87585399999625,0.444305999963035,80.87622799985184,305.87158599996656,True
535523,74.00583699995877,0.6968140000935819,144.54531000001225,0.45993200001248624,79.81294399996841,299.5208370000455,True
419379,72.22265299992614,0.8973629999218247,145.19162300007338,0.4558069999802683,79.0087919999678,297.7762379998694,True
417608,72.17869300006896,0.7569839999632677,146.10519400002886,0.4620990000603342,80.94706299993959,300.450033000061,True
426795,69.59585899994636,0.715524000042933,145.08420199990724,0.45709799996984657,76.61658899996837,292.46927199983475,True
529762,64.76653499998974,0.7276900000761088,144.8566540000229,0.4660980000608106,76.09377999983735,286.9107569999869,True
197004,69.25764000015988,0.721272999953726,148.82640799987712,1.6518880001967773,80.08770199990067,300.5449110000882,True
405195,73.89545700016242,0.7289409998065821,145.97302200013473,0.45943200007059204,84.19962799985115,305.2564800000255,True
455448,69.74982300016563,0.6955219998872053,146.0833599999205,0.4568060001020058,76.40816499997527,293.3936760000506,True
529939,71.19691100001546,0.7514409999203053,144.8745699999563,0.46439000016107457,82.26456499983215,299.5518769998853,True
390246,73.15105800012134,0.823776999823167,145.21458100011841,0.4465560000426194,79.53810000003614,299.1740720001417,True
548524,67.14682000006178,0.7021479998456925,145.09540900007778,0.4700160000083997,75.62788899986117,289.0422819998548,True
431568,73.08263899994927,0.7367739999608602,148.82503200010433,1.6850130000420904,79.75969099993563,304.0891489999922,True
39480,70.62355800007936,0.7343580000451766,146.03448200000457,0.46064000002843386,80.78868199982026,298.6417199999778,True
493905,73.8892899998973,0.682396999991397,145.70176300003368,0.4547639998691011,82.79324800014365,303.5214619999351,True
120584,63.34682000010616,0.6627719999414694,145.01794800003154,0.46755700009271095,76.71759100003328,286.21268800020516,True
55528,63.89163000017106,0.7999419999578095,145.58342500004073,0.45372399995358137,76.99634999994487,287.72507100006806,True
128148,65.80398400001286,0.7399829999030771,146.40861800012317,0.46264000002338435,82.45727799999258,295.8725030000551,True
183049,73.18926600009945,0.7533169998623634,146.38403399999333,0.44259700007387437,86.20585900007427,306.9750730001033,True
139077,65.20988099987335,0.7702749999225489,145.31149900017226,0.463097999954698,75.8824800000184,287.63723299994126,True
416451,63.19393999979184,0.6763970000065456,144.62451800000053,0.44238899999982095,80.61705100021754,289.5542950000163,True
533145,62.59683700000096,0.711314999989554,146.39574100010577,0.4996830000436603,76.85276199981672,287.05633799995667,True
402765,58.141275000025416,0.8256099999925937,146.71987799988528,0.4617230001713324,77.61903699997674,283.76752300005137,True
255165,62.58533699997315,0.697439000077793,144.97877899998457,0.4556399999273708,79.60760100013431,288.3247960000972,True
527528,68.31473200008986,0.905821000060314,145.48066999986986,0.46097400013422885,80.75117999987924,295.9133770000335,True
459809,69.35993199999757,0.7417330000407674,144.62605900007475,0.46551500008717994,81.47436999979618,296.66760899999645,True
538067,65.08675199984282,0.7278150001184258,146.62791599994307,0.4361809999409161,77.83170900006553,290.71037299991076,True
17959,69.4952710000507,0.7446489998983452,145.0344050001604,1.6710539998712193,81.9351350000943,298.880514000075,True
298904,72.83008700005666,0.7366909999291238,146.17448300009528,0.4667659998176532,81.31215599996722,301.52018299986594,True
447088,68.93741800013231,0.7474409999304044,145.58746500006237,0.45280599988473114,79.95502900007523,295.68015900008504,True
262487,77.7775820001807,0.7602329999372159,144.8841500000526,0.46701499991286255,79.97606999992968,303.86505000001307,True
470924,69.28526299998339,0.7040650000362803,145.11694799989527,0.4568480001125863,86.14535599986084,301.70847999988837,True
421923,70.39146600004642,0.8663199998864002,145.54787900010524,0.46293199989122513,82.80466300016087,300.07326000009016,True
178469,74.90390499992827,0.7173149999744055,144.81306300012875,0.4334719999405934,83.1575919999068,304.0253469998788,True
362434,65.5976840000676,0.7011059999513236,145.06819600001108,0.5863530000169703,73.81045200008884,285.7637910001358,True
70229,67.98817899993992,0.715440000021772,146.01414399999157,0.4536399999324203,74.43518100012625,289.60658400001194,True
106330,67.38520099997913,0.8804870001313247,145.78542799995375,1.7748909999681928,79.38151000007565,295.20751700010806,True
545007,65.28900800003612,0.7198149999112502,144.98890100003337,0.46164000013959594,76.09719299989592,287.55655700001626,True
520077,69.89949100011472,0.7257729998855211,146.535619000133,0.4643899999337009,83.24888499987537,300.8741579999423,True
454404,70.99686000015026,0.6893979998494615,145.2224090000982,0.5191830000512709,74.96148999985053,292.3893399999997,True
194716,69.33172300000479,0.7283990000814811,145.00160900001902,1.7394740000327147,80.42429199986145,297.22549699999945,True
202001,72.26656800003184,0.745065999808503,144.67172400009076,0.46130600003380096,81.07977300005587,299.22443700002077,True
155051,64.8134079999636,0.729356999954689,144.72668400003386,0.4664320001666056,73.81091000002016,284.5467910001389,True
565469,70.54626100011774,0.7581919999211095,144.9726499999997,0.45605600007547764,80.1430750000236,296.87623400013763,True
79588,73.04242599980171,0.8389030001580977,146.49882399999115,0.4544309999801044,79.3290070000694,300.16359100000045,True
395343,72.97242399999959,0.7353990001774946,144.11620499981836,0.4605149999861169,82.31222900008106,300.59677200006263,True
541773,71.69834100000116,0.7566909998786286,144.65943100003642,0.46563999990212324,83.53272700014713,301.11282999996547,True
455597,67.21652799978983,0.7589000001644308,145.20478099984757,0.44322300004751014,82.38118899998881,296.00462099983815,True
262895,64.50768900003823,0.7407739999507612,146.35377700005847,0.4444729997885588,75.53342400001384,287.58013699984986,True
433915,64.34460100012984,0.7551080000212096,144.57363499991516,0.4650569999284926,80.6862590000037,290.8246599999984,True
540502,73.42156300001079,0.7414409999455529,144.60230300005605,0.44288899994171516,82.76345200010837,301.9716480000625,True
172083,69.59585499998866,0.7149820000904583,144.8357679998935,0.4413060000842961,81.35748900008366,296.9454000001406,True
251140,70.33371199986505,0.8254020001459139,146.13597799984746,0.46218100010264607,79.08420600006139,296.84147900002245,True
541291,65.92669400015438,0.7035229998564319,145.29195000000072,0.45426500014400517,75.4471289999401,287.82356100009565,True
105249,66.77438700012317,0.7507749999149382,146.092433999911,0.538184000106412,79.76939500008484,293.92517500014037,True
323202,71.94905599999402,0.7451490000676131,148.1685019998622,0.4544729999906849,80.90534899997692,302.22252899989144,True
550797,67.19781800006785,0.7139399999687157,146.10651799989682,0.46489000010296877,75.30170700010785,289.7848730001442,True
226662,69.23955100000967,0.751107999803935,145.89630300019962,1.663470999801575,79.58205500017357,297.13248799998837,True
142324,72.47011399999792,0.7546500000898959,145.60633399992184,0.46030700013943715,84.29729199997382,303.5886970001229,True
352618,65.0633730001573,0.7223979998798313,145.98776399998314,0.5120170001191582,76.986345000023,289.2718970001624,True
205514,69.51710199996342,0.7523990000208869,145.61471000001802,0.4645569999865984,82.70128100002694,299.05004900001586,True
205401,81.3588210000944,0.8782790000623208,147.92045099989082,0.4587230000652198,80.25324300001557,310.8695170001283,True
144706,66.86255699992216,0.7338570001138578,140.98147400000016,0.4567649998534762,76.37390900003993,285.4085619999296,True
221502,69.23425900004077,0.7430650000515016,144.88939399984702,0.4610570001659653,81.79204299995035,297.1198180000556,True
520324,74.38567700000931,0.8880699999735953,144.4725879998714,0.46439000016107457,80.94614099991304,301.1568659999284,True
491470,65.8696069999678,0.7205239999166224,144.68992800016167,0.4350140000042302,76.05193899985352,287.76701199990384,True
454661,70.71109799994701,0.723273999938101,146.20218599998225,1.6508870000961906,83.0798770000456,302.36732200000915,True
183246,71.56254200003787,0.7158569999319297,144.24016299994946,0.46014000008653966,83.38463699988097,300.36333899988676,True
303305,69.56922699987445,0.6924810002146842,146.17897599987373,0.4686820000188163,76.24486200006686,293.15422800004853,True
97988,70.29179300002397,0.7128150000426103,145.04918899979202,0.4411400000208232,82.72949000001972,299.22442699989915,True
179265,69.83244399998512,0.7451910000781936,146.77128699986497,1.6963890000170068,80.10590399999273,299.151214999938,True
338625,72.19485399991754,0.6945229999928415,144.84484800004793,0.46355700010281,80.8862629999112,299.0840449999723,True
5992,68.45927399990615,0.6886060000397265,144.9046840000392,0.46568199991270376,76.32440500015036,290.84265100004814,True
186938,68.88387100002547,0.7131489999210316,146.23718500001814,0.4434729999047704,79.1723740001089,295.4500519999783,True
203294,73.71627900010935,0.7072319999679166,145.67366699998274,0.4474729998946714,79.36121200009438,299.90586300004907,True
2923,69.34201099988968,0.7098150001638714,144.83251499996186,0.46484800009238825,80.20548999979837,295.5546789999062,True
47010,70.05353399995329,0.690731000076994,146.01176099995428,0.4589729999224801,75.14082500006225,292.3558239999693,True
406997,65.56742899988421,0.7351080000717047,145.57932999991863,0.45472300007531885,76.92134199987777,289.25793199982763,True
185157,68.05334399996354,0.7961510000313865,146.34093799986658,0.465390000044863,80.95318100004079,296.60900399994716,True
402096,72.55269899997074,0.7288980000339507,144.58213100010653,0.43922300005760917,77.85862099990482,296.16157200007365,True
353518,71.75188099995466,0.7242730000598385,145.02043699985734,0.4681820000769221,79.19974800006457,297.16452100001334,True
356169,72.36219199990046,0.7469829999990907,146.39956399992116,0.44430600019040867,80.98459899997579,300.9376439999869,True
475365,66.6030470001715,0.7577330000003712,145.96109099989008,0.4670989999340236,77.91470600000139,291.70367599999736,True
550084,65.59797199997774,0.7531909998306219,144.3867489999775,0.4376390002107655,79.6686389999195,290.8441899999161,True
225946,74.93544299995847,0.7523159999891504,143.30779700003404,0.46501499991791206,79.81114299991532,299.2717139998149,True
553339,64.87398900003427,0.7329410000238568,145.2136079999491,0.43868100010513444,74.5625970000674,285.82181600017975,True
463618,72.99954600011915,0.7368569999925967,144.23603499994897,1.8009749999237101,80.84134399996401,300.61475699994844,True
200152,70.24924799998189,0.7159400001910399,145.64774699988448,0.46218200009207067,79.04807599993546,296.12319300008494,True
148999,69.1041679999671,0.7619000000431697,146.7416579998826,0.45589000001200475,79.79547500008266,296.85909099998753,True
414133,72.77078800007075,0.7336490000398044,146.16434699996717,0.4569729999275296,79.16741400003957,299.2931710000448,True
193884,70.11053499991249,0.7840260000193666,145.1103960000637,0.46489000010296877,74.971443999857,291.4412909999555,True
475484,70.22632999996858,0.7576079999580543,147.9549880000377,0.515142000040214,84.35583200002839,303.80990000003294,True
455219,70.98106300009022,0.7559410000794742,145.16418899984274,0.4569730001549033,79.9876899998253,297.34585599999264,True
198805,73.28209699994659,0.7525240000632039,144.75875899984203,0.465599000108341,80.81909199995607,300.07807099991624,True
41633,71.26703099993392,0.8816120000574301,146.63719500003936,0.454222999906051,80.06231700005628,299.30237799999304,True
133233,70.36775100004888,0.7279399999333691,145.8969210000305,0.46126500001264503,78.94836400009808,296.40224100012347,True
359135,69.23575599989817,0.6739810000908619,146.857534999981,0.4560150000543217,76.43886500000008,293.66215200002443,True
80949,67.65016200006357,0.7529829999839421,145.73854100012795,0.46518099998138496,80.25698999995257,294.8638570001094,True
167067,70.94860300003347,0.7397740000669728,145.92275399991195,0.442473000020982,80.56904099998974,298.6226450000231,True
150224,65.40400500011856,0.8086099999218277,145.31035899995004,0.46855700020387303,77.64236299999538,289.6338940001897,True
136633,70.61384200005705,0.8367360001102497,144.37307799994414,1.6609709998647304,83.19112700019105,300.6757540001672,True
490171,70.78347300011956,0.7342740000240155,144.81338399991728,0.46126500001264503,81.15255999996407,297.94495600003756,True
462728,66.15269600001739,0.8299440000882896,145.49115599993456,0.45722300001216354,75.32182899990403,288.25284799995643,True
493772,68.96258000006128,0.6816469999648689,144.588585000065,0.46601500002907414,75.49687599998833,290.19570300010855,True
356125,66.72017400001096,0.8711529999345657,144.6818379999968,0.4645569999865984,76.56191000000945,289.29963199993836,True
476514,69.27646500002993,0.874904000056631,146.18780299997525,0.4659730000184936,78.8312350000524,295.6363800001327,True
526728,70.96877000003587,0.7547330001216324,146.14371799984838,0.45205700007500127,82.58223100006035,300.90150900014123,True
509403,70.70709499998884,0.8381939999253518,145.44465300014053,0.45030699993731105,75.59900399996877,293.0392529999608,True
484296,69.88669299994399,0.7410650000565511,145.02143200002138,0.4616809999333782,76.0101839998697,292.121054999825,True
244592,64.1335049999725,0.7571080000161601,145.76662199988277,1.6635550000501098,80.17411099990568,292.4949009998272,True
387098,72.48748500001057,0.7377740000720223,145.13047699983872,0.463097999954698,82.32601500003511,301.1448489999111,True
188906,65.084577999869,0.7418570000936597,145.66357700005028,0.4603899999437999,76.24789999999848,288.1983019999552,True
192670,74.59926199999245,0.746650000110094,144.99484599991774,0.4770570001255692,81.22926999999436,302.0470850001402,True
324715,69.60301699996307,0.8515690001331677,145.5312809998759,0.4525980000380514,80.9528859999773,297.3913509999875,True
567898,67.57824199985407,0.7294410002032237,144.595291999849,0.46414000007644063,78.3937189999051,291.76083399988784,True
270677,75.20098999998481,0.7584830000268994,145.1879359999566,0.46347300008164893,75.94543100003648,297.55631300008645,True
291551,73.84202899993397,0.6988979998823197,145.2694800000245,0.43563899998844136,80.48978700003317,300.7358329998624,True
293858,71.39982400008194,0.7433989999299229,145.2633970000079,0.43938900012108206,82.48001899983137,300.3260279999722,True
523957,70.83638900007827,0.8766539999669476,145.13197499991293,0.465265000002546,82.41526599999816,299.72554899995885,True
89078,68.71636200003195,0.7038979999833828,144.88492500004213,0.4617239999333833,75.8257180000328,290.59262700002364,True
322574,64.31871900008446,0.6880640000872518,144.76775399998587,0.4556399999273708,76.53482499995334,286.7650020000383,True
344100,66.54933400000118,0.7538160000422067,145.931833999839,0.466515000198342,80.2617790000113,293.96327800009203,True
84674,73.11392099995828,0.8214849999603757,145.2157270000498,0.4448479999155097,81.99571099999048,301.59169199987446,True
246883,69.91544299989982,0.7412740001200291,147.24204300000565,0.4625569999916479,79.31724800005213,297.6785650000693,True
142971,75.25628300004428,0.753149000047415,145.7712450001054,0.4557649999696878,78.86231699990276,301.09875900006955,True
54164,70.76109500007988,0.8427769998888834,147.90677300015886,0.4706820000137668,80.33090599997195,300.31223300011334,True
335328,69.89223300001868,0.8471109999845794,145.43344100002287,0.4372230000626587,76.87350199989851,293.4835099999873,True
453040,71.05047899995043,0.7441079999352951,145.8386210001663,0.46447399995486194,81.09593099993617,299.19361299994307,True
462371,64.901195000175,0.7872339999721589,146.6131879999466,0.4563069999221625,80.68654199996672,293.44446599998264,True
365095,68.05117199996857,0.7063979999202274,144.67308400003276,0.46313999996527855,75.18336299995099,289.0771569998378,True
536038,67.30173199980527,0.7365650001247559,148.2535329998882,1.8989370000781491,76.75499800006946,294.94576499996583,True
241668,73.46751599993695,0.821068000050218,145.67569900009403,0.46839099991302646,80.06831300008344,300.50098700007766,True
65074,69.5879730001252,0.7276899998487352,144.52945300013198,0.4576819999329018,74.88056100009999,290.1833590001388,True
415882,71.98605100006716,0.7454819999566098,144.74771000004694,1.7461400000229332,79.37100000003738,298.596383000131,True
238013,67.61778400004914,0.7703999999648659,144.81350300002305,0.46480699984385865,80.97026000018559,294.6367540000665,True
571598,70.38016499996047,0.7261490000018966,146.01383400008672,0.45618099989042094,77.82753199990111,295.4038609998406,True
419601,68.39676699996744,0.7451910000781936,144.95554899986018,0.4618899999968562,81.20393400008652,295.7633309999892,True
473821,68.92020100008267,0.7508569999572501,144.4131569999172,0.4647240000394959,81.51277699994353,296.06171599994013,True
84362,66.79375599992454,0.7316070000342734,144.96379999991404,0.4593900000600115,76.29123199990318,289.23978499983605,True
474293,70.38587300007748,0.7596499999635853,146.23496500007604,1.6591379999226774,82.419598000115,301.4592240001548,True
256775,67.85287399998197,0.7629419999375386,144.37328000008165,0.45705599995926605,80.98284300012892,294.42899500008934,True
506004,66.84971699996822,0.7306899999548477,145.35989499995594,0.4547650000858994,75.97051299990198,289.3655799998669,True
270908,67.56644699999015,0.7494000001315726,148.23152999997546,0.6521459999930812,80.60049699997762,297.8000200000679,True
379332,68.33526399987022,0.761233000048378,144.6439129999817,0.46872400002939685,82.06717000007302,296.2763040000027,True
193743,66.62850000020626,0.7296489998225297,145.0018830000772,0.4453060000741971,76.52011400000447,289.32545200018467,True
331317,70.46916700005568,0.7261069999913161,145.13359500006118,1.6685129999132187,79.9406410001211,297.9380230001425,True
215778,71.86958700003743,0.7027730000572774,146.0565840000072,0.46547299984922574,80.62599700019746,299.7204140001486,True
145020,70.62117199984641,0.7438990000991907,144.9230880000414,0.4552650000277936,82.86181999983455,299.60524399984934,True
172396,70.1044049999382,0.7425240000884514,144.22306599999501,0.4620559998329554,80.85842200011939,296.390472999974,True
419653,67.5923649998822,0.7201490000170452,145.5835260001095,0.46772299992881017,80.14881500002957,294.5125779999671,True
73153,68.43585100000382,0.7462739999937185,144.56740999980866,0.44209700013198017,79.82047099994816,294.01210299988634,True
560911,71.45453199996155,0.7528159999310446,145.9019530000205,0.4431810000369296,80.4731170001105,299.02559900006054,True
263425,73.93890499997724,0.7456069999989268,144.83395999991444,0.46030600015001255,82.54222599998684,302.52100400002746,True
24243,71.09410399993976,0.7486489998882462,144.20389700012493,0.4563069999221625,83.37458599999081,299.8775429998659,True
544306,69.11641400006374,0.8384440000099858,144.9600470000405,0.4620150000391732,75.41445299989391,290.7913730000473,True
135890,68.0094189999636,0.7340659999499621,146.917318000078,0.4367229998933908,82.84990200013453,298.9474280000195,True
60363,71.09302000003481,0.6998979999934818,144.58545100001174,0.46634799991807085,79.31262100009917,296.1573380000573,True
142620,73.69489600000634,0.7521070001530461,144.8245419999239,0.45401500005937123,82.07733499989445,301.8028950000371,True
66771,73.87052600006427,0.8627780000551866,144.16002099983416,0.4635560001133854,82.88111100000606,302.23799200007306,True
66817,73.85219200000392,0.882444999888321,145.65773599997556,0.4639310000129626,79.04740300000412,299.9037069998849,True
370486,72.49731499996415,0.7411910000882926,146.00949600003332,0.44134799986750295,83.49463100012144,303.1839810000747,True
17899,71.84016899987,0.6828130001395039,145.85057499994036,0.4426810000950354,77.94270099998357,296.7589390000285,True
109976,67.84078900000168,0.723314999959257,145.0083800000357,0.46047299997553637,80.54132699999172,294.5742839999639,True
66841,70.02785999998196,0.7346900001721224,145.6988189997901,0.45339000007516006,79.66221500009851,296.57697400011784,True
98018,68.00208499998917,0.6943139999293635,145.61331700019764,0.4666400000132853,75.40607599980831,290.18243199993776,True
301376,65.1620759999787,0.7492750000892556,146.395757999926,1.7412230001809803,83.89218499996787,297.9405170001428,True
47121,71.33077599996795,0.7327329999498033,145.79632100003437,0.45959900012348953,81.01692499985802,299.33635399993364,True
289343,70.58991999997488,0.7213559999854624,146.00103700013278,0.4632650000075955,76.44252699992649,294.2181050000272,True
68078,67.27564500010885,0.7176479998634022,144.78549800014662,0.4537639999853127,81.38014499991186,294.61270000001605,True
327769,65.28966399991987,0.7318150001083268,146.08566399988376,0.46080700008133135,79.3662039998253,291.9341539998186,True
92124,69.32546199982426,0.7332320001296466,144.64240899997094,0.4618899999968562,77.3814310000489,292.5444239999706,True
368335,72.9034529999808,0.863568999875497,145.30076400001235,0.46176499995453923,78.26737699997466,297.79692799979784,True
457848,71.95188000014241,0.745856999856187,144.8878749999949,0.4669730001296557,80.2352329999394,298.28781800006254,True
578792,66.84238000002551,0.7298159998754272,146.06391300003452,0.4640980000658601,75.56866400000217,289.6688710000035,True
2149,66.46907599997576,0.728524000123798,145.51685299989003,0.46230700013438764,81.53969099998903,294.716451000113,True
275749,68.66960599995764,0.7289400000445312,144.82745600003,0.4581399998642155,82.85069199996542,297.5348339998618,True
192871,65.91714199998933,0.7308149999971647,147.12923899992347,0.4694730000665004,76.89462400003322,291.1412930000097,True
468925,66.51953599998706,0.6970649999402667,145.91199000005872,0.44505699997898773,75.4152829999839,288.98893099994893,True
276284,66.0808969998925,0.6975230000989541,146.68205699990722,0.46043199995438044,76.60365500009902,290.5245639999521,True
85376,63.61373300001105,0.7315650000236928,144.93195899990496,0.4518890000326792,78.98085800002264,288.710003999995,True
196185,65.67130000007637,0.7341909999922791,145.4647670000213,0.46568199991270376,80.14922799998203,292.4851679999847,True
71711,72.99278800019238,0.7364829998550704,144.9987930000134,0.4643070001293381,83.43812699990849,302.63049800009867,True
423798,71.21264700003849,0.7391899998765439,145.33772100003262,0.45418199988489505,77.40247200013073,295.14621199996327,True
288584,72.64185899998665,0.7447739999406622,145.2265929999612,0.4545980000330019,82.67310199994427,301.7409259998658,True
98716,70.86663499990209,0.7289820000551117,145.07792099993821,0.4600150000442227,80.6811209999978,297.81467399993744,True
66561,68.64606299996012,0.7278149998910521,144.44552500003738,0.4627650000657013,76.34289599991462,290.62506399986887,True
217060,69.9608550000903,0.7311069998650055,146.09482900004878,1.6555120000703027,80.35844300002282,298.8007460000972,True
531707,71.19047900005171,0.7121900000583992,146.19103999984873,0.46130600003380096,80.71962200006055,299.2746370000532,True
569030,65.12594799983162,0.7118570001694025,145.0490859999718,0.45488999990084267,80.69724599999972,292.0390269998734,True
94871,74.70634299988888,0.8419440000579925,145.45359899989307,0.46030700013943715,82.18370999998115,303.6459029999605,True
15746,74.38304100014648,0.8801120000043738,146.10253599994394,0.4630989999441226,81.21242900006109,303.0412170001,True
390301,68.2196320001367,0.7347319999553292,144.95308300001852,0.4486809998525132,75.2390270001797,289.59515500014277,True
39484,68.54489300008026,0.8839869999519578,145.25625800001762,1.6709710000668565,85.14655699991636,301.50266600003306,True
273617,78.51063300017813,0.7253149999542075,144.93808199995328,0.4630149999229616,79.66408700008287,304.30113200009146,True
288685,69.72838899991984,0.7161900000483001,145.08258599994406,0.45347299987952283,82.15695900003084,298.13759699982256,True
76261,67.74411699984739,0.8322770001996105,145.59289399994668,0.46651499997096835,80.03064099989388,294.66644399985853,True
176847,78.31641799998579,0.7413160001306096,146.056574999875,0.49455800012765394,79.88730199986094,305.49616899998,True
542073,70.42720300000838,0.7430240000303456,145.84286100011923,0.4416389999732928,77.64464599995335,295.0993730000846,True
494863,73.98465200003557,0.7475239999621408,144.58502800016504,0.4405559998303943,80.0743910001529,299.83215100014604,True
307598,73.24396100011654,0.7292729999335279,145.00691600005666,0.4605569999966974,79.80742399990959,299.248131000013,True
505942,65.26403599991681,0.694271999918783,142.6599650001208,0.45551499988505384,77.32388499994158,286.397672999783,True
309173,68.85781899995891,0.8372770000732999,145.17758800002412,0.4614320000655425,79.12823599986041,294.4623519999823,True
304365,73.32121399986136,0.748483000052147,145.58276699995076,0.46518199997080956,81.17163500014613,301.2892809999812,True
14473,67.59094400013055,0.733190999881117,145.59380900004726,0.4418480000367708,77.5369339999088,291.8967260000045,True
396338,70.4407870000523,0.7293979999758449,146.0626590001084,1.6952209998635226,81.78994700006115,300.7180120000612,True
416330,73.47963500001242,0.8181929999864224,145.33342599997923,0.464223999870228,79.77792200017575,299.87340000002405,True
14831,70.37607600000229,0.69048099999236,145.33517599988954,0.46451499997601786,74.36166299999059,291.2279109998508,True
572408,73.59968100013248,0.7639830000698566,145.57234999983848,0.4602230001182761,81.83982299988202,302.2360600000411,True
125806,68.67256300006375,0.7497320000311447,144.83357599988267,0.45905699994364113,79.78446400011308,294.4993920000343,True
90062,74.62575499994273,0.7585250000374799,145.81710699985706,0.4698910001934564,81.31867999986753,302.98995799989825,True
512648,74.43770700001551,0.7408579999719223,146.07703199999378,0.4586820000440639,78.52625699979399,300.24053599981926,True
505573,70.0426900000366,0.7110230001217133,144.84728399997948,0.4630159999123862,78.38141799993537,294.44543099998555,True
160772,69.21766300001764,0.6788559999222343,145.84335800009285,0.4555979999167903,76.68740500002968,292.8828799999792,True
88250,69.2359550000674,0.7549409999683121,146.56625599991457,0.46689000009791926,80.06130700005087,297.0853490000991,True
441543,72.88836499992613,0.7478160000573553,146.27053799995338,0.43934800009992614,83.21382500002983,303.5598920000666,True
293300,70.23782100009157,0.7398569998713356,143.87975199997527,0.4374310001367121,76.22230700008004,291.5171680001549,True
511398,66.1734800000886,0.7100239999999758,145.00312100017254,0.4606819998116407,75.1346460001514,287.48195300022417,True
93965,68.84390100003657,0.7091900001796603,145.43167700003323,0.46226499989643344,76.13763700010168,291.58467000024757,True
163290,64.31108700007826,0.7195650000539899,146.04123799972513,0.45743200007564155,76.57852600004844,288.10784799998146,True
572900,66.15539699987494,0.7554830003755342,143.95962899970982,1.6594280000390427,81.63410699989981,294.16404399989915,True
134856,65.7243410000774,0.8356099997399724,145.54876400006833,0.46093199989627465,81.61085600022489,294.18050300000687,True
267933,69.67930200016781,0.762941999710165,144.46522800017192,0.5213089998505893,80.44048500005374,295.8692659999542,True
40036,73.82589500002723,0.9033629999066761,145.44625999997152,0.45034799995846697,82.09174600006008,302.717611999924,True
576955,72.78415199971278,0.7470250002370449,145.635473999846,0.5056410000179312,78.59184200015079,298.26413399996454,True
185473,66.25552400009838,0.7266069997058366,144.8086980003609,0.46326499978022184,83.48250000017288,295.7365940001182,True
465585,68.09591699993689,0.6915640001352585,144.83978199996272,0.44205599988345057,83.54554400011693,297.61486300003526,True
81738,70.32873899970582,0.8666120002089883,146.62800599990078,1.741890000175772,81.13933999993606,300.7045869999274,True
442463,72.88411399986217,0.8704030001354113,145.64568299965686,0.46126500001264503,79.76908699993146,299.63055199959854,True
450399,67.73761400017975,0.7101059995875403,145.85364800041134,0.4662649998863344,82.73143299993535,297.4990660000003,True
516173,70.74825400013651,0.7603159997415787,144.3473070003165,0.45684799988521263,80.87995599998976,297.19268100006957,True
224222,67.58352499991815,0.7501079999201465,145.10120600016307,0.4553059998215758,80.12647400028072,294.0166190001037,True
270122,71.53852899955382,0.7396070000140753,145.49784400014687,0.46551500008717994,80.90354099977048,299.1450359995724,True
148739,73.09749599971838,0.8271520000562305,146.5979210001933,0.4635569998754363,77.49088799982928,298.47701399967264,True
371552,73.39592200014522,0.7366069999079627,145.722934999867,0.4428060001373524,80.44844200003354,300.74671200009107,True
47801,69.88601699958963,0.6883970004309958,144.9738259998412,0.4453060000741971,75.72749799965095,291.721043999587,True
249550,69.55908899999486,0.7243980003295292,144.92328300002555,0.4693070000030275,79.46407700001146,295.1401540003644,True
569972,76.6333599999598,0.8754870000302617,144.93557500009047,0.47084799962249235,78.75763800029745,301.67290800000046,True
317999,69.08257400027651,0.6971469997552049,146.15623999998206,0.4583059999276884,75.6258690003051,292.02013600024657,True
416534,65.82117600009951,0.8807789999991655,145.23016800012556,1.6650119996484136,80.13926500007074,293.7363999999434,True
121744,72.700815999724,0.773107999975764,144.86782199992376,0.4664739999498124,81.9853250000051,300.79354499957844,True
257865,66.32631699994818,0.7283989998541074,144.95774099987102,0.4428480001479329,75.75341400024627,288.2087190000675,True
324927,71.64744800002154,0.7579829998576315,145.70701599996028,0.45976499995958875,80.51515200031645,299.0873640001155,True
80022,70.48011899996709,0.7492330000786751,144.82127800010858,0.4608899998856941,79.15790000015477,295.6694200001948,True
556000,70.34590600005686,0.7039390002319124,143.81062099982955,0.4620559998329554,76.41281099995467,291.73533299990595,True
257370,64.68680500029222,0.8301109996864398,145.5337590000454,0.46739100025661173,77.68860199985284,289.2066680001335,True
39477,68.90740100016046,0.7457319998138701,145.85222899995642,0.44330600030662026,82.62596999975358,298.57463799999095,True
23751,67.79811500018695,0.7436900000357127,145.031784999901,0.44101399998908164,79.52682799987087,293.5414319999836,True
573008,71.1911000003056,0.7628159996784234,145.45013200040557,0.576559999899473,78.2464109997818,296.22701900007087,True
403122,71.4224399998784,0.7545670000581595,145.3855869999643,0.46318200020323275,80.97779199988508,299.0035679999892,True
438876,70.06735499999195,0.7601080001222726,144.520059000115,0.45993200001248624,81.47347399972205,297.28092799996375,True
412286,64.73439000001235,0.7055649998619629,144.35109500027465,0.4562229996736278,75.44173699989187,285.6890099997145,True
147415,67.68831899989891,0.7516499999837833,145.55446800022764,0.45855600001232233,81.67423099985172,296.1272239999744,True
179112,69.28287100026864,0.7468159997188195,144.29817700010972,0.4543059999377874,80.46085800015135,295.2430280001863,True
261318,68.07012300032511,0.8569019996684801,145.17270500027735,0.46851499973854516,76.69623600031628,291.26448100032576,True
410487,70.07302100009838,0.7339409999076452,146.61325099996247,1.6750959998717008,81.00666700011061,300.1019759999508,True
168593,72.79040100002021,0.7607739999002661,143.8293290002548,0.4612230000020645,80.5719439999848,298.41367100016214,True
372260,71.3487289999648,0.7064810001793376,144.25529999971332,0.5526429999918037,79.03872800034151,295.90188100019077,True
536073,73.69805500002258,0.7516069999837782,145.95527199981007,0.4597229999490082,81.79760900020483,302.66226599997026,True
31749,75.68691100004798,0.7940260002214927,145.54004899991924,0.46805700003460515,76.729444999728,299.2184879999513,True
546826,62.76678400035962,0.757233000058477,146.38224299960712,0.45834800039301626,75.96429499972146,286.3289030001397,True
310200,68.98844400029702,0.7623579999744834,145.62159299975974,1.6440540002804482,83.15427699972133,300.170726000033,True
2685,76.63110800012873,0.8581530000810744,145.92689499977496,0.4639320000023872,83.30186600005618,307.18195400004333,True
417632,69.37920600012148,0.7317740000871709,145.22708100003,0.46405599960053223,78.72942600033639,294.5315430001756,True
244750,70.59799499984365,0.7428160001836659,146.5696659997775,0.4436389999682433,85.14767499991649,303.50179099968955,True
29187,74.44970400001694,0.7540249998783111,146.62837500009118,0.45322500000111177,80.63568599982318,302.9210149998107,True
343466,64.85531899988928,0.8267800003523007,147.5714559996959,0.4669750001085049,78.95008300010886,292.67061300015484,True
248111,71.20555099982084,0.8105709998744715,145.6094610002765,0.4464059998099401,80.98434900011853,299.0563379999003,True
173799,77.82188600003792,0.7371739998234261,145.28357200015307,0.5218689998400805,84.40349700003935,308.76799799989385,True
307145,62.30275299958521,0.6811300004301302,145.57429899969065,0.4627819998859195,76.04059800041796,285.06156200000987,True
519569,71.52820999999676,0.7245909996527189,146.08429200006867,1.641611000195553,82.94268600002397,302.9213899999377,True
557258,69.24871799992616,0.703630999851157,146.50368700040417,0.4653229998439201,80.44793299995945,297.36929199998485,True
360564,65.3994170002079,0.6842959996902209,147.0434320003733,0.44415499996830476,77.29663700001765,290.86793700025737,True
308466,70.89262199997393,0.8096789997580345,144.84344999982568,1.661570000123902,80.94071699997585,299.1480379996574,True
551304,75.30537499997081,0.8069709997471364,145.8296320001864,0.4616149999492336,78.1237709998095,300.52736399966307,True
114770,67.97721200018714,0.6882970001242938,144.92227899972931,0.45432200022332836,77.3543029999928,291.39641300025687,True
234413,73.33994900000107,0.746299999718758,144.5937150001555,0.45703100022365106,80.13836600002833,299.2753610001273,True
165681,74.65537100006259,0.7560509998256748,145.57606800008216,0.4646560000765021,85.68469300007564,307.13683900012256,True
267300,67.580055000235,0.7263829998009896,147.74900200018237,0.4556969997793203,77.04061100002946,293.55174800002715,True
147740,70.27248799977315,0.7625930002177483,146.78568699991956,1.6600290000496898,82.55218999966019,302.03298699962033,True
485237,67.37408300023162,0.7368419996964803,144.75696699992113,0.46390600027734763,79.04099100005624,292.3727890001828,True
208901,70.46587100012403,0.7221319997370301,145.94741400014755,0.4444050000529387,80.06614199985052,297.64596399991206,True
404479,72.23690699993313,0.7180070001595595,144.9759729998732,0.45969700022396864,80.93849299984868,299.3290770000385,True
504000,64.28987200024494,0.7191730001068208,144.82896299978165,0.46490600016113603,76.99651999973867,287.2994340000332,True
96549,63.620117000027676,0.7394250001198088,143.72654699991472,1.6964470000857546,79.64631799995914,289.4288540001071,True
110721,72.5266310000734,0.8864759997777583,145.5151670002124,0.45878099990659393,82.18011300004946,301.5671680000196,True
438017,65.93097799986936,0.7361749999290623,145.59733900023275,0.4511130000537378,78.48628200008534,291.20188700017025,True
405205,68.5731149997082,0.7482999999410822,144.84257699996306,0.4586560003190243,79.88253699977577,294.5051849997071,True
134689,74.96924799988847,0.7775520002724079,146.0176919999867,0.46519799980160315,80.66492300031314,302.8946130002623,True
89697,67.79659899984836,0.7289660002243181,145.36443899987717,0.43640400008371216,76.47372499968697,290.8001329997205,True
349302,73.38730900028168,0.8864349997566023,146.2752500001443,1.8309990000489051,81.40972099999999,303.78971400023147,True
16502,71.03302099994835,0.7545090002167854,145.5214409998007,0.572121999994124,80.77671699993516,298.6578099998951,True
550691,69.2269410001245,0.6791289997636341,146.94103600004382,0.4646980000870826,76.40817399988009,293.71997799989913,True
452321,66.53034400005708,0.7740519999970275,146.42358499986585,0.4590300000018033,75.06804200011175,289.2550530000335,True
233567,72.19739099991784,0.758385000153794,144.94439400004921,1.7496169998594269,82.04654700011815,301.69633400009843,True
413404,74.70622100026958,0.7360919998973259,145.74803000004977,0.4600309998750163,81.93779000021095,303.58816400030264,True
321887,67.2131769997577,0.8328480003001459,146.56212599993523,0.44973900003242306,74.8923169999216,289.9502069999471,True
345261,73.79570199964292,0.7390499999928579,144.8845960003382,0.4614469999069115,78.98979599985978,298.87059099974067,True
147498,71.67705499978183,0.7017140001153166,144.35559499997908,0.4667809998863959,78.34750300025917,295.5486480000218,True
509451,68.1805300000633,0.7024629999250465,145.93111800013503,0.4393620001792442,84.29627699979392,299.54975000009654,True
509719,66.92323600009331,0.6942139998500352,144.4200990003992,0.5025749997003004,78.7041940002382,291.24431800028105,True
169169,73.45696199990925,0.6963800001358322,145.34244399965246,0.4644470000130241,81.91248699995413,301.8727199996647,True
119233,68.78135699980703,0.7390079999822774,145.59391900002083,0.45261300010679406,79.9883999998201,295.55529699973704,True
439593,73.33795400018062,0.7390499999928579,145.374529000037,0.4639899998437613,82.25830099991072,302.17382399996495,True
124277,72.6593250001315,0.7282149999809917,140.4134399999748,0.5537869997169764,75.28533000004245,289.6400969998467,True
426268,70.39116899977671,0.7474250000996108,146.81711699995503,0.45990500029802206,79.77788099969985,298.1934969998292,True
133000,72.29725500019413,0.8514319997630082,145.63457900021604,0.4662400001507194,80.21961799977362,299.4691240000975,True
565153,67.18249599998671,0.703255999724206,145.94955800021125,0.4479049998735718,76.09108799988462,290.37430299968037,True
235399,67.39988100025585,0.7523419999415637,143.99200199977713,1.684821000253578,80.36624899978051,294.1952950000086,True
189806,72.19153500000175,0.7132559999263322,144.85864299967943,0.46532300029866747,81.74950800002989,299.9782649999361,True
129416,69.21404400009123,0.738674999865907,146.00221999990026,0.45873900035076076,80.1214399998571,296.53511800006527,True
519039,71.32151499990869,0.7577590004075319,146.36331899964716,0.461739000002126,81.17638100020486,300.08071300017036,True
518213,71.65341100017031,0.7035469998299959,145.52092900021307,0.450655999884475,75.85810799992032,294.1866510000182,True
365208,67.59589000012056,0.7283820000338892,144.60470099993472,0.46724000003450783,76.75096000002668,290.14717300015036,True
450075,64.85853999993196,0.7051729999147938,144.89321600012772,0.44102899983045063,76.10116200021366,286.9991200000186,True
60932,67.69235100000515,0.8834749996822211,145.5587150003339,0.4645310000341851,81.81079299993144,296.4098649999869,True
473219,73.23863800002073,0.6824199999755365,148.66333899999518,0.45240500003274065,84.34475400008523,307.3815560001094,True
152214,71.22679500025697,0.6953799997972965,144.63169400005427,0.4482800000005227,75.60170899978402,292.6038579998931,True
309964,66.62677600024836,0.7296320000023115,144.44313099966166,0.4631140000128653,77.51408500007528,289.7767380000005,True
399655,65.75038399978439,0.827722000394715,146.6667370000323,1.7608679995646526,80.50586800027304,295.5115790000491,True
80153,73.60161599990533,0.7395499997073784,145.08300700026666,0.4626139998435974,81.37821700029235,301.2650040000153,True
177861,70.58195600029649,0.725631000022986,144.60959200005163,0.46436399998128763,79.06614199964679,295.4476849999992,True
194216,67.77051500012021,0.7372159998340067,146.1064830000396,0.44298700004219427,81.01956400014387,296.0767650001799,True
308753,74.08285200017417,0.7285480000973621,146.11769199973423,0.44348800020088675,79.3672869999682,300.73986700017485,True
119088,69.59101099982945,0.8862260001478717,145.50148099988292,0.4614059998857556,83.10615600021265,299.54627999995864,True
71756,65.56419699973048,0.8898930000214023,144.00720899993757,0.4623640002137108,76.50317499974335,287.4268379996465,True
577149,67.12663400003294,0.7578839999951015,144.69362999989244,0.44332100014798925,81.51771699976962,294.5391859998381,True
564280,67.20205599958717,0.7407990001411235,145.2959620000911,0.44936299991604756,80.60557299995708,294.2937529996925,True
85823,74.92869000043356,0.722756999948615,145.6889789997149,0.4636970002138696,78.2984980000947,300.10262100040563,True
364636,70.69561699972837,0.8375980000892014,143.96824000004926,0.4666139998334984,76.03263900000456,292.0007079997049,True
402783,61.843819999921834,0.6986719999986235,145.23965800026417,0.4575719999593275,76.40712200009148,284.64684400023543,True
113589,67.0471670000552,0.7636750001438486,144.67244800016488,1.7660339999565622,80.71627899971645,294.96560300003694,True
167240,72.19154599988542,0.7167970002228685,145.68676199996844,0.46032299997023074,79.38035600000148,298.43578400004844,True
419312,67.41677100035304,0.7239229998958763,144.16649399981907,0.44957199997952557,77.27705000024798,290.0338100002955,True
425361,70.0354860000516,0.7505080002374598,144.9285039998358,0.46136399987517507,81.72300800015364,297.8988700001537,True
352760,71.21714400000201,0.7352569996328384,144.77227600036713,0.46382199980143923,76.01971300027799,293.2082120000814,True
579900,68.25773899981868,0.7525080000050366,145.2245559999028,0.43852899989360594,82.27879500009294,296.9521269997131,True
569825,68.45966899982159,0.7467999998880259,145.73959000017567,0.43715399988286663,78.67513800010784,294.058350999876,True
92660,73.309321999659,0.7435910001731827,144.96015499980786,0.5268260001685121,79.90834100019129,299.44823499999984,True
466602,73.91565099987929,0.7438410002578166,145.73662299972057,0.4515300001912692,81.52669799983414,302.3743429998831,True
128112,71.35848200005057,0.7679260002078081,144.71455500006414,0.46198899963201256,78.30523400025413,295.60818600020866,True
96825,72.95992099989235,0.75700900015363,144.88422800013723,0.4513640001277963,79.36113199957617,298.4136539998872,True
562229,76.47035799982405,0.7114230002116528,145.6699010000193,0.4644890000236046,75.72139200010497,299.0375630001836,True
157365,66.31197600017913,0.7391740000457503,144.82380399977046,0.4453629999261466,81.319762000021,293.6400789999425,True
15254,66.31226800027434,0.730506999843783,146.26389900013237,0.4423209998094535,80.67709200031459,294.42608700037454,True
221872,67.17503000027136,0.7206719997157052,146.17021699996258,0.44969700002184254,81.17983200008894,295.6954480000604,True
515577,70.26323399986723,0.7235060002130922,145.81352699997296,0.4606140000760206,79.63910499984195,296.89998599997125,True
53626,68.62537599999996,0.6998379999458848,145.77840000038123,0.4554459997052618,77.12306400026137,292.6821240002937,True
376112,73.15813400009574,0.8592240001235041,144.99208799998087,0.4678229997807648,82.47316300003149,301.95043200001237,True
343937,69.34075199978906,0.7315900002140552,146.22408700006417,0.457529999948747,79.33395500003826,296.0879140000543,True
530975,72.55492299964317,0.717631000043184,145.1242230000389,0.4619470000761794,80.59449700022014,299.4532210000216,True
495448,75.68013000036444,0.7419239996124816,145.02812900036588,0.4686559996116557,76.26983199997994,298.1886709999344,True
120777,68.34618199991382,0.7497159999729774,144.86457200018776,0.4357369998615468,81.31653999998889,295.712746999925,True
535858,67.88727700040909,0.7415079999191221,145.56328399976337,0.49732500019672443,75.08191899978556,289.77131300007386,True
530624,69.42608700001074,0.7468830003745097,145.79913299985492,0.4667809998863959,80.8543420002934,297.29322600041996,True
7795,72.04092299980402,0.7199219999165507,145.02061600023808,0.44311200008451124,80.71332800000164,298.9379010000448,True
263403,68.03278300003512,0.713547000032122,145.30509299993355,0.44744599972545984,75.60094900009062,290.0998179998169,True
167159,68.86492099965835,0.7330900002671115,145.46593600016422,0.46136399987517507,81.05647599995791,296.58178699992277,True
568195,74.14093599982152,0.7121300000108022,145.94871100007367,0.4526970001279551,82.67511899975943,303.9295929997934,True
318238,71.52050800004872,0.6843789997219574,143.62768099999812,0.4614469999069115,75.54660799996782,291.84062299964353,True
491008,72.94101899969974,0.737132000267593,144.3620629997895,1.7922850001923507,85.36200499975166,305.1945039997008,True
396526,69.25665100015976,0.7265059998644574,145.65802300012365,0.4618220000338624,81.65963100009321,297.76263300027495,True
385719,67.16696800003774,0.7000040000093577,145.52454800013948,0.4521549999481067,77.99355599991031,291.837231000045,True
172595,64.99374099985289,0.7305479998649389,146.13867200023378,0.4601129999173281,80.14799000011408,292.471063999983,True
328601,72.88888699986273,0.8897249999790802,140.21473899992998,0.4523220000010042,81.36373600018487,295.80940899995767,True
76468,70.65081900009318,0.7170889998633356,144.6506480001517,0.46169699999154545,85.3104920001897,301.79074500028946,True
373382,64.03654900032052,0.7360909999079013,145.12605399977474,0.45044600028631976,78.96974100003717,289.31888100032666,True
554156,65.48914499990133,0.7336319999922125,145.602252000117,0.4627809998964949,79.63078400007362,291.91859399998066,True
530820,71.47628899974734,0.7558830002381001,145.50490999999965,0.46594800005550496,78.60441999991963,296.8074499999602,True
400161,69.56132599998455,0.7352560000981612,144.63118000003305,0.4609890002029715,79.23166999989917,294.6204210002179,True
383838,71.08209299985901,0.8221789998970053,146.70023300004686,1.750864999849,80.43379000037021,300.7891600000221,True
498032,71.32556700025816,0.7380900001408008,144.0502249997735,0.465031000203453,80.39478399996369,296.9736970003396,True
479248,69.52798600013921,0.7251309998537181,144.4633280002563,0.4506539999056258,80.5074580002838,295.67455700043865,True
181753,71.65354199969443,0.7502580001528258,145.36959499992008,0.4644470000130241,81.6364480001539,299.87428999993426,True
415716,72.5377670000853,0.741423999897961,146.26648700004807,0.4329039998083317,80.47578800005795,300.4543699998976,True
27186,69.815669000036,0.7449239997185941,147.0435300002464,0.4697389999819279,79.89057899976615,297.96444099974906,True
366225,73.59687400003168,0.7302150002033159,146.0767579997082,0.4654469998968125,80.15547100012554,301.02476499996556,True
379441,67.4683880001794,0.6962540001040907,144.23192799995377,0.4594060001181788,76.66040799995244,289.5163840003079,True
15660,67.34483899981569,0.7573410002805758,146.25355799989848,1.7962430001716712,82.00062899959448,298.1526099997609,True
39914,69.30483800033471,0.7568829996671411,144.7667470001761,0.4594050001287542,79.4123339996986,294.7002070000053,True
304404,71.26059100028215,0.867681999807246,146.74871000033818,0.46423899993897066,81.5500579997206,300.89128000008714,True
570688,65.1050619999296,0.7030460001260508,144.91083999973853,0.4579050000756979,85.17566799991982,296.3525209997897,True
236599,65.75330999976359,0.7443399999829126,145.23181100003058,1.741197000228567,82.97535500014419,296.44601300014983,True
450439,66.8526730000849,0.7553410000582517,145.01958899973033,0.465279999843915,78.43834900040747,291.5312320001249,True
429690,72.80072999992626,0.7194629997684387,143.99373000014748,0.4473210001378902,81.75994199973502,299.7211859997151,True
248112,70.42236500001309,0.7101289997990534,145.17092300002332,0.46019699993848917,79.02688300009686,295.7904969998708,True
166166,64.7605740000472,0.7669249998798477,146.993126000325,0.45186299985289224,76.9799569998213,289.95244499992623,True
427034,72.16668399996706,0.7277980002982076,144.42866599983972,0.464822000139975,79.60533799996483,297.3933080002098,True
170116,74.15723099984461,0.7681339998271142,146.2386980001611,0.45102900003257673,77.38202100017588,298.9971130000413,True
410735,75.63011500042194,0.7321309999497316,146.04601299970454,0.4619890000867599,80.6502340001316,303.5204820002946,True
52413,70.01716400009173,0.7320899999285757,144.9293150003541,0.44661299989456893,78.36996099968019,294.49514299994917,True
397354,72.43432199993549,0.7515909996982373,145.19737499995244,0.4712390000349842,87.17720100003135,306.0317279996525,True
579321,69.44078900005479,0.711171999682847,145.15290500003175,0.4536960000223189,76.44362200016985,292.20218399996156,True
44279,70.01878499977465,0.7282980000127282,144.47798599985617,0.4596130002028076,80.86820300013642,296.5528849999828,True
157807,71.35003899975345,0.7271310000760423,144.220968999889,0.46278000036181766,81.19526599966775,297.9561849997481,True
256941,68.1076179998854,0.8393050002268865,145.63988700001573,0.46219700016081333,78.87660899996263,293.92561600025147,True
279278,72.82375600016167,0.7235469997795008,145.83931600009237,0.45378000004347996,84.99146699978155,304.83186599985856,True
255401,72.92322000012064,0.7645919999959006,146.4655239997228,0.45990500029802206,77.50910300001124,298.1223440001486,True
555597,71.62742800028354,0.7493819998671825,146.5226079999411,0.4503630002545833,82.06185499966523,301.41163600001164,True
455624,72.35722199993688,0.7529239996983961,144.50809600020875,0.5734950000260142,82.75477500001216,300.9465119998822,True
376310,72.87650499984011,0.7428819999404368,144.8952040000222,0.45103000002200133,82.40687699981208,301.37249799963683,True
5503,67.2592219998478,0.7326720001401554,144.35321100017973,0.462071999663749,78.8387679999687,291.6459449998001,True
322429,72.79320399993594,0.7608829996570421,145.69666500028688,0.4523620000327355,80.40861700010282,300.1117310000154,True
143556,66.34024199956912,0.7018370001787844,145.25696999999127,0.4641139998966537,76.61078599994653,289.37394899958235,True
392481,67.96797300012258,0.7266309999067744,145.7714200000737,1.6546490001019265,80.5149990001155,296.6356720003205,True
404128,71.06675799968798,0.72129699992729,145.18708200012043,0.46552999992854893,78.75717200022336,296.1978389998876,True
497568,67.08624499970028,0.6937530001778214,145.79253800002334,0.45036299979983596,76.193379000415,290.2162780001163,True
500049,71.46807200024341,0.7092959999681625,146.07672300007835,0.4674060000979807,80.39577799991093,299.11727500029883,True
161044,66.21356300001935,0.6909610001457622,144.9168969998027,0.4586959998960083,80.3936900001645,292.6738070000283,True
144114,65.23466200042094,0.6894619996273832,144.96747600014714,0.4555290001917456,76.5865670000494,287.9336960004366,True
248810,68.32561300007,0.8940170000641956,144.07241699973383,0.46186300005501835,79.7466480003095,293.50055800023256,True
296969,75.11138800009576,0.7430480000039097,145.04714799977592,0.4649880002034479,80.20259499971871,301.56916699979774,True
11511,68.06742700018731,0.777216999722441,145.94048900016787,0.46319700004460174,78.41468200012969,293.6630120002519,True
396903,70.21710699973482,0.7615080003233743,145.32040699987192,1.650691000122606,81.0297680000076,298.97948100006033,True
17905,75.06250599999476,0.7346309998865763,145.01972100015337,0.4595289997268992,80.59286600018822,301.8692529999498,True
372203,70.19956500016633,0.7532149998041859,145.58512800022072,0.4553620001388481,78.48834899959911,295.4816189999292,True
189226,71.79324700018697,0.7511320000048727,145.73838399974193,0.4690300002039294,80.1209139999628,298.8727070001005,True
27768,74.11993999994593,0.705379000009998,144.9237900001208,0.4479039998841472,80.04261599990059,300.23962899986145,True
350607,74.17794299999514,0.7080880000103207,144.57039099988833,0.46273900034066173,80.02877799981434,299.9479390000488,True
418959,67.45554500002982,0.7182129998000164,146.62834999990082,0.4665720002776652,75.72383199976684,290.99251199977516,True
204871,67.13056499984305,0.6986700000197743,146.09214899974177,0.4430290000527748,76.5329250002651,290.89733799992246,True
88462,68.36685299958845,0.7572160002382589,145.81317200008925,1.6566079998483474,82.25967199996376,298.85352099972806,True
99114,69.13406900002883,0.8480960000269988,146.06038900001295,0.46223800018196926,84.1890839997177,300.69387599996844,True
449198,68.29063599980145,0.7388820004052832,144.98556799981088,0.45457099986379035,79.10579700001108,293.5754539998925,True
475150,72.2092240002894,0.7236299998112372,145.96667400019214,0.4631550000340212,80.51805399963996,299.88073699996676,True
320232,65.56166800010033,0.7299230001081014,146.95385899995017,0.4604460000336985,76.68109299993375,290.38698900012605,True
581100,71.42225200004759,0.7454649999090179,146.23730800030899,0.46423899993897066,80.87819799993667,299.74746200014124,True
6723,72.28243300005488,0.7275470002241491,144.79788199969335,0.46998800007713726,81.76663099993675,300.04448099998626,True
289594,70.13896099988415,0.7317139998122002,146.2677680001434,0.4467789999580418,75.2528739999434,292.8380959997412,True
476491,66.58522699990499,0.8601389999967068,145.3848700002709,1.639271999920311,80.5107119999775,294.9802200000704,True
31322,75.28108199994676,0.8807239996713179,144.42180700007157,0.4616129999703844,84.12536200012255,305.1705879997826,True
278006,66.23845400008577,0.7250049998219765,145.78110399997968,0.4500290001487883,74.53236599985757,287.7269579998938,True
314914,73.73356400012199,0.7533820003118308,145.19551599960323,0.5733699999836972,79.97529700014638,300.23112900016713,True
337987,73.54763200009984,0.741922999623057,145.87901799995961,0.45257100009621354,79.56906300023547,300.1902070000142,True
249643,69.74567699990075,0.7225050003398792,145.55433099985748,0.46811299989713007,74.85317500004385,291.3438010000391,True
578967,64.68214200003786,0.7602579999002046,144.82448900025702,0.4404039996188658,75.27415600043241,285.98144900024636,True
247838,69.06692200027464,0.7564649999949324,143.89088099960645,0.4626550003195007,82.51529099970867,296.6922139999042,True
131444,73.74247300003844,0.7224219998533954,145.73445899986837,0.4683639999711886,79.72285899995768,300.3905769996891,True
261796,69.53011799987507,0.792551999893476,147.3277700001745,0.5098659999021038,74.76333100021293,292.9236370000581,True
312549,70.98770799984777,0.7194210002126056,147.89400700010447,1.8184509999628062,77.09060199977102,298.5101889998987,True
135410,68.24636500004999,0.7179629997153825,146.17914600012227,0.4633210000974941,80.91684900000473,296.5236439999899,True
573626,64.4373270001779,0.8089689999906113,146.43699599992033,0.45411200017042574,75.68342800004757,287.82083200030684,True
306582,74.08278299999438,0.752049000311672,144.7046279999995,0.4604460000336985,78.71603600005983,298.7159420003991,True
426372,73.01004300006753,0.8180110003195296,145.39204499988045,0.46673899987581535,80.15612799999872,299.84296600014204,True
147745,68.74651799989806,0.8452619999843591,145.31712400003016,0.4586959998960083,75.67888200037487,291.04648200018346,True
154000,70.15452599989658,0.7521320003434084,144.18225800000073,1.6602329997112975,80.55715000000419,297.3062989999562,True
535094,70.93407200000001,0.7492150002690323,145.75526799990257,0.46203000010791584,80.51814800001011,298.41873300028965,True
286422,67.31338000008691,0.7201290000011795,146.155627999633,0.4513210001277912,76.71148500003255,291.35194299988143,True
357081,70.81781399983811,0.7518820002587745,144.79828999992606,0.46728000006623915,79.85552199988888,296.69078799997806,True
458223,70.77160100016044,0.7354230001510587,145.01858799985712,0.46069600011833245,80.37246699996103,297.358775000248,True
311518,69.40288499981762,0.719922000371298,145.69613100002243,0.46032199998080614,75.47569300004398,291.7549530002361,True
445248,72.64826199980234,0.7346719999077322,146.20358100000885,0.46136299988575047,79.52762100012478,299.57549899972946,True
170739,76.1616539998613,0.7278799998857721,146.26104000035411,0.46536299987565144,79.56032699985371,303.17626399983055,True
281754,69.65248100004828,0.7096699996509415,145.75308600024073,0.4489449997890915,75.8783820001554,292.44256399988444,True
112110,71.40488599998207,0.7319219998862536,144.51062999978603,1.7626550002205477,80.49701199979609,298.907104999671,True
341094,71.20233100022233,0.7174209999902814,145.37572800009002,0.4620299996531685,78.80752600021879,296.5650360001746,True
161978,66.65824299989254,0.6908780001140258,145.45584999996208,0.45169499981057015,83.64741900004447,296.9040849998237,True
517832,72.83726600007867,0.7893839997450414,145.72099199995137,0.46019599994906457,76.23910900019837,296.0469469999225,True
521819,63.238732000172604,0.7271300000866177,145.75916100011455,0.4662379997171229,77.4173510003493,287.6086120004402,True
303499,67.10485500025243,0.7440479998876981,145.8399080001982,0.46928099982324056,82.81760999989274,296.9757020000543,True
448263,64.69782199974361,0.767883000207803,145.97170799970627,0.467696000214346,78.77647599980264,290.68158499967467,True
559547,68.44710399991527,0.7171709999056475,144.13717300021744,0.44194500014782534,75.61064799983797,289.35404100002415,True
109118,70.52336200013087,0.7343389997913619,144.8175909999918,1.757779999934428,80.01059200023519,297.84366400008366,True
174123,72.84684099977312,0.7043790001262096,144.08757899991542,0.45932100010759314,80.51637500011566,298.614495000038,True
366711,72.0503729999109,0.6882530001348641,144.3470540002636,0.4542789997685759,77.47492999988026,295.0148889999582,True
13597,69.42324700003155,0.7540480000898242,144.74328799997238,0.46502999975928105,78.6997580003117,294.08537100016474,True
579091,70.63457000003837,0.7429649999721732,146.11945099977675,0.5109910002829565,80.70742399968367,298.7154009997539,True
209142,73.17569199994978,0.7268800000019837,145.89135300002454,0.4594050001287542,82.39319899985276,302.6465289999578,True
70048,72.50489900025059,0.7366299996647285,145.55633200006923,0.46761300018260954,80.84264199987956,300.1081160000467,True
106912,69.61042099965198,0.7608400001117843,144.69177000000855,0.45394600010695285,78.34901900014302,293.8659960000223,True
276055,65.98414399968533,0.7645489999958954,145.54665600007866,0.46803000032014097,80.32668699979695,293.09006599987697,True
548555,69.41382100012561,0.728589000118518,145.0110380001206,0.4584049997902184,75.56058999989546,291.1724430000504,True
257084,69.59458299979815,0.8477209999000479,145.04337400012446,1.639021999835677,82.57024300019111,299.69494299984945,True
154087,71.31889800029967,0.7200039999588626,146.03084600003058,0.4647799996746471,79.88102900026206,298.4155570002258,True
217872,63.81941799963897,0.711629000306857,145.6760729997768,0.45427900022332324,75.41470199976175,286.0761009997077,True
513567,71.01879499987263,0.8039270001063414,145.62332000014067,1.6573969996898086,83.25116200012417,302.3546009999336,True
304817,75.93585700033145,0.7037539999146247,144.9831869999798,0.4600299998855917,78.56468999989374,300.6475180000052,True
164115,71.31639399995038,0.7117949999155826,145.80157299997154,0.453445999937685,74.2458310000984,292.5290389998736,True
341973,69.68145600012576,0.8373870000468742,146.49928400012868,0.4595299997163238,79.5895470000687,297.06720400008635,True
554595,70.12823400009438,0.7511730000260286,144.61770199977764,0.45340399992710445,79.13709800004654,295.0876109998717,True
540932,69.52173299987408,0.7303390002562082,144.98638799977925,0.46373800023502554,76.37696299980234,292.0791609999469,True
46048,63.01277599959576,0.7156710003073385,145.81944099973043,0.46548800037271576,76.15457399970182,286.16794999970807,True
59635,63.9131260004433,0.7476719997612236,145.7756889999473,0.44273599996813573,83.62959200030673,294.5088150004267,True
289415,66.8702680000024,0.7502979997298098,145.6957590003185,1.6748979996918933,83.6307970002963,298.6220200000389,True
162581,69.45047500039436,0.7121709995772108,147.39461700037282,0.4587369999171642,78.87349399970844,296.88949399997,True
139,68.1063889996949,0.7111700001587451,146.25179399990884,0.4508209999585233,80.24537200026316,295.76554599998417,True
33221,68.11826500006646,0.8717639998394588,146.5083439998125,0.4615709999598039,81.31664500024272,297.27658899992093,True
334417,71.4552240001467,0.7519649998357636,144.1250249999939,0.4524870000750525,80.06885700024213,296.85355800029356,True
276285,69.60689799961983,0.7034200002635771,144.61380600005214,0.4658220000237634,78.78294099964478,294.1728869996041,True
237071,70.37544700006038,0.7275469997694017,144.67880800020794,1.767446000030759,81.07466699993893,298.6239150000074,True
85772,72.77217899991228,0.7253379999383469,145.43768400017143,0.4627799999070703,79.02120200014906,298.4191830000782,True
25603,69.87374399977853,0.7072120001794246,146.0868499998469,0.4668630003834551,79.88446599983945,297.01913500002775,True
158744,70.6050819999291,0.7381729997177899,145.42943300011757,0.45936300011817366,82.82673499979865,300.0587859996813,True
474021,67.99995399978798,0.766757000292273,146.0591749996638,0.45836200024496065,80.89294199999131,296.1771899999803,True
506178,70.63437199985856,0.7428809999510122,145.1619090003078,0.4676539997490181,80.6456350001099,297.6524509999763,True
159399,65.1956510000673,0.7253799999489274,144.84551300029125,0.4586959998960083,76.7756800000825,288.000920000286,True
521719,65.01918200001455,0.6875429999126936,144.65737100044862,0.45131999968361924,76.8018030003077,287.6172190003672,True
193245,64.64032100029726,0.7385879998764722,147.31649700024718,0.46248699982243124,82.63583999996627,295.7937330002096,True
163117,70.11412700012443,0.7485060000362864,145.05360300017855,0.45223699999041855,86.7600599999605,303.1285330002902,True
224675,62.5178519999281,0.7249209998008155,145.69480999989537,0.47436300019398914,75.74052200016013,285.1524679999784,True
109827,74.60486599984506,0.7486310000786034,145.13593299989225,1.6604809998170822,78.72404499994445,300.87395599957745,True
89296,72.7678329999435,0.9051410002030025,145.66904999992403,0.4662799997277034,82.30202200002168,302.1103259998199,True
320490,67.32269600024665,0.7395889997496852,145.4392440000447,0.44565300004251185,76.11517100031051,290.06235300039407,True
160012,69.2304399999557,0.7342959997913567,144.84007300006851,0.46223800018196926,80.70524999993722,295.97229699993477,True
312263,75.09689400012576,0.7311300000765186,146.36508600005982,0.4654879999179684,77.62534599987703,300.2839440000571,True
363461,69.04384300014499,0.708002999999735,145.53978399999323,0.44644599984167144,77.31690899981913,293.05498499979876,True
154213,69.25373100011711,0.751381000100082,144.87361200008309,1.7916970000442234,79.98582499976692,296.6562460001114,True
365886,70.00969199998508,0.7250869998642884,143.7746229998993,0.46336300010807463,78.45272699978523,293.42549199964196,True
203629,66.0153970002284,0.7082109996190411,144.78314500001943,0.4531950003183738,79.64997099998072,291.609919000166,True
180798,69.7469669999009,0.7295469999917259,145.10337299998355,0.5231999998613901,80.61069499990481,296.7137819996424,True
446207,71.69437900029152,0.7573389998469793,144.675838999774,0.450736000402685,80.69203299965011,298.2703259999653,True
233139,66.95466200017108,0.7388379999611061,145.61239799968462,0.4654040003515547,76.67248600000676,290.4437880001751,True
215114,65.747126000133,0.7080870000208961,145.55347699979393,0.4494029999477789,78.75207600000067,291.21016899989627,True
175438,67.50144600027852,0.708002999999735,144.86367599965888,0.5769120002696582,80.86341299986088,294.5134500000677,True
150638,62.036636999891925,0.7198379998953897,144.55123900006583,0.44990300011704676,79.92481299970677,287.68242999967697,True
429530,67.24421699982486,0.9007660000861506,144.54015499995876,0.4658630000449193,80.78174199999921,293.9327429999139,True
95069,66.90677899996444,0.7288380002137274,144.4809009999517,0.436277000062546,76.14581899997575,288.69861400016816,True
161397,67.93038199975854,0.826426999992691,145.96019600003274,1.7616949999137432,79.37048100029642,295.84918099999413,True
569700,64.48924699998315,0.6967949998397671,145.8753980000438,0.46357100018212805,74.01151699968977,285.5365279997386,True
231237,68.97432300002038,0.751381000100082,146.06699400019352,1.6513549999217503,79.42581799989057,296.8698710001263,True
419098,78.66551699999036,0.7578820000162523,144.63501999989603,0.4607790001500689,78.47983800002112,302.99903600007383,True
237517,71.0908279997966,0.7347549999394687,144.21849400014253,0.45490399998016073,77.30105500013451,293.80003599999327,True
579070,70.48966500042297,0.878430999819102,145.15117800010557,0.4674039996643842,87.86522300033539,304.8519010003474,True
78404,69.04886599977544,0.743963999866537,144.31632900004843,0.4509860000325716,82.09497899997587,296.65512399969884,True
482436,65.76202900032513,0.6990029996813973,147.54773799995746,0.4572790003294358,75.4981449999832,289.9641940002766,True
485424,70.31194199998936,0.869555000008404,145.51611000024423,0.4666539998652297,81.17275399990831,298.3370150000155,True
435880,76.8762739999147,0.7152120001592266,145.18179699962275,0.46036200001253746,79.97496600000886,303.2086109997181,True
425226,70.27856200011229,0.7028360000731482,145.79149399969538,0.44986200009589083,78.11955600027432,295.342310000251,True
276018,71.1082380003063,0.8947239998633449,145.42676300015955,0.4651539998121734,81.60123500010741,299.4961140002488,True
426166,69.04227500035631,0.7532139998147613,146.8632709998019,0.46032099999138154,79.55660500010708,296.67568600007144,True
292005,69.92661999993288,0.830051999855641,144.96418499993524,0.45102800004315213,76.30981300007988,292.4816979998468,True
33854,69.67872799987163,0.7271290000971931,145.2434939997147,0.4643209999812825,83.11540900012915,299.22908099979395,True
52412,73.45646600015243,0.7467969999197521,145.6863550001799,0.5091569996693579,81.64202500029205,302.0408000002135,True
523229,71.75627500009796,0.7381719997283653,145.22428100008256,0.4614459999174869,75.23265700001502,293.4128309998414,True
484415,61.91411000008884,0.7320039999285655,144.84004399992045,0.5798289998892869,80.48557099982645,288.5515579996536,True
68093,71.34916199993313,0.7316299997910392,144.53456600040226,0.4601129999173281,77.17236300004515,294.2478340000889,True
299887,71.80777500025215,0.7638819997737301,145.24706900010642,1.6786060000413272,80.86121799988177,300.3585500000554,True
394199,70.4661039999337,0.8513869997841539,145.6908810000641,0.45948700017106603,79.75510500000382,297.22296399995685,True
481567,70.61186300006739,0.7262540002557216,145.02158899995266,0.46486299970638356,76.0672890000933,292.89185800007544,True
405432,68.34584499983976,0.751046999994287,143.98039900015647,0.43702799985112506,81.74777200019889,295.2620910000405,True
314251,73.81418900013159,0.7541299996773887,144.8759890004112,0.5032399999436166,85.59338499981095,305.54093299997476,True
260657,67.46661999977732,0.9042650003721064,145.46652599983645,0.4651539998121734,77.57129700030418,291.87386200010224,True
290619,69.61396199994851,0.7512980000683456,145.49244399995587,0.472362999971665,79.98407400009455,296.31414100003894,True
214869,73.58354600000894,0.731463000192889,145.76175000001967,0.4669879999710247,79.15855900000679,299.7023060001993,True
256192,69.28468799969778,0.7185869999375427,140.07588699996631,0.4580710001391708,79.6362969999791,290.1735299997199,True
41872,69.4092379999347,0.7385049998447357,144.30698700016364,1.8224890000055893,80.82633100002568,297.10354999997435,True
208208,69.00871300013023,0.8693039999343455,147.13862400003563,0.5743279998569051,79.4226160001017,297.0135850000588,True
98520,67.41531700026826,0.7975919997988967,146.71483900019666,0.4660290001083922,75.08363199985979,290.477409000232,True
388258,65.01479099961216,0.7240039999487635,144.53578500024378,0.44161100004203035,75.7816760001333,286.49786699998003,True
26204,69.63549800002511,0.8758889998716768,145.26749800006655,1.6475200000058976,82.12090699998953,299.54731199995877,True
296317,67.56920199995875,0.7420050001201162,146.36581200011278,0.4598619998432696,78.83065499981967,293.9675359998546,True
234526,72.75819000005868,0.7116279998626851,145.8699030004027,0.4630709995581128,77.6014530001703,297.40424500005247,True
202339,67.13821299990741,0.676708999890252,145.69026700019094,0.45611199993800255,77.3862719997851,291.3475729997117,True
238039,71.16817399992215,0.8899310000742844,144.87513199992463,1.6531450000911718,81.69333099976939,300.2797129997816,True
459437,75.90642600007413,0.7339210001191532,144.80303699974684,0.4575699999804783,81.82425500035606,303.72520900027666,True
355817,70.05285000013828,0.7318789998862485,145.84918600030505,0.4666539998652297,75.80600299979778,292.9065719999926,True
351530,71.90704999993613,0.7574639998892962,145.75342999978602,0.45373600005405024,83.94368000017494,302.81535999984044,True
569273,72.84289799963517,0.7360460003837943,145.83471899959477,0.45002800015936373,81.96280099991782,301.8264919996909,True
357748,73.49389599994538,0.7475880001948099,144.9668729997029,0.46953000037319725,82.34486599985757,302.02275300007386,True
20107,68.94727700000658,0.7543390001956141,144.7034809998513,0.44836200004283455,79.22108699995078,294.0745460000471,True
415536,75.69024099984745,0.743088000035641,145.3565179999714,0.5259919998934492,79.90579299985257,302.2216319996005,True
423617,69.73486399965623,0.708002999999735,144.77202000034595,0.5920369999330433,78.62012899977344,294.4270529997084,True
84170,65.67281800016644,0.712669999757054,146.04043200006345,0.45948800016049063,76.80434799976865,289.6897559999161,True
564336,66.65612999995574,0.7534640003541426,144.00009599967234,1.651812000091013,85.62823100010064,298.6897330001739,True
509258,73.50880600006349,0.7112939997568901,145.86274700013746,0.4624870002771786,80.61824999958844,301.16358399982346,True
104119,72.12325999989844,0.728045999949245,145.11457499975222,0.46577900002375827,75.73256900013803,294.1642289997617,True
42563,70.31585599997925,0.7073769997987256,144.94035600000643,0.45752900041406974,77.18911899974046,293.61023699993893,True
66135,65.28920700020535,0.7568390001324588,146.02833299977647,1.6978560001916776,80.34756200004267,294.1197970003486,True
27932,63.32003999978042,0.7363790000454173,146.21421900028508,0.4668209999181272,78.85063499998068,289.58809400000973,True
488710,65.87211600026421,0.8983469997474458,145.40333600007216,0.46169500001269625,80.79942399990614,293.43491800000265,True
363072,75.08269200025097,0.7331289998546708,146.29263799997716,0.46132099987516995,76.54640400005519,299.11618400001316,True
469246,66.72141499984718,0.700835999850824,144.52631399990423,0.4511120000643132,77.70801800006666,290.1076949997332,True
234660,64.2946809998648,0.7341290001932066,146.10312099966904,0.46361300019270857,75.37470499983101,286.97024899975077,True
430871,64.33680899999672,0.7529629997407028,145.80943700002535,1.7397330002495437,80.64807699975063,293.28701899976295,True
140203,71.94786299987754,0.7647980000911048,146.08861199985768,0.4632790000869136,81.87027400026636,301.1348260001796,True
434996,64.32434499993178,0.7391300000563206,144.6535230002155,0.44448600010582595,76.18700299963166,286.3484869999411,True
18833,67.99349100037944,0.857386999996379,146.9518750000134,0.4631959996004298,79.69772100022965,295.9636700002193,True
231580,74.54360900010215,0.7199609999588574,147.2085519999382,0.4587790003824921,82.19716399980825,305.12806500018996,True
350003,74.3338830002358,0.9058480000021518,145.707456999844,0.4538200000752113,80.57214700011173,301.9731550002689,True
409867,69.08005600007527,0.7176699996307434,145.25171900004352,0.46152899994922336,80.37392600044768,295.88490000014644,True
33109,74.39697000017986,0.6951269997443887,144.40966700021818,0.5245739998827048,83.03533799971774,303.0616759997429,True
58111,67.30419199993776,0.6851260000075854,146.1988540004313,0.45302799981072894,75.85193199975038,290.49313199993776,True
295420,68.52989199978765,0.7377550000455813,145.10070300002553,1.6637700000501354,82.3045839997576,298.3367039996665,True
343076,73.24772799984203,0.8505529999638384,145.51389500002188,0.4607370001394884,81.3492329998553,301.42214599982253,True
50006,68.55055699998047,0.6937930002095527,144.86597199993412,0.46690499993928825,76.32628999999724,290.9035170000607,True
443426,64.90699699998004,0.7177120000960713,145.31116600028327,0.4571949998535274,75.35206400007155,286.74513400028445,True
460683,69.15109400006259,0.7623809997312492,146.72779600005015,1.8004869998549111,82.00177000026088,300.44352799995977,True
265108,75.73391999994783,0.8765550001044176,145.24049100009506,0.46248699982243124,80.53275700012819,302.8462100000979,True
540466,69.49007000002894,0.7215859995994833,145.72418500029016,0.452777999726095,76.39216600000509,292.78078499964977,True
503855,70.15448700030902,0.754587999836076,145.84048400001848,0.45936200012874906,84.29523999984667,301.504161000139,True
275198,71.76183599995056,0.8537200001228484,145.21357000012358,0.4626119998647482,83.7887050001882,302.08044300024994,True
58384,70.47796199958611,0.759172000016406,145.65317200003847,0.46223700019254466,82.52700200000618,299.8795449998397,True
554579,74.54717200016603,0.9116400001403235,145.75188799972238,0.4555700002129015,80.23319199992329,301.89946200016493,True
71226,71.83229600013874,0.8208839999497286,145.74051199997484,0.46265299988590414,80.32486499996594,299.18120999991515,True
183437,75.13033100030952,0.7336290000239387,145.93026599959558,0.46048700005485443,80.34307000025365,302.59778300023754,True
9891,72.90652500023498,0.8890129997780605,145.53945000034219,0.4617370000232768,82.62450299980628,302.4212280001848,True
347930,69.13379100024031,0.7009599999037164,146.9575379996968,0.4640290003408154,76.30619399969873,293.56251199988037,True
389933,65.64745000014227,0.7192939997366921,145.67074500018862,0.45994499987500603,75.6509829998322,288.1484169997748,True
22192,66.3194880003175,0.7597549997626629,144.94736400001784,1.6575610002291796,82.0487129999492,295.7328810002764,True
493019,75.5887300001632,0.7259610001710826,146.435081999698,0.5346160000954114,80.44519700024466,303.72958600037236,True
491683,66.65330000032554,0.8520529995621473,147.50423100031185,0.4541529997368343,75.16753300023993,290.6312700001763,True
52462,72.75925900012226,0.7351280000875704,145.24549999987357,0.45952900018164655,80.44190099963089,299.64131699989593,True
504439,66.85335100019074,0.7670889999644714,146.29856600004132,0.4644450000341749,80.11988099997325,294.50333200020395,True
347370,69.5160569998734,0.728170999991562,143.80103499979668,0.4427360004228831,79.93503599982432,294.42303499990885,True
2587,70.29348000014579,0.7185859999481181,145.31545499994536,0.45932000011816854,80.30009699996299,297.0869380001204,True
60855,66.86109799966289,0.6906260000505426,145.236450000084,0.45548600019174046,77.82890199996473,291.0725619999539,True
210030,70.35714699986784,0.7444630000463803,147.14815200022713,0.46052900006543496,80.50094200007152,299.2112330002783,True
293794,73.61647400011861,0.7468799999514886,145.64697300011176,0.4652789998544904,86.95846199998414,307.4340680000205,True
498919,67.11227599998892,0.8834719997139473,144.5968200000607,0.4601109999384789,82.85008400025617,295.9027629999582,True
153797,72.69049700016694,0.7505469998250192,148.43826500009527,0.46615399969596183,80.72603600021466,303.07149899999786,True
358427,70.0344159999986,0.779089999923599,145.4039529999136,0.44215200023245416,76.45326900001237,293.1128800000806,True
169356,72.52673199991477,0.8798459998615726,146.49293000002217,1.7371070002809574,80.519435000042,302.15605000012147,True
378673,72.82670999984475,0.6955010003366624,146.4095919995998,0.45894499999121763,83.7431340000876,304.13388199986,True
284106,67.68414199996187,0.7030019996818737,145.9350620002624,0.4506529999162012,77.04476200024146,291.8176210000638,True
223090,71.33694999993168,0.7344200002989965,144.4900480000797,0.46057099962126813,80.99108500027796,298.0130740002096,True
263068,68.71391000004223,0.8986810003079881,145.117628999742,0.46494500020344276,81.44357099990884,296.6387360002045,True
319617,64.32476400004816,0.7302949998120312,144.87990600036937,0.456194999969739,78.06498799982364,288.45614800002295,True
297595,72.51976999987164,0.7327950002036232,144.68705799981763,0.4623619997801143,80.99462300015148,299.3966079998245,True
253452,66.06111800010694,0.727295000160666,145.776412000032,0.4528199997366755,77.9028480001216,290.9204930001579,True
451693,64.17087699992408,0.7096690001162642,144.70592899988333,0.4663200002141821,75.68850400002702,285.7412990001649,True
575815,67.79385000027105,0.7263369998327107,147.14991299979374,1.8077370000355586,80.52017600039107,297.99801300032414,True
403353,73.01700200014238,0.6940009998288588,145.98570900034247,0.45994499987500603,79.11567000019204,299.27232700038076,True
296222,67.5243299997419,0.6830420002188475,145.96720800000185,0.4511950000960496,77.49877799960814,292.1245529996668,True
382125,70.81728299999668,0.7459209996341087,145.5960190000951,0.4633200001080695,83.56156899981215,301.1841119996461,True
495732,72.05252599987944,0.7371280003098946,145.2542829997583,0.44873600018036086,81.30588399990302,299.798557000031,True
110449,64.61764799996672,0.7384199998341501,144.50069399981658,0.46473700012938934,75.96272099999624,286.2842199997431,True
367386,65.36386000016137,0.7077509999362519,144.01949800003422,0.44040200009476393,79.0630369997416,289.5945479999682,True
319100,66.39521499982948,0.7410869998238923,145.96899300022415,0.5194899999878544,82.43428300011146,296.05906799997683,True
507575,73.4636879997197,0.7177530001172272,145.2790250000362,0.45532000012826757,82.77988700001515,302.69567300001654,True
492758,66.85098899970399,0.7052100004329986,145.99227799999426,0.45773699957862846,80.17422700004317,294.18044099975305,True
57760,60.01619400012714,0.6951679997655447,145.2041460001965,0.46502899976985645,77.97892400003548,284.3594609998945,True
16439,62.094029000036244,0.6982519998928183,147.43581700031427,0.460069999917323,76.47970399966653,287.1678719998272,True
43737,69.10241699961261,0.7597970002279908,146.33954200007793,1.6532679996998922,82.48557300021275,300.3405969998312,True
292225,66.18502900028034,0.7267529999808175,145.54120200000398,0.4657780000343337,79.6730669999306,292.59182900023006,True
171788,73.96850799977983,0.7090020003488462,144.62114099978862,0.4381520002425532,80.18838599991795,299.9251890000778,True
504389,68.98344799992628,0.7001259996286535,144.37853900017217,0.46594500008723116,80.35522999989553,294.88328799970986,True
411774,65.40810299975419,0.6850419999864243,145.6418660000054,0.43973599986202316,77.83553300032509,290.0102799999331,True
181499,73.56735399980607,0.7388369999716815,146.07147700007772,1.6543510000701644,81.96211899985428,303.9941379997799,True
192191,75.01468899999963,0.7067520000418881,145.39605200025107,0.46032000000195694,79.82877699987512,301.4065900001697,True
433192,64.10197800005335,0.8424269999522949,145.11374299991076,0.4533610003818467,77.93724399971325,288.4487530000115,True
506933,72.07042599975466,0.7405870001093717,144.84639400006927,0.45961099976921105,80.5244030002541,298.6414209999566,True
1296,73.07477899985315,0.7302110002456175,144.95076799994422,0.46352899971680017,81.68159400020159,300.9008809999614,True
444275,70.74108999995588,0.720002999969438,145.53959599970767,0.4604440000548493,76.35635199994795,293.8174849996358,True
512248,71.66331300004458,0.8337180001944944,145.512386000064,1.6597680000813853,80.14374999993379,299.81293500031825,True
117492,76.1253789996772,0.8765530001255684,148.30184699985693,0.4627779999282211,85.46282200040878,311.2293789999967,True
145591,69.44234000002325,0.727170000118349,146.17046000012124,0.4627369999070652,75.65834600018206,292.46105300035197,True
356531,66.4149469998847,0.7074600002852094,145.19594199964558,0.45986100030859234,76.4342279999255,289.2124380000496,True
376322,70.2548479998768,0.7605470000271453,145.6629710000925,1.7183129998556979,87.55015800034016,305.9468370001923,True
379476,69.5579270000053,0.7279199999175034,145.79642999979114,0.46123700030875625,79.00650600004155,295.55002000006425,True
68833,70.35422499984634,0.7297120000657742,141.9019830000252,0.46402799989664345,76.43334900012633,289.8832969999603,True
211825,64.02413000023444,0.7728809996478958,144.89400000002206,0.45465300036084955,75.75013899986516,285.8958030001304,True
229311,64.66196100018351,0.7643799999641487,146.89215799990052,1.6529350000382692,81.1522160001914,295.12365000027785,True
351609,69.09718699989753,0.738212000214844,143.68495999997322,0.46336100012922543,81.99035199959326,295.9740719998081,True
368900,66.77604500009693,0.723752999874705,144.6298509999906,0.45144400019125897,75.88301900022998,288.46411200038347,True
384808,67.35166299995399,0.7481300003746583,145.7358769998791,0.4606110001077468,80.38045799958127,294.67673899989677,True
291634,74.35825500033388,0.7290869998541893,144.37991200020406,0.45148599974709214,83.58690300019589,303.5056430003351,True
222094,65.4396690001704,0.711334999778046,144.84081500040702,0.4629869999916991,78.80315199963661,290.2579579999838,True
206271,64.39764600008857,0.8456350001324608,145.36555599988787,1.6518090001227392,78.1006089996481,290.36125499987975,True
348045,77.1817180002472,0.7562959999631857,148.57478600015384,0.464278999970702,80.44758200003344,307.42466100036836,True
329614,65.47029200010002,0.758837999910611,147.14753300040684,0.4674449996855401,80.83456400026989,294.6786720003729,True
89761,70.88916499969855,0.7280019999598153,145.1443690002634,0.4583189997902082,75.13896599994041,292.3588209996524,True
267351,68.76586799990037,0.8348849996764329,145.34096100032912,1.7195209998135397,80.64654899999368,297.30778399971314,True
435003,72.72656499981167,0.7355450002251018,145.3761249999843,0.46215299971663626,81.24475200020242,300.54513999994015,True
131138,70.16870000006747,0.8349260001523362,145.21199000000706,0.46286199994938215,79.58044199995129,296.25892000012755,True
248314,64.8237909999807,0.7851730001675605,146.42289699986577,0.4582360002132191,80.0560099996801,292.54610699990735,True
508482,69.80913300003522,0.7390450000457349,145.99640599999475,1.666934999775549,79.73078100030762,297.94230000015887,True
46378,71.48402700022416,0.7182939998529037,145.6787609999992,0.4654869999285438,78.75417900004322,297.10074800004804,True
129135,70.47758999988218,0.738878999982262,145.71184699980222,0.4642779999812774,75.8891290001884,293.28172299983635,True
293324,70.37579300003927,0.7503789997826971,145.3879450000386,0.447444000201358,83.17044399973383,300.13200499979575,True
156071,74.05243000039263,0.7280859999809763,145.1933079997616,0.4465689999051392,80.99710400028926,301.4174970003296,True
446206,72.65576200006763,0.7452949998878466,145.87009899969416,0.46665400031997706,81.48879999998826,301.2266099999579,True
166509,66.56005700006062,0.7172939999691152,145.89743099986663,0.4622780002137006,75.45205399992483,289.0891140000349,True
87244,60.66227800010893,0.6960420000723389,144.59893100001864,0.4534439999588358,76.16168000004109,282.5723750001998,True
438269,68.80660699971486,0.7275020002452948,146.18956999993316,0.5211150000832276,78.6674989999483,294.91229299992483,True
249219,72.43632799963962,0.8606780002082814,145.45119100012016,0.46252799984358717,74.56016600008297,293.7708909998946,True
474452,66.4270000002034,0.8334260000992799,148.46628399982364,0.43952699979854515,82.9913000002307,299.15753700015557,True
338532,69.24625500005277,0.7595050001327763,147.67631899985645,0.4388190000099712,78.95555400000376,297.0764520000557,True
157847,71.42888800035507,0.7527539996772248,145.8862530002989,0.46536099989680224,80.2485499998511,298.7818060000791,True
134034,73.6348549999093,0.8228419997067249,144.65746500036403,1.6883939997569541,80.60044300009395,301.40399899983095,True
166259,72.42740400033654,0.7239599999593338,145.2006619997519,0.46357000019270345,80.60294300003079,299.41853900027127,True
267946,67.77620400043816,0.8571359999223205,145.6449799998154,0.4595700002028025,77.96290699980091,292.7007970001796,True
489046,71.7731550003009,0.7145019999370561,144.89080900011686,0.4671540000344976,80.43576099998972,298.28138100037904,True
347163,65.13387299992246,0.6819170002927422,144.11225499998181,0.4607359996953164,75.68514000013238,286.0739210000247,True
210099,73.33832999984224,0.7189190000644885,145.83752699991237,1.6777270002421574,81.49190899985115,303.0644119999124,True
353970,73.05522999968161,0.7163350001064828,146.11700200021005,0.4574029999275808,79.32356899982551,299.66953899975124,True
416170,73.45091800016235,0.6991679997554456,145.69801100014956,0.45390200011752313,75.52650199977506,295.82850099995994,True
574315,70.91438799989191,0.7434200001625868,144.79887300012706,0.4620279996743193,80.29512400025851,297.2138330001144,True
328286,73.2540720000543,0.7324610000978282,145.47012200000609,0.46673699989696615,81.8267590002506,301.7501510003058,True
156372,64.52070900013496,0.70020899966039,145.62979400034237,0.45927799965284066,75.74126000008619,287.05124999987675,True
463849,74.84566499988432,0.8768870002313633,145.91164200010098,1.7783569996936421,84.0845170000648,307.4970679999751,True
423944,71.77352000007886,0.6809999999859428,146.29445599985047,0.46302800001285505,79.98564400031682,299.19764800024495,True
133645,69.0058099999078,0.7383369998024136,145.72942199993122,0.4534859999694163,76.04665100006969,291.97370599968053,True
222559,69.19723500004693,0.7970070000737906,145.57253000020864,0.471237000056135,83.65131999971709,299.6893290001026,True
188689,69.39116400008061,0.7369199997810938,144.5671780002158,0.46690299996043905,79.27226299989343,294.43442799993136,True
100428,68.85871499980567,0.7832969999981287,140.50759900010235,0.46882000015102676,75.78138500002751,286.3998160000847,True
163682,69.86748300005274,0.8041739997679542,145.5389800003104,0.45748599995931727,79.90338099989458,296.571503999985,True
157213,73.13234499997634,0.8504269999320968,146.1904779998804,0.4495680000218272,78.84727500004374,299.4700929998544,True
287527,71.62050399983855,0.7087089998094598,145.61944400020366,0.46115299983284785,75.89447000009386,294.3042799997784,True
388846,72.31454600014331,0.7275019997905474,146.329483000045,0.46536199988622684,86.47656599987386,306.31345899973894,True
557672,72.4796360000255,0.6859999998596322,146.6409970003042,0.4654449999179633,77.40722599965011,297.6793039997574,True
48504,72.50388700003896,0.7282520000444492,143.68390299978273,0.4654859999391192,81.92316600025151,299.30469400005677,True
465180,69.52728999976898,0.689833000251383,146.9001809996371,0.4646110000976478,77.1453739998833,294.7272889996384,True
213033,65.15181399981884,0.6996679999247135,143.67222700002458,0.46607000012954813,75.87775399997554,285.8675329998732,True
329041,63.12340000022232,0.7264609998856031,145.86681899982068,0.4573609999170003,77.7226990003328,287.8967400001784,True
110972,69.1571809998095,0.7527540001319721,145.33178600004248,1.7877330001283553,80.4615729998659,297.4910269999782,True
520707,67.71075999995446,0.7334609999816166,144.72878600008698,0.45915200007584644,82.72370599979695,296.35586499989586,True
423104,69.33839700013777,0.7277939998857619,145.64292299974113,0.45090200001141056,76.3971570004287,292.5571730002048,True
291861,69.92497500004902,0.750169999719219,146.2839199998598,0.4638620002879179,79.81482100012727,297.2377480000432,True
515982,72.27011500026492,0.7332949999181437,146.39809199979936,0.4466939999474562,81.01680700019642,300.8650030001263,True
129945,70.61084499991921,0.7350030000452534,145.59833000021172,0.456777999715996,78.98280900008103,296.3837649999732,True
128598,73.53443900001366,0.7525040000473382,146.31399800009603,0.45827799976905226,80.58223900025041,301.6414580001765,True
257478,72.77039299970056,0.7347110004047863,145.24501699997927,0.45923599964226014,78.84296700012783,298.0523239998547,True
194746,68.58455400015373,0.7473360001313267,145.993513999656,0.45919400008642697,80.48789700023917,296.27249500026664,True
213171,72.24777400006133,0.7441699999617413,145.65678500002832,0.46165300000211573,80.32976100002998,299.4401430000835,True
559707,70.41695499992784,0.7173770000008517,145.06062400005248,0.44919399988430087,78.09650200033502,294.7406520002005,True
309655,65.52203499995812,0.7380029996966186,144.8994010002025,0.46744400015086285,79.22923299975082,290.8561159997589,True
324158,67.10491900003035,0.7605040000271401,144.62534100039193,1.8374019996372226,80.41805500033661,294.74622100042325,True
2473,70.65754999985074,0.7582540001749294,146.13234899979943,0.5190720003156457,79.67009300000427,297.737318000145,True
68628,65.70375100000092,0.6946670000615995,145.9092929999315,0.44061000016881735,75.14473299988822,287.89305400005105,True
447611,65.98930700010897,0.7490039997719578,145.6911480004237,0.46602799966422026,80.37104799996087,293.2665349999297,True
398438,68.07476599988149,0.7457120000253781,145.1240310002504,0.4489429998102423,80.84657700010212,295.2400290000696,True
142790,64.73435599991717,0.6777909998163523,145.4436750000241,0.44852700011688285,77.20677399993292,288.5111229998074,True
449190,69.86787300002106,0.7377520000773075,144.4899439998153,0.4627359999176406,81.00516600006813,296.56347099989944,True
393469,67.98534000017753,0.7352939996962959,145.80119000038394,0.4529019997789874,80.53209599984257,295.5068219998793,True
345941,74.28259399966919,0.8493430000271474,145.42737500005387,0.46269499989648466,76.14262300012342,297.1646299997701,True
420069,72.24534700026197,0.7611709997945582,145.75430900003994,1.6598920001342776,81.44656299964481,301.86728199987556,True
227985,74.08849600005851,0.8220910003728932,144.27258999967307,0.46048600006542983,81.34784899993974,300.99151200010965,True
231125,67.00023699977464,0.713751000148477,146.90112300013425,0.45336099992709933,75.47957899987523,290.5480509998597,True
216636,68.48465899975054,0.745878000088851,146.03686400005245,0.4585689998748421,80.13785799994366,295.86382799971034,True
277689,72.2054200000457,0.7496289999835426,145.98552000006748,0.46540199991795816,81.23154700024315,300.63751800025784,True
92939,68.9203480001197,0.7225859999380191,144.9655830001575,0.4561939999803144,78.70639499969911,293.77110599989464,True
468332,70.93721999990521,0.7441699999617413,146.37362599978587,1.66793400012466,84.78992700020171,304.5128769999792,True
9914,73.78839000011794,0.7156679998843174,146.1559809999926,0.45919400008642697,80.56083600013153,301.6800690002128,True
16451,72.4199299997963,0.781256000209396,145.3792259999318,0.4622359997483727,78.17756800022835,297.2202159999142,True
31620,65.51730799992583,0.6812080000599963,147.43734900002892,0.4565700000966899,76.7471479998676,290.83958299997903,True
420840,68.18505100000039,0.7429620000038994,144.6422630001507,1.655932000176108,80.7059659996412,295.9321739999723,True
422670,70.32121700012794,0.8673020001879195,146.1678089999623,0.46323600008690846,78.9591519996975,296.77871600006256,True
451571,71.77097100020546,0.7227930000226479,144.9587359998077,0.5249900000308116,74.46809100019891,292.4455810002655,True
213830,72.62827299973651,0.902429000234406,145.1812489999611,0.4422769998200238,83.30503700017289,302.4592649999249,True
19432,72.95778900015648,0.7515869997405389,145.39388000002873,0.44598500016945763,82.61890999983734,302.16815099993255,True
79969,75.0122869999359,0.7590879999952449,145.22832800003016,0.4625689998647431,82.85217399998146,304.3144459998075,True
485027,71.38690300007511,0.7347519999711949,145.84807399978672,0.4508189999796741,78.56066600015765,296.98121399997035,True
385029,73.42285799995807,0.7413779999296821,143.83594600030847,0.4593609996845771,83.0432650000148,301.5028079998956,True
307172,68.45109899995805,0.8377590002055513,145.71114199998192,0.46536099989680224,77.70256999992853,293.16793099997085,True
521717,67.56396200034942,0.7416700000248966,147.2058559998004,1.7468129999542725,82.16296199998396,299.42126300011296,True
140076,71.14271799991911,0.7371689998763031,145.12402199989083,0.46419399996011634,82.13224800010721,299.6003509997536,True
182155,69.17430600014995,0.7242520000545483,145.66413200009265,0.45961099976921105,82.15383200013093,298.1761330001973,True
532761,74.00242699986848,0.7286690001819807,146.14849500003402,0.4607770001712197,82.2652140000173,303.605582000273,True
468954,64.5263609999347,0.7115009998415189,144.08403800007363,0.4541940002127376,75.6383579996509,285.4144519997135,True
19786,67.15705700025865,0.7517119997828559,147.291930999927,0.4648610001822817,78.99851499996657,294.66407600011735,True
458410,71.98251199997685,0.7244179996632738,145.7642980003584,0.46348599971679505,76.3139380001121,295.2486519998274,True
66635,61.96858000021166,0.7455029999619001,140.14383699986865,0.45906900004411,77.15044599990506,280.4674349999914,True
383289,68.6869400001342,0.7513370001106523,145.677620999777,1.8256090002068959,80.41297099998701,297.35447800021575,True
294695,71.43076700003803,0.7487119996767433,146.98203000034482,0.4625689998647431,79.6759690001636,299.30004700008794,True
143068,65.04013500034489,0.7542119997197005,147.23712900013197,0.4664449998017517,79.53746000021056,293.0353810002089,True
367228,69.96480400039218,0.7488789997296408,146.09239399987928,0.4685280000558123,80.93720600027154,298.21181100032845,True
140929,68.82185799986473,0.7546709998678125,145.79303600021376,0.47161099973891396,77.3714930001006,293.2126689997858,True
476787,68.60417899997628,0.7100839998201991,145.2750879998348,0.4656529999920167,77.75043300034667,292.80543699996997,True
182923,65.33427500016842,0.7425439998769434,145.73182399999496,1.6736840002522513,85.23492099993746,298.71724800023003,True
430048,70.29586099997687,0.7619630000590405,143.69182000018554,0.4668609999498585,80.39191999978357,295.6084249999549,True
426241,65.84901100040952,0.711041999693407,141.89033799993922,0.4526940001596813,77.76226299984046,286.6653480000423,True
226058,68.56017300015083,0.7305439999072405,146.1368410000432,0.46619399972769315,79.36569200001031,295.2594439998393,True
321118,70.32023600004322,0.9130959997492027,147.13010600007692,0.5694920000678394,82.07751700001609,301.0104469999533,True
78170,71.4682179996089,0.7174180000220076,144.59740900019824,0.46961099997133715,77.53012100010892,294.7827769999094,True
112997,64.97712300006242,0.9408470000380476,147.27298599973437,0.5716169998777332,76.66390200029127,290.42647500000385,True
345356,68.06888999972216,0.7385440003417898,144.45123399991644,1.7423949998374155,82.60604699989926,297.60710999971707,True
334977,69.2767499999718,0.7357939998655638,144.47181200011983,0.46198599966373877,79.47523200027717,294.4215739998981,True
459954,68.585000999974,0.8217569998123508,145.67767600010484,0.4575689999910537,78.27332800025033,293.8153310001326,True
404191,71.59313900001507,0.7669619999433053,144.81879100003425,0.4611939998540038,79.10512699982064,296.7452129996673,True
501368,65.82942099976208,0.7032080002318253,144.97137699981977,0.45473599993783864,73.56921100017644,285.52795299992795,True
67896,72.9214640000464,0.7390860000668908,144.7264449998329,0.45894400000179303,79.22638099989854,298.0723199998465,True
7888,70.23584600028698,0.7093760000316252,144.50122299967916,0.4661940001824405,74.07319999992978,289.98583900011,True
183965,64.37937200007582,0.7099589997778821,145.80917600005705,0.4589019999912125,75.61807999991288,286.97548899981484,True
578871,70.18671499963602,0.7473360001313267,144.3972100000792,1.7455209999752697,81.20478599994385,298.2815679997657,True
442161,70.32909800000198,0.7312940001611423,144.561762000194,0.4601099999490543,80.544622999696,296.62688700000217,True
74209,68.40006699985679,0.7233770002130768,144.54038499980015,0.46457000007649185,78.29657199999929,292.4249709999458,True
176857,68.6508710000453,0.800298000285693,146.05792699967424,0.4359009999461705,83.09647900023265,299.04147600018405,True
361586,71.99973599972509,0.7239180004035006,144.50791899980686,0.4406930002005538,82.26863699974274,299.94090299987874,True
2592,70.20658800001911,0.7585449998259719,144.814229000076,0.46302700002343045,81.37420999992173,297.61659899986626,True
382696,68.40552200037564,0.7477529998141108,145.76974100009465,0.463735999801429,78.83813800026473,294.22489000035057,True
412531,69.80839400011973,0.729794000108086,144.77017699982753,0.4572360003294307,75.5975289998787,291.3631300002635,True
579902,71.46274300021105,0.7575859999633394,145.28029099983542,1.8566520002423204,81.05039500014755,300.40766700039967,True
125850,67.83511100002215,0.7575859999633394,144.1763920001904,0.46077799970589695,79.46934000028705,292.6992070001688,True
338219,74.43404000014198,0.7170839999162126,144.47582000002512,0.46615299970653723,77.01527700010047,297.1083739998903,True
226171,64.93676899981438,0.718458999926952,145.35224700011895,0.4583609998007887,77.18049400000382,288.6463299996649,True
360951,70.04532100017968,0.7510859995818464,144.73983600009888,1.7607290001251386,82.88450000009107,300.1814720000766,True
446117,72.21657499985668,0.7397099998343037,146.6148150002482,0.5239480001364427,79.05401899961362,299.14906699968924,True
437514,72.00643500027581,0.8405909998145944,145.28840299999501,0.4657780000343337,76.09217700019144,294.6933840003112,True
22589,67.56517099984194,0.6761660001757264,145.79547399989679,0.4604440000548493,76.38673600013135,290.88399100010065,True
575372,66.79799999983516,0.7526700001108111,144.93292199995267,1.7288110002482426,78.70899399995324,292.9213970001001,True
280710,69.90159899987702,0.752836000174284,145.25718599998072,0.4627359999176406,83.21342799990816,299.58778499985783,True
195045,69.88359699971625,0.7240009999804897,144.18724799998017,0.4646940001293842,75.56805900003383,290.8275989998401,True
152465,69.90355700008877,0.7220009997581656,145.44982200004597,0.4998220001652953,75.22241299966481,291.797614999723,True
327890,70.38699899976564,0.7289590002983459,147.5246469999547,1.8108579997715424,83.31180499999391,303.76326799978415,True
230166,74.609707000036,0.8454660001007142,145.23884499976703,0.46390300030907383,82.87548699991021,304.033408000123,True
351589,68.28762500026642,0.6824149995736661,145.8358390000285,0.4488180002226727,75.86232299991025,291.1170200000015,True
17031,68.05548599959366,0.7500450001316494,144.19223499999134,0.45865299989600317,78.67994400021416,292.1363629998268,True
534673,73.88003500000195,0.7391270000880468,146.33873699995092,0.5697000001418928,81.28501500004859,302.8126140002314,True
239843,64.28250900034982,0.6967919998714933,146.74846900015837,0.46386099984374596,75.47721299988552,287.66884400010895,True
49091,69.91330100026971,0.8093389997156919,145.49918700004127,1.675140999850555,78.1010310001875,295.99799900006474,True
176701,72.7235889999065,0.7047919998512953,144.20926999991934,0.529532000200561,74.26822099978381,292.4354039996615,True
358923,68.53013199997804,0.7132509999792092,145.5494329998146,1.6510140003447304,81.72078699999474,298.1646170001113,True
475904,73.67760399984036,0.8580920002714265,145.22266399990258,0.4651109998121683,80.5372590002662,300.76073000009274,True
539445,71.40434200027812,0.7106250000106229,146.11550199970225,0.4504850003286265,76.86912199960716,295.5500759999268,True
100274,70.86680899965359,0.7522110004174465,144.8906799996621,0.46340200015038135,80.82631399975071,297.7994159996342,True
82812,71.38754800007518,0.7711289999861037,144.66862499966737,0.45144300020183437,87.18864799993753,304.467392999868,True
104198,61.973284000032436,0.7213339999907475,145.31607699973392,0.4596100002345338,75.35436199987089,283.82466699986253,True
76547,66.10406600020724,0.7418770001095254,143.762272999993,0.4527769997366704,77.09313100031068,288.1541240003571,True
479030,69.5781470003567,0.8980529996733821,146.06457500030956,0.46869399966453784,81.35459200002515,298.3640610000293,True
573943,73.72434899980362,0.7467529999303224,145.69617799998014,0.44586000012714067,80.40036500005954,301.01350499990076,True
347664,73.23235900003056,0.8176320002348803,145.13651299967023,0.46148599994921824,80.68888200023139,300.3368720001163,True
524280,75.11488599993754,0.8530919999429898,144.98650499990617,0.4674020001402823,80.22560499966858,301.64748999959556,True
18837,69.60239399995771,0.7513779996770609,145.72704900001554,0.45948500019221683,77.11796300009155,293.6582689999341,True
153011,70.72929400010253,0.9110529999816208,145.35122899997077,1.6612230001555872,84.85520599970187,303.5080049999124,True
533536,67.35088400000677,0.7669609999538807,144.52867999989394,0.45819400020263856,79.81153399987306,292.9162529999303,True
51008,67.51747699991029,0.7284180001079221,145.60470200012787,0.46348599971679505,75.73683600003278,290.05091899989566,True
155145,69.06077599978744,0.756461000037234,146.04401699989467,0.43652600015775533,83.49812300002668,299.7959029999038,True
245576,70.14671200022349,0.7511699996030075,144.84519100005855,0.44061000016881735,80.11471500003609,296.29839800008995,True
491725,68.99326900020242,0.7275849998222839,145.84383400006118,0.4619850001290615,81.3782899999751,297.40496300019004,True
50811,68.0735480000294,0.7173759995566797,145.97855000010895,0.521489000220754,77.99604799993176,293.28701099984755,True
543300,64.93802800014237,0.7074579998516128,145.15357800019046,0.4590270000335295,76.15772899998774,287.4158200002057,True
207844,69.73126700040666,0.7521699999415432,144.44645300000047,1.698266999937914,85.03750099998797,301.66565800027456,True
92416,67.8681169997617,0.7577110000056564,145.58889599993563,0.461360000372224,81.77022599966222,296.4463099997374,True
526103,69.96199000013803,0.7206669997685822,146.11721200026295,0.46669399989696103,75.5577740001172,292.82433700018373,True
133343,67.71064599979582,0.7532529998570681,145.92103299992232,0.5639500000143016,81.81214100022771,296.7610229998172,True
81061,68.75249799986705,0.8478419999846665,145.51592599991636,0.4651530002774962,81.1466019999898,296.72802100003537,True
540414,70.80362000033347,0.7432929996866733,145.87265500040303,0.45960999977978645,82.41383999984464,300.2930180000476,True
23023,65.38042200008931,0.7752960000289022,145.15789799997947,0.4746120002891985,78.10671099969113,289.894939000078,True
359855,67.75577000007615,0.7227930000226479,144.92067599985603,0.46269399990706006,74.32240600019213,288.184339000054,True
402774,68.1880040001488,0.7600029998684477,144.72774900013974,1.8252320001010958,79.29794799974843,294.7989360000065,True
412240,70.15945000011925,0.7491279998248501,145.90030999988812,0.46206900015022256,79.5219999999972,296.79295699997965,True
350019,67.26848899961624,0.7130829999368871,144.9748400000317,0.4520270003922633,76.21288799964532,289.6213269996224,True
500211,71.21880400018199,0.7507109999096429,146.10953100009283,0.4594859997268941,81.44823700013148,299.98676900004284,True
496854,73.42676700000084,0.768754000091576,146.22899199957828,0.45511000007536495,82.28595000036876,303.1655730001148,True
328238,68.1880390002334,0.7314179997592873,144.61260400003084,0.4648190001717012,78.34088500021608,292.3377650004113,True
52891,70.21561700003076,0.7518359998357482,145.8892199998445,1.7977719999180408,79.62350200023138,298.27794699986043,True
140286,70.54992800021864,0.7764619999761635,143.2960679999269,0.5261979999886535,74.9871850002819,290.13584100039225,True
481480,70.79510600033245,0.7325839997065486,146.05130700010704,1.6605549999439972,79.9346419998983,299.17419399998835,True
508639,73.42900999992708,0.7028330001048744,144.1617369996493,0.46594400009780657,79.51203299990084,298.2715569996799,True
45472,69.71275000023525,0.8548010000595241,146.6536329999144,0.44273399998928653,77.56675299970084,295.2306709998993,True
6471,62.98668899989934,0.7282930000656052,146.0510910001176,0.4690279997703328,82.6348370001142,292.8699379999671,True
548506,71.48881000011897,0.7153339997785224,145.01040499999363,0.4489850002755702,81.54960699994263,299.2131410001093,True
197388,67.56770499987397,0.6765399998585053,146.51061900030982,0.5747000000155822,78.08969600000637,293.41926000006424,True
139260,67.65529399990555,0.7228750000649597,144.03313799994066,0.5301139999573934,82.69454599985693,295.6359669997255,True
312406,71.51593300022796,0.7306259999495524,145.7347329996992,0.4661530001612846,79.73024700004316,298.17769200008115,True
356428,67.98280999964845,0.7557110002380796,144.51095300000816,0.521946999924694,81.63052500003687,295.40194599985625,True
110999,70.73438799989162,0.7341260002249328,145.7709020000948,0.5288649999783956,81.7043189999822,299.47260000017195,True
562818,67.8750920001221,0.7156249998843123,145.58634300010453,0.4573189999064198,79.31021900003543,293.9445980000528,True
529122,64.83808200027852,0.9022609997373365,144.23026400027084,0.4646099996534758,82.65787300024385,293.093090000184,True
349594,72.07833800021035,0.7529609997618536,144.91709599997193,0.45240100007504225,79.73049400015952,297.9312900001787,True
66926,66.139407999799,0.7147080000322603,145.35349100015083,0.4548590000013064,77.14784000017971,289.8103060001631,True
521601,65.59516400011489,0.9104699997806165,145.34736499990686,0.46069300015005865,79.72599000004266,292.0396819999951,True
355677,71.98820500025249,0.7386259999293543,148.09564999995928,0.466484999833483,79.57702300018354,300.86598900015815,True
255824,68.95073599980606,0.7259590001922334,144.90333699995972,0.44577599965123227,75.994644000275,291.02045199988424,True
447917,73.74471999992238,0.7436689998030488,145.2168079999865,1.6432630000053905,81.58955299995796,302.93801299967527,True
6460,71.43996100012373,0.7267089999913878,144.95529300029375,0.45977699983268394,79.4998480000686,297.08158800031015,True
245026,66.98853400030202,0.7009579999248672,146.11631899970234,0.4659860001083871,78.04393000014898,292.3157270001866,True
272148,67.56906600003276,0.7583770002383972,145.50631900010558,0.45048499987387913,82.86404000000402,297.14828700025464,True
231549,71.61596800006009,0.7307509999918693,145.55261299983613,0.4524850000962033,79.12657299993953,297.4783899999238,True
191672,72.88804200015875,0.7419180001306813,144.47388400003547,0.4639439998754824,80.33026800012522,298.8980560003256,True
437331,72.68611399967995,0.7587529999000253,144.60126100038906,0.4649439997592708,78.46673899985035,296.97781099957865,True
177213,71.37716000033834,0.7616689999849768,144.9060689997168,0.46169400002327166,81.448704000195,298.9552960002584,True
397279,66.69972000008784,0.8348410001417506,145.16174999971554,0.45361000002230867,76.16023000036876,289.3101510003362,True
179285,68.0481320000581,0.7510020000154327,145.0489099997867,0.4683189999923343,79.13523400020495,293.4515970000575,True
511453,71.7757630000051,0.7097079997038236,144.88618699988365,0.44248400035939994,77.38342199991166,295.19756399986363,True
9400,68.55736700026682,0.7429180000144697,146.18167899971013,0.4671520000556484,85.1977940001234,301.14691000017046,True
171757,67.56564299985257,0.7269170000654412,147.59305200004746,0.46523599985448527,80.07987100017999,296.43071899999995,True
565853,64.1156490000867,0.6920820001141692,144.0715909998289,0.43581699992500944,77.0808180000131,286.3959569999679,True
89045,66.94918699986374,0.7381680002254143,146.05487299968445,1.6523049998795614,81.50828400039245,296.9028170000456,True
343149,74.62004999979399,0.8493410000482982,148.4852230000797,0.4689859997597523,79.17027300027257,303.5938729999543,True
218997,72.45309000018096,0.706832999640028,144.94101400032378,0.4629019999811135,79.62962999999945,298.19346900012533,True
377393,72.93665699990015,0.7520020003539685,144.28363899969554,1.8087299999933748,82.32153600010861,302.10256400005164,True
60507,66.30552200022066,0.7267510000019684,146.31967299965254,0.46256900031949044,83.58215099997324,297.3966660001679,True
548339,74.15977000027851,0.6844149997959903,144.67795300015496,0.46365199978026794,78.7037820000478,298.6895720000575,True
473869,66.73508499989111,0.7597110002279805,144.8395399997935,0.44177500012665405,82.98278000029313,295.75889100033237,True
74092,69.94643899997754,0.7535019999522774,144.6948230000089,0.46744400015086285,79.77746799997476,295.63967600006436,True
390902,64.79568099985045,0.7108740001058322,145.13459899990266,0.46981900004539057,75.36075300004086,286.4717259999452,True
513688,70.19528699993316,0.7253329999912239,146.4570440002717,1.808354999866424,80.22036500005925,299.40638400012176,True
414340,72.4814579998565,0.7314170002246101,144.15886899996622,0.45765200002279016,80.7633959998384,298.5927919999085,True
20553,65.75940099992295,0.7021240003268758,145.78692099985346,0.4515270002229954,77.25815100002364,289.9581240003499,True
465822,68.16841499994553,0.8410489999732818,145.0363760000073,0.4615689999809547,84.37139400029992,298.878803000207,True
530061,73.09124000039446,0.7676279997212987,144.8257760002889,0.46694399998159497,81.46793399964736,300.6195220000336,True
36660,68.52422500014654,0.7551690000582312,146.25765099981436,0.4579010001179995,80.40666499982763,296.40161099996476,True
285047,71.00890999981857,0.7381680002254143,144.27686899989567,0.466361000235338,81.15220599984241,297.6425140000174,True
215644,67.25302299992109,0.7180000002335873,146.00150499973097,0.4594010001710558,76.16358199993556,290.59551099999226,True
14007,69.31785100005072,0.7565849996353791,144.93673500010118,1.71247400021457,78.60038899980282,295.32403399980467,True
537672,70.93723700018018,0.7635449996996613,147.07285800022873,0.4616100000021106,79.73199599973668,298.96724599984736,True
76211,69.45560899976044,0.7272920001923922,146.3587279999956,0.4642769999918528,76.8189909999819,293.8248969999222,True
242411,71.55839500001093,0.7251250003719178,145.39179599978524,0.4565690001072653,84.56756399982623,302.6994490001016,True
376478,71.6972780001015,0.7050409999465046,145.73444100005872,0.4578600000968436,80.99269099966477,299.58731099986835,True
80413,71.13228699972751,0.8152969999173365,145.44746499996108,0.46190200009732507,79.98742100016898,297.84437199987224,True
218249,71.63685400018949,0.7563350000054925,145.82673199993224,0.45644300007552374,80.44878099963171,299.12514499983445,True
122166,75.13718199970754,0.7462510002369527,146.37622200007172,0.45627700001205085,85.63416399965718,308.35009599968544,True
543047,66.6543580000507,0.827422999918781,145.49658700025248,0.46110999983284273,79.81345200005308,293.2529300001079,True
66231,70.260855000015,0.7549609999841778,146.2044549998609,0.4415250000420201,87.50197800009119,305.1637739999933,True
122217,66.67243899983077,0.7502520002162782,144.63440600002286,0.44802599995819037,81.68922400000156,294.19434700002967,True
447169,74.3405499997607,0.7199579999905836,144.9652999999671,0.46961099997133715,84.67098000028273,305.16639899997244,True
129322,64.41555900028106,0.7193329997789988,146.34420800030057,0.5718669999623671,76.82723099969735,288.87819800002035,True
507473,63.7235160002092,0.7289589998435986,144.76486600005956,0.4523590000644617,76.33403599993471,286.00373600011153,True
565391,68.5396280000532,0.7604189995618071,145.5052420001266,0.4599009998855763,81.420289000107,296.6854789997342,True
229659,74.90570400022989,0.7214590000330645,146.42912799990881,0.46669299990753643,84.0836060001493,306.6065900002286,True
545958,66.49921500002165,0.7190410001385317,149.13565399956497,0.43619200005196035,76.06339200037837,292.8534940001555,True
524850,66.9202399999449,0.7174580000537389,147.45422299984057,0.46281799995995243,87.98812300028658,303.54286200008573,True
116479,76.37066000006598,0.6970399999772781,144.3792959998973,0.4498180001064611,79.71747800002049,301.6142920000675,True
457078,70.61932500027979,0.6979149998187495,147.3568360001991,0.46077699971647235,79.39033100001325,298.52518400002737,True
131386,69.16474100034975,0.741917999675934,144.4466680000005,0.4609440002241172,81.98272999970868,296.797000999959,True
469174,72.59418900002856,0.6984980000197538,144.33949600015694,0.44727499971486395,78.67824899994957,296.7577069998697,True
288882,71.82022799997867,0.7311249996746483,144.80901800016,0.4586929999277345,80.2250010001444,298.04406499988545,True
115946,68.9601010003571,0.7163329996728862,145.02523700002712,0.46319400007632794,78.73299799985034,293.8978629999838,True
436738,71.59154500004661,0.73691699981282,145.85691000002043,0.4639019998649019,82.72468700033642,301.3739610000812,True
226802,71.45949499999915,0.7462100002157968,145.08648999981233,0.45302599983187974,86.29730600023322,304.0425270000924,True
291664,82.80835499999739,0.7511260000683251,145.96536799990645,0.4695279999396007,80.8203230003528,310.81470000026457,True
340272,74.41028699986418,0.7305419999283913,145.56917900017652,0.5395309999585152,77.867569999853,299.1171089997806,True
397639,71.77734400011104,0.732375000097818,148.41850999982853,0.46052600009716116,80.21941400011201,301.60816900024656,True
566923,66.21472799997719,0.6738729998687631,145.61000799994872,0.4528180002125737,77.94544499984113,290.8968719998484,True
148508,69.24102799985121,0.7517520002693345,146.23158599988528,0.4604430000654247,84.30747900001734,300.9922880000886,True
404601,73.4653959998468,0.7415009999931499,144.6899550001035,0.45377700007520616,81.14425499979916,300.49488399981783,True
326627,67.4247980000473,0.7937539999147702,145.487495999987,0.4691939998338057,77.69297000004372,291.8682119998266,True
440508,71.82567400013795,0.7380419997389254,145.35386200032008,1.7584759998499067,79.56086900003356,299.2369230000804,True
396568,74.41740600006597,0.7282510000550246,145.72880000014266,0.46581899960074225,78.94912500023565,300.28940100010004,True
79408,67.46896499998911,0.743501000215474,144.3568879999475,0.44952600001124665,75.85560999996233,288.87449000012566,True
286507,70.31354200034912,0.7207079997897381,144.924164999793,1.766101000157505,79.05275300026915,296.7772690003585,True
23937,69.17335200023444,0.7145820000005187,147.15008499979376,0.46256800033006584,76.421185000072,293.9217720004308,True
261706,67.42350100012118,0.7082070001160901,145.11692599990056,0.46248499984358205,76.2152980000792,289.9264170000606,True
350054,64.92969000009907,0.7524600000579085,146.73997099998815,0.4374420000203827,82.54728299971248,295.406845999878,True
297085,68.42001399991204,0.7662940001864627,144.93161700011115,0.43514999970284407,80.88339599999017,295.43647099990267,True
570448,73.82953300020745,0.7227500000226428,145.92421599991212,0.46635999979116605,82.03562900007455,302.9784880000079,True
416104,65.24958199997855,0.7432090001202596,144.74085299980288,0.4602349999913713,83.86618899976384,295.0600679996569,True
287649,66.47060700015572,0.7001649996709602,144.92652800026917,0.45131699971534545,77.18843100019512,289.7370480000063,True
347254,66.91667500035692,0.889258999904996,145.4901429997335,0.4586100003507454,81.5671399996063,295.32182699995246,True
458255,73.99237199979325,0.7665860002816771,145.39092799986975,0.4496100000324077,81.89219799987768,302.49169399985476,True
29984,69.60107500026425,0.7240840000122262,144.8293069997817,0.4612349998751597,76.05065300003844,291.66635399997176,True
535608,68.2437469999968,0.7583360002172412,146.9654709999304,1.6557200001443562,80.06446699982916,297.68774100011797,True
389315,75.2238979998765,0.7206660002339049,146.23088799999095,0.46369299980142387,75.78951400000733,298.4286589999101,True
440507,67.75309500017102,0.7601259999319154,146.07479000005696,1.6550939999433467,79.42988600007084,295.6729910001741,True
178618,73.37816400013253,0.8199639996746555,145.38783300031355,0.46110899984341813,80.7471699999951,300.79423999995925,True
471450,68.74710700003561,0.7248749998325366,145.28778500016415,0.4658190000554896,75.91805899983228,291.14364499992007,True
555005,63.259542000196234,0.7185829999798443,145.49112899976535,0.45548400021289126,75.75871399967582,285.68345199983014,True
289702,68.84202600031131,0.7532929998887994,146.23883400008708,1.6586789997745655,82.32371500025693,299.8165470003187,True
501243,74.06720100016173,0.8297139997921477,145.29332100028114,0.4601929999807908,79.96978899973328,300.6202179999491,True
424642,71.78481900018596,0.7367089997387666,145.92044100027124,0.4599009998855763,80.14092299981712,299.04279299989867,True
331280,71.24582700043902,0.7526679996772145,144.67898900011278,0.4600679999384738,84.05572699984987,301.19327900001736,True
193181,70.38998699999865,0.7229990001178521,145.79805299990767,0.4517339998528769,78.37527700030478,295.73805000018183,True
398028,71.16082300035487,0.752167999962694,148.58766999986983,0.45936000014989986,81.90656299984767,302.86658400018496,True
236721,74.08032299963452,0.8965930001068045,147.08136900026147,0.5116129996167729,83.63286600024367,306.20276399986324,True
303566,68.52716899993538,0.740793000204576,142.90646399967954,0.4634430001715373,84.10635200016259,296.74422100015363,True
253695,70.85784400032935,0.8589649996793014,145.5514080003013,1.665219999722467,79.29124300017065,298.2246800002031,True
377588,73.9400200000091,0.7489179997719475,143.89560200015694,0.4622349997589481,81.25506000033056,300.3018350000275,True
346707,68.15443599998616,0.7547099999101192,146.17989599992143,0.5867830000170215,80.97850300009668,296.6543279999314,True
342397,71.6274260003047,0.741792999633617,144.59134600019752,0.4643180000130087,82.74056199979896,300.1654449999478,True
164885,66.94411700027558,0.7001650001257076,144.70343599987245,0.4612349998751597,78.5974069999611,291.40636000011,True
431545,67.88691800011293,0.7371249998868734,145.7979100000557,0.4501089997575036,80.7151500002874,295.5872120001004,True
516677,75.77949400001671,0.7086239997988741,145.183291000194,0.46769299979132484,83.50376799990045,305.64286999970136,True
387916,68.66742100010015,0.7160410000324191,146.0847170001216,0.44998399971518666,79.13797700030045,295.0561400002698,True
251537,70.9223829999246,0.7445840001309989,146.99534700002914,0.45006800019109505,76.24655899962818,295.358940999904,True
146831,70.10016699996413,0.7552100000793871,146.25972099975115,0.46090100022411207,80.45609100008733,298.0320900001061,True
20992,68.86942999972234,0.7576680000056513,146.61986700002672,0.4514840002229903,79.34886099974392,296.0473099997216,True
439426,72.07757100013623,0.7151659997362003,147.48441400024603,0.46198499967431417,76.20901200016306,296.94814799995584,True
414638,67.10028399993462,0.6872059998386248,144.978225000159,0.4631100000551669,78.05261700013943,291.28144200012684,True
459662,62.39784999979747,0.7140820002859982,145.27224199991906,0.4594430001816363,77.08006199982265,285.9236790000068,True
523033,65.87329800004227,0.7571679998363834,145.88619400001335,1.6705950001778547,81.9078790000276,296.09513400009746,True
214703,73.87837699980082,0.8297560002574755,145.1640209998004,0.45919300009700237,80.54583900002399,300.8771859999797,True
482735,67.94458000013037,0.7232070001919055,145.8849789996748,0.46394400033022976,75.49705099972925,290.51376100005655,True
140987,72.52100699997754,0.7228330000543792,145.86072700012664,0.46115199984342325,83.44533700028478,303.01105600028677,True
42528,70.9459589998005,0.6829970002399932,146.1487829997168,0.5708240000785736,80.3153229999225,298.66388599975835,True
353027,71.72895900021103,0.6967899998926441,147.3203040000044,0.4637349998120044,80.52950199999032,300.7392899999104,True
137106,69.62142300017149,0.8910500000638422,146.48704899991571,0.45102600006430293,77.24894000011773,294.6994880003331,True
47112,74.10255200011306,0.7477509998352616,147.30280399999174,0.4596090002451092,85.04054700006236,307.65326300024753,True
32081,67.03460500011715,0.7075819999045052,144.3998830000055,0.4507339999690885,76.30429900018498,288.89710300018123,True
177065,77.59541499990519,0.7450839998455194,144.906328000161,0.45744299995931215,82.88283999991108,306.5871099997821,True
516916,68.11350099997071,0.8445059997939097,145.72874900022725,0.4629430000022694,80.66034000012223,295.8100390001164,True
151629,70.12594599973454,0.7578350000585488,145.67019800006165,0.44260899994696956,81.5811800002848,298.5777680000865,True
453341,75.0771849998273,0.9169270001621044,144.44025399961902,0.44948400000066613,83.26419200011514,304.1480419997242,True
171740,74.55194700014545,0.724748999800795,145.66774000013538,0.46519299985448015,82.71332799995434,304.12295699989045,True
296231,71.56661099998018,0.738625000394677,146.13576199963063,0.46665200034112786,82.22262899971611,301.1302790000627,True
374545,73.00652200001423,0.7305000003725581,146.66304099955596,0.44365000030666124,78.22890199986432,299.07261500011373,True
511647,68.0525329999,0.7420840001941542,146.89834499995413,1.6769290000411274,81.8583589998525,299.2282499999419,True
263679,70.34962200032169,0.8866749999469903,145.6561079999119,0.4639429998860578,80.99322299995038,298.349571000017,True
224664,67.5499599997238,0.8023370000955765,148.27745899992806,0.46452700007648673,77.85433599974567,294.9486189995696,True
414673,69.24251500004175,0.7516670002587489,144.3430700001045,0.45906699961051345,88.84446100000787,303.64078000002337,True
39405,71.26737900034641,0.7665019998057687,146.05533299982199,0.4563170000437822,86.10926400024255,304.6547950002605,True
32610,72.1870949996628,0.7530850002694933,146.44668199980515,0.46440200003416976,79.7874419999971,299.6387059997687,True
433103,73.27315599968642,0.7568350001747604,145.8144389998779,0.42806600004041684,82.11649099985152,302.388986999631,True
529528,68.0895289997352,0.7450839998455194,146.32355000003372,0.4646100001082232,81.85039299996788,297.47316599969054,True
376264,68.95661999988079,0.74354200023663,144.5404029996098,0.4369840003164427,77.3715519999314,292.04910099997505,True
101884,69.72378500040577,0.7269999996424303,147.0313760000863,0.4673190001085459,81.03425999979663,298.9837400000397,True
370900,73.5277510002561,0.7144989999687823,146.20191299991347,0.45931800013931934,80.14095899989115,301.04444000016883,True
528705,65.21652999981598,0.6881230001454242,145.28186000006826,0.4552340001282573,76.65500899975086,288.2967559999088,True
50844,64.84946599994146,0.7910859999356035,145.47224099987943,0.46335900015037623,76.17893999986336,287.75509199977023,True
174018,64.25009800022963,0.8865499999046733,144.7393660000671,1.6751779999140126,80.19837600022584,291.74956800034124,True
9590,72.25455099978717,0.8610900003986899,145.8168439999099,0.4607339997164672,86.01616400028433,305.40938300009657,True
18380,70.81188400024985,0.7108319996405044,146.6810950000763,0.45223400002214476,87.22947900014333,305.88552400013214,True
16249,66.78673899978094,0.8872580001479946,146.72647299994424,0.45915100008642185,82.03585199998997,296.89547299994956,True
281032,72.28142499980095,0.7506260003538046,145.624325999961,0.45335899994825013,81.8325069999446,300.9422430000086,True
199771,68.92377600024702,0.7262499998432759,145.15067100001033,0.46165100002326653,79.24306499990053,294.5054130000244,True
294350,69.43859499961036,0.7360829999925045,144.53580100007457,1.7326810002487036,81.16317399981199,297.6063339997381,True
293390,75.64006999973572,0.7258330001604918,146.29102500020963,0.46194299966373364,80.40154700029234,303.5204180000619,True
414510,70.94767999979013,0.7379160001619312,146.34731999967698,0.46665100035170326,79.4280729996899,297.92763999967065,True
416745,65.4795339996781,0.8233379999182944,144.61146600024222,0.44339999976727995,76.64154000030976,287.99927799991565,True
197796,69.9158269999316,0.7517510002799099,145.0026950001302,1.8060610000247834,81.17629699972895,298.6526310000954,True
136033,73.14321800004109,0.8325470003001101,145.7462379999015,0.5373629996938689,81.05949900027554,301.3188650002121,True
55002,69.62384999997084,0.7370000002993038,146.33922399980293,0.4594430001816363,79.9308480000036,297.0903650002583,True
454978,74.73551300017789,0.7462500002475281,145.32183299979806,0.46048500007600524,80.82869000008941,302.0927710003889,True
389804,66.86815200009733,0.701622999713436,145.8162359999733,0.4495670000324026,77.30632500033607,291.1419030001525,True
371529,74.04547400028605,0.7521249999626889,146.37738999999783,0.4599009998855763,80.78139200006262,302.41628200019477,True
555012,69.74014500019621,0.7337490001191327,145.0435199999447,0.4683180000029097,81.0620749998634,297.04780700012634,True
423971,66.63238499959334,0.7319580004150339,146.18412599975272,0.4581090001920529,76.73178899995037,290.7383669999035,True
35770,69.57388499995432,0.7330829998863919,145.2704490002361,1.7654749999564956,79.02454099985334,296.36743299988666,True
266400,72.83052399998269,0.7363330000771384,146.41088300004412,0.4633180001292203,82.45210799987035,302.8931660001035,True
38070,67.78503200030173,0.8985089998532203,144.66882599981545,0.4571090003082645,79.36135099998864,293.1708270002673,True
427338,72.75052000022697,0.7378749996860279,146.37338000011368,0.4617350000444276,81.31250199994611,301.6360120000172,True
102411,67.05590599995048,0.7371670003522013,145.03250699999626,0.5165289999240485,77.56903900008183,290.9111480003048,True
321557,68.47840099999303,0.8467980001114483,143.70876600014526,0.4678179998336418,74.54224299999623,288.0440260000796,True
270066,64.7274819998529,0.731458000245766,145.1045939998039,0.4391500001474924,74.85167699996964,285.8543610000197,True
524108,69.10651999987749,0.7341250002355082,145.8709280000221,0.4649429997698462,81.17169600018315,297.3482120000881,True
499622,71.63520099993548,0.7836280001356499,145.52198699993824,0.4365659997347393,82.02537000033772,300.4027520000818,True
342367,65.49814699974377,0.6852890001027845,146.2106090002635,0.4396079998514324,77.20597299976362,290.0396259997251,True
338325,67.29616500024349,0.7410839998556185,146.07456000021557,0.46056699966356973,80.09709500038298,294.6694710003612,True
456865,70.53267799983587,0.7247909998113755,144.82844200028921,0.4541499997685605,79.31417200006763,295.85423299977265,True
254814,68.32451200034484,0.7043309997243341,145.86050100024295,0.46265099990705494,88.36013900008766,303.71213400030683,True
306893,64.45725300000049,1.2074430001121073,143.878721999954,1.7143879999821365,84.23369899992394,295.4915049999727,True
359781,78.89843999964796,0.7263740003509156,145.50280899993595,0.4625669998858939,80.62666000023455,306.2168500000553,True
152870,70.63355599984789,0.7253320000017993,143.79987900019842,0.46535899991795304,75.84918300017307,291.4733090001391,True
55167,70.21182399967074,0.75108300006832,145.213084000261,0.45498299959945143,84.9406940001245,301.571667999724,True
284762,66.67270799971448,0.7437919998665166,145.55051800016372,0.4573179999169952,80.06929100019988,293.4936269998616,True
162130,74.18725200022891,0.724873999843112,144.9305619998995,0.461609000012686,77.9849240002477,298.2892210002319,True
377575,73.77931300015916,0.8661319998282124,146.31718100008584,0.46540099992853357,79.63330900020082,301.0613360002026,True
5037,73.50725500009503,0.7082900001478265,144.83509799993044,0.4598589998749958,82.66022899988457,302.17073099993286,True
147223,68.19628800030841,0.6978309997975884,147.29735499986418,0.4582340002343699,76.5615909999724,293.21129900017695,True
269632,70.51012700003412,0.7293740000022808,145.58584199994584,0.46281799995995243,81.48907600025268,298.7772370001949,True
333402,72.81358899990664,0.736582999707025,146.5252280004279,0.575782999931107,80.35309499973664,301.0042779997093,True
497867,67.98244299989165,0.7058730002427183,144.22105299991017,0.46306800004458637,76.75409900002705,290.1265360001162,True
133819,72.79233500003102,0.7515839997722651,145.6040880002547,1.8016419999185018,83.71449000014763,304.6641390001241,True
395388,75.63641099977758,0.7347079999817652,146.47384499994587,0.4631090000657423,81.20864100010294,304.5167139998739,True
2006,69.55019499991977,0.7235819998641091,144.46819000022515,0.46694299999217037,76.97065000002112,292.1795600000223,True
55299,70.0595529997372,0.7451250003214227,145.5671219996475,0.44002399999953923,81.24109800019141,298.0529219998971,True
118405,73.65429699984816,0.7676680002077774,146.7749799999183,0.4558179998639389,77.83690599990223,299.4896689997404,True
482978,71.18374199990285,0.7497510000575858,144.8910409999371,0.5284050002956064,80.88924399999087,298.242183000184,True
200162,66.21862800011513,0.7722099999227794,146.5021680000973,0.4601919999913662,77.66739399994549,291.62059200007207,True
135902,65.40270599998621,0.8325470003001101,145.791127999928,0.4513590001806733,76.04763599965736,288.52537600005235,True
155443,69.74740799978463,0.7456250000359432,146.4967090000755,0.4668599999604339,80.51813700012644,297.97473899998295,True
572555,74.99774400002934,0.7302909998543328,145.99821899992094,0.4496090000429831,80.49738199997591,302.6732449998235,True
60090,73.6789590000626,0.7237899999381625,146.05151200021282,0.4608589997587842,78.81049700017684,299.7256170001492,True
95899,73.8185089999206,0.7448329997714609,146.6999650001526,0.4658170000766404,78.06178800001362,299.7909119999349,True
177383,69.57647999979599,0.7337910001297132,145.9274630001346,0.461609000012686,76.42340199981845,293.12274499989144,True
220732,69.30283700012296,0.9014249999381718,145.51614299989524,1.6658839999763586,81.79149400029928,299.177783000232,True
574810,70.36097899981542,0.7503340002585901,147.16385899964735,0.4615679999915301,80.01556099998197,298.75230099969485,True
178744,67.73320699994656,0.7117059999472986,145.0116139999409,0.4517759998634574,78.65010900013658,292.5584119998348,True
206025,72.1636209996177,0.7326660002036078,145.4549660002158,0.46581799961131765,80.21248500017464,299.02955599982306,True
502168,74.34469800000443,0.7492919999094738,146.00558099982663,0.45410900020215195,82.87530100005824,304.42898100000093,True
60052,70.97813500013217,0.7417920000989398,146.4481469997736,0.4641509999601112,78.5456419998809,297.1778669998457,True
94852,79.46602599986363,0.7266659999913827,146.01778699989154,0.46548399996027,80.47653900030127,307.1525020000081,True
442306,79.91246499977933,0.7518759998674795,144.76321400024972,0.45302499984245514,81.43325900027776,307.31383900001674,True
145781,68.22906199977297,0.7667929999115586,144.7268370002348,0.4623589998118405,80.73176100015189,294.91681199988307,True
233033,70.59077699977934,0.7174160000431584,145.3630390001308,0.4649009997592657,77.31698399993547,294.45311699964805,True
295478,69.28061899998283,0.7357079998655536,145.24552600005336,0.45148399976824294,75.74506300034045,291.45840000001044,True
115245,66.9318199998088,0.7510000000365835,146.33404599999267,0.4690259997914836,77.46249199999511,291.94838399962464,True
286458,61.89658099992812,0.747749999845837,145.87872900028742,0.46540099992853357,82.69219999965571,291.6806609996456,True
511384,68.42382000013458,0.7138729997677729,145.14347400017868,0.4418580001583905,76.27350599977945,290.9965310000189,True
532071,70.6448169999021,0.7291660003829747,144.85491599998568,1.7601810000087426,81.5306739996231,299.5197539999026,True
54123,75.38795600021331,0.7786689998283691,145.56808099996488,0.46252499987531337,80.06867600033729,302.26590700021916,True
299609,66.64996900008191,0.6920390001141641,144.54810500001258,0.4653179998967971,75.47037399990586,287.8258050000113,True
80659,72.40895399991132,0.830296999993152,145.36872999997286,0.4436499998519139,82.5168510000367,301.56848199976594,True
303653,68.96230299980743,0.7562920000054874,146.42258100002437,0.45019199978924007,80.68229000036808,297.2736579999946,True
451144,73.77936400007457,0.7182899998952053,145.07854700013922,0.46623500020359643,82.38204999997834,302.4244860002909,True
386210,66.05659799970454,0.6894960001773143,145.60028000005332,0.4608999997799401,76.62656100001186,289.43383499972697,True
85682,64.42538099963713,0.7311660001505516,144.4815079998989,0.45123400013835635,78.53875099999641,288.62803999982134,True
465806,70.21316200007277,0.7501670002056926,144.84173699975145,0.4607340001712146,82.36383899975408,298.6296389999552,True
166426,72.66759099957198,0.708039000073768,145.14095699996687,0.46727600010854076,77.95850799993786,296.94237099965903,True
13004,67.9690759998266,0.8330050000040501,145.65111000001707,0.4364410001471697,79.84148700006699,294.7311190000619,True
216277,69.1554330001054,0.7971700001689896,144.46179299966388,0.4372749999674852,79.011857000296,293.86352800020177,True
343453,71.1712549996264,0.6815800002186734,144.96023699985017,0.465818000066065,79.73943600018174,297.01832599994304,True
149375,65.9931720001623,0.707998000052612,145.96149599992714,0.4627759999493719,78.11934599976667,291.2447879998581,True
397681,74.54910599972209,0.7524170000579034,144.80772400020214,0.45102500007487833,94.97482599999785,315.53509800005486,True
304984,68.21817099989858,0.7605000000694417,146.22809499996947,0.5960749999758264,82.38900000014837,298.1918410000617,True
7991,71.76694899999347,0.7599169998684374,146.01399399998627,0.4506499999479274,81.1522200001491,300.1437299999452,True
196009,67.90027499982898,0.7679590003135672,145.15361299982033,0.46185900009731995,80.9199569998782,295.2036629999384,True
157390,68.99466899994877,0.7327080002141884,145.01702100005787,0.45264999971550424,81.54020100027992,296.73724900021625,True
165831,72.00587899978927,0.8918409998841526,147.43560900024022,0.5454060001284233,84.95709499993609,305.83582999997816,True
438226,69.16371800025445,0.73262399973828,146.16582999997263,0.44664899996860186,81.68916400018134,298.1979850001153,True
561465,70.1599389999501,0.8296720002363145,145.44403899981262,0.45206699996924726,77.68281600010596,294.56853300007424,True
393014,66.14755099963077,0.6756200000381796,145.66051000019797,0.46252499987531337,75.63278299994636,288.5789889996886,True
46463,66.34443399980228,0.7553340001322795,145.31977600017854,1.6783439996288507,79.00722000022142,293.10510799996337,True
119677,73.96848200005479,0.7222899998851062,146.20228400008273,0.571489999856567,80.95816200011541,302.4227079999946,True
313034,69.16384100031792,0.7180389998211467,146.6610600000422,0.46706800003448734,77.45600899988858,294.46601700010433,True
255747,62.98270400020556,0.7499579996874672,145.11909300017578,0.45865099991715397,78.14654399999199,287.45694999997795,True
561223,69.68565799979842,0.7563330000266433,145.5339079998339,1.6843850003169791,80.9258240001327,298.58610800010865,True
563758,72.78707999967082,0.7481659999939438,146.8762740000784,0.461818000076164,79.97835400010445,300.8516919999238,True
206579,68.94665799973154,0.7214150000436348,146.52241900012086,0.46419199998126714,74.81231500014474,291.46699900002204,True
451155,62.2051579998697,0.82825400022557,145.3175149999879,0.45898400003352435,75.801202999628,284.6111139997447,True
150417,70.51036800021393,0.7489159997930983,145.1095880001958,1.846559999648889,84.32013400033611,302.5355660001878,True
263644,76.8115509999916,0.7330399998863868,145.3708099998039,0.4644850000659062,79.98730700001033,303.3671929997581,True
88970,69.36146800035203,0.9079259998543421,145.55793899990022,0.45819200022378936,79.78825499958475,296.07377999991513,True
98853,75.33692400011205,0.7494999999835272,144.7882719999143,0.46323400010805926,83.92794200017306,305.265872000291,True
31217,68.40624799997386,0.7012050000412273,146.35140099971977,0.4501910002545628,75.54318599977705,291.45223099976647,True
194724,71.06831200007946,0.7498330000998976,146.43002399998295,0.4593169996951474,83.90285400037101,302.61034000022846,True
19402,73.49523600032626,0.7467079999514681,146.0060419999536,0.48627699970893445,81.45142700004726,302.1856899999875,True
109313,68.48691699997289,0.7309570000870735,145.1375779997761,0.4668589999710093,77.9172299999118,292.7395409997189,True
539883,70.34272800001418,0.8626720000393107,147.6113369999439,1.6945110000960995,81.07211000015013,301.5833580002436,True
233825,71.7539699999179,0.8359210000890016,145.5794710000191,0.4610259998116817,83.33631899995453,301.9667069997922,True
31248,64.22838700018474,0.700621999840223,145.3886690001127,0.45035799985271296,79.19171499997901,289.9597509999694,True
236426,68.39874299976145,0.7347910000135016,144.9360190003972,0.46060899967415025,84.26028500025495,298.79044700010127,True
577959,70.25859299983495,0.746166000226367,145.03968600001826,0.46790099986537825,81.17523800001436,297.6875839999593,True
140840,68.60771000037857,0.7283729996743205,144.90505399999165,0.45744199996988755,80.77725800012558,295.47583700014,True
86956,73.11091700012184,0.7590840000375465,145.82464499972048,0.4652340003303834,81.70739299976049,301.86727299997074,True
356094,66.60930699990786,0.6934130001354788,145.58425199993508,0.43310799992468674,76.39030400014235,289.71038400004545,True
374982,68.82101099972715,0.8152949999384873,146.73189900031502,1.8061000000670901,82.34334099961416,300.5176459996619,True
161861,68.6492510003518,0.6929139999556355,144.95342500003972,0.46115099985399866,79.97820999980831,294.73495100000946,True
276921,67.89075100004993,0.7565420000901213,148.16289300006247,0.4538999996839266,75.3225750004276,292.58666100031405,True
121497,70.92179100027352,0.7898349999777565,145.92176499991183,0.45994199990673224,82.32171200006633,300.41504500013616,True
355169,76.27766999985397,0.7449160002579447,144.75907599990023,0.45306699985303567,81.51091699983226,303.74564599969744,True
73118,74.91226100000858,0.7344160003412981,145.21730899969043,0.4658170000766404,79.34908900006121,300.67889200017817,True
424349,71.3780629998837,0.7422079997922992,144.32821300033538,0.4529839998212992,82.39396199996918,299.29542999980185,True
159791,70.55676800018773,0.7464159998562536,144.93641400031265,0.46481699973810464,79.43513300006089,296.1395480001556,True
189213,68.88625900000989,0.7224149999274232,145.14305000011518,0.4482330000428192,76.76927700003944,291.96923400013475,True
282298,74.65407700010473,0.7206229997791525,146.3877380001577,0.46077599972704775,84.75575600004959,306.9789699998182,True
31118,69.01434700012032,0.7169139998950413,144.92069900006754,0.4532749999270891,79.02602400008618,294.1312590000962,True
318114,65.24476399999912,0.758334000238392,145.09166599964374,0.6374940003297525,80.75024299978395,292.48250099999495,True
157756,74.09325200023886,0.8631309997326753,144.33295600019846,0.45244200009619817,85.96277799961172,305.7045589998779,True
557884,69.1986460001317,0.7187060000433121,145.4635979998784,0.4677759998230613,75.69400400006998,291.54272999994646,True
314264,65.26509600007557,0.7057469997562293,146.24322500003473,0.4529000002548855,76.3194129999647,288.9863810000861,True
161008,64.1654109999763,0.6909960002303706,145.70373599963204,0.4626920003829582,74.68103199971665,285.7038669999383,True
569976,63.6475880000944,0.7066220000524481,145.99678799959293,0.45356700002230355,76.1214829999517,286.9260479997138,True
331569,66.98939599982623,0.8985919998849567,145.360045000416,0.46752499974900275,81.7142910000257,295.4298489999019,True
243626,66.61083400013013,0.7417490000989346,147.17035299963754,0.445566000053077,78.91638699993564,293.8848889998553,True
368752,73.05810600018958,0.810170000022481,146.36659699999655,0.4972350002390158,80.05223799955274,300.78434600000037,True
333745,67.15052800018384,0.6792869999117102,145.9021529999518,0.452983000286622,75.82671399995888,290.01166500029285,True
370208,67.934029999833,0.7309570000870735,146.56235600023138,0.46314999963215087,79.45791400015878,295.1484069999424,True
55022,74.72648700013451,0.7144139999581967,148.07381399987207,0.44127399996796157,81.27738600023804,305.2333750001708,True
557172,68.12353700024687,0.6912879998708377,145.05018399995606,0.43935799976679846,75.8102930003588,290.11466000019936,True
85576,61.57226100003754,0.7317899999179645,145.28419700036466,0.46152499999152496,75.5064019999736,283.5561750002853,True
192047,66.69466699986515,0.7573749999210122,145.3899520001869,0.5196540000724781,80.6214739995994,293.98312199964494,True
466156,68.85095200004798,0.7426239999404061,144.820749000246,0.4357319999144238,81.2300470001901,296.0801040003389,True
111086,65.06736599976648,0.7165400002122624,146.02498100020966,0.4356079998615314,77.84023500016701,290.08473000021695,True
564023,67.23706900038451,0.9313009995821631,145.7903030000125,0.4649830002563249,80.92115499994179,295.3448110001773,True
69213,71.83052999971551,0.7004130002314923,145.80059299987624,0.44181600014781,81.49368299973503,300.2670349997061,True
292456,66.30364100010411,0.8278789996438718,145.3606480004055,0.44860799971502274,78.18754300024011,291.1283190001086,True
453634,70.69221499978084,0.7229150000966911,147.4667219999901,0.46452500009763753,80.08839800004353,299.4347750000088,True
155154,69.80899899963333,0.7768760001454211,145.7887970000229,0.43973199990432477,79.81346599990502,296.627869999611,True
13177,68.87740499996653,0.7524990001002152,145.5701129998488,0.43598199999905773,77.64405199986868,293.28005099978327,True
37751,73.49740700010443,0.747540999782359,146.1390190002021,0.46281699997052783,81.28270999986853,302.12949399992794,True
531134,73.20768399995359,0.7021209999038547,146.25648400033242,0.5211529996813624,83.06118300015441,303.74862500002564,True
502347,64.29152799955773,0.6997469999987516,145.68149000024277,0.5169870000827359,74.88427199996295,286.07402399984494,True
159977,72.56968699994104,0.8474640003441891,146.53265899960388,0.4601919999913662,79.9890950002009,300.3990970000814,True
88951,72.1079129998543,0.7337900001402886,145.31963499985068,0.45219100002213963,80.20281400013118,298.8163429999986,True
429109,71.08252199986964,0.7134980000955693,145.65944400010267,0.46173399960025563,78.03069200008395,295.9478899997521,True
320425,66.12024800006111,0.70437199974549,145.85915900033797,0.4636089997802628,76.96484200005216,290.112229999977,True
471567,62.925906000145915,0.7146640000428306,146.12988199996835,0.4590670000652608,75.37854700012758,285.60806600034994,True
235057,70.89280099989992,0.7568330001959112,145.10799299978316,1.6923430002862005,80.37486199964405,298.82483199980925,True
150726,72.30866899999455,0.7517490003010607,145.30045599985897,0.46081699974820367,80.26056200014864,299.0822530000514,True
334371,67.23159800003486,0.7262899998750072,145.55434500016418,0.4499420001593535,78.40116799980024,292.36334300003364,True
271457,67.58578400012993,0.7539159996667877,144.95056200030376,0.4606499996953062,79.95358700009092,293.7044989998867,True
8899,74.53070600013234,0.7041220001156034,146.1505419997593,0.4629009999916889,74.35827700010122,296.20654800010016,True
212895,64.11421599977984,0.6854130001556769,145.51896300008593,0.4579409996949835,74.91830800017851,285.69484099989495,True
285894,65.2154019999216,0.8925490001274738,146.14032999998017,0.46264999991763034,82.06240700019407,294.77333800014094,True
54967,67.37022800007253,0.7658330000595015,144.7706300000391,0.4622339997695235,83.79387600007249,297.16280100001313,True
128372,67.99288499996692,0.7256650001181697,145.24723400018047,0.4605249996529892,78.80585100019744,293.232160000116,True
301981,70.79162099989844,0.7562079999843263,146.28020700001798,0.4607750001923705,79.61389499996585,297.90270600005897,True
404534,73.51389499990546,0.7996680001269851,145.79838999998174,0.45148299977881834,79.26633400029459,299.8297700000876,True
79565,63.912120000168215,0.7279149999703804,145.90726500000528,0.4663169997911609,74.88871699979427,285.9023339997293,True
374551,65.0830979998318,0.754582999888953,145.26102100035132,0.46215099973778706,78.86101700023573,290.4218700000456,True
499181,70.01503399987996,0.7295810000869096,145.44015599994964,0.4566920001707331,77.56836399994427,294.2098270000315,True
93154,73.7576970000191,0.8339209998666774,145.4096950001258,1.6692159997546696,83.0688280002505,304.73935700001675,True
100489,74.78720900007829,0.7550830000582209,146.5563779997865,0.4629840000234253,81.31019000029482,303.87184400024125,True
447789,70.34213299994008,0.7225389999803156,144.4030110001222,0.5206949999774224,76.26195600005303,292.25033400007305,True
14226,63.97736899998563,0.7649579997632827,143.8083530001677,0.45823399977962254,77.39672600018821,286.40563999988444,True
475223,70.3585070000372,0.7568749997517443,144.4563410000228,1.7651799998930073,81.10813400026018,298.44503699996494,True
149622,76.73268700000335,0.8816319996185484,145.3905170001235,0.46052500010773656,79.16227799978515,302.6276389996383,True
180188,67.8191599999991,0.7164140001805208,144.6908119996806,0.46319200009747874,75.32448500023747,289.01406300019516,True
440617,66.06998100005512,0.7158299999900919,145.10287499979313,0.4563160000543576,75.0190910002857,287.3640930001784,True
376625,67.0329889999266,0.7519159998992109,144.98149000019112,1.7414699996152194,83.19503600023381,297.70290099986596,True
15440,72.21968800013201,0.7354149997809145,144.96319699992455,0.46035900004426367,79.32245100028013,297.70111000016186,True
433134,69.29803000002721,0.7210809999378398,148.8695760003793,0.46615099972768803,75.84704999999303,295.2018880000651,True
478393,69.65900500017597,0.7130799999686133,144.96027499990305,0.4586909999488853,76.27719900028751,292.068250000284,True
387383,66.64479800019762,0.7560409999314288,145.27337599975,1.6714660000616277,80.39367200035485,294.7393530002955,True
205289,71.89287699975466,0.7367900002464012,145.8831579998332,0.45831700026610633,80.09348899986435,299.0646309999647,True
522393,73.12294199982716,0.7815429999027401,145.52738300017154,0.4651089998333191,76.4334539999254,296.33043099966017,True
80274,68.74428499986607,0.8277120000457217,145.52292500002295,0.457399999959307,74.99216700034594,290.54448900024,True
520832,68.03041300008772,0.7536240000263206,145.0787759999912,1.7525960001876228,80.5431779999708,296.15858700026365,True
250137,68.96646400036843,0.931218000005174,145.19019699991986,0.45860799991714885,81.47430899998653,297.02079600019715,True
82821,71.8462439999712,0.7302060002984945,144.94880499978535,0.44835800008513615,80.36245699986466,298.33607000000484,True
248284,73.3503669998754,0.7272060001923819,144.36827299959987,0.46440100004474516,82.1646790000159,301.0749259997283,True
158945,77.39408699990236,0.7274570002664404,145.12968899998668,0.4365659997347393,81.8297440000606,305.5175429999508,True
210789,71.25637599983747,0.8604630002082558,146.11727999999857,0.44127399996796157,79.12388699969597,297.79927999970823,True
230993,75.07279100036612,0.7408739998027158,145.10918299993136,0.5134860002726782,80.0843970000642,301.5207310004371,True
121417,75.19675699995787,0.7472490001418919,146.1573229998976,0.46727600010854076,82.23122200024591,304.7998270003518,True
341469,70.32419899996967,0.7301639998331666,148.0198780000137,0.4568590002236306,78.09874399981709,297.62984399985726,True
206831,70.94931399979032,0.7273730002452794,145.57645400009278,1.9484389999888663,80.58112899971093,299.7827089998282,True
453981,74.34649900005752,0.8285869998871931,146.6115510002055,0.461274999906891,79.9513450001541,302.1992570002112,True
519611,69.89500700001372,0.7113719998415036,146.18273399992177,0.4661920002035913,76.1193009998351,293.3746059998157,True
235064,69.26709499975914,0.7409150002786191,145.22263699973337,0.4607760001817951,76.35431299968332,292.04573599963624,True
308476,70.4404089997297,0.7477909998669929,141.07766200004335,1.7254690001209383,79.29122299992741,293.2825539996884,True
305695,70.11335000015606,0.7586659999105905,144.37609100014015,0.461609000012686,82.3197199997594,298.0294359999789,True
185409,71.3915830001497,0.7457490000888356,144.95220099979633,0.4523580000750371,76.174426000307,293.7163170004169,True
104455,74.80947699968965,0.8310870002787851,145.54385800011005,0.45894100003351923,79.25380199958454,300.89716499969654,True
401244,72.69848699979775,0.7734589999017771,147.81568900025377,0.5225279996921017,79.6707829999832,301.4809459996286,True
331075,71.86110900011045,0.7330809999075427,144.76547699996445,0.44356599983075284,76.24171900033616,294.04495200014935,True
355905,68.50746600002822,0.8912150001378905,146.96655399984593,1.7571370003679476,81.18044499997268,299.30281700035266,True
328337,71.73218200023257,0.7413739999719837,144.93152799968811,0.5554880003728613,79.37822199983202,297.33879400009755,True
377497,70.47928100018908,0.75108300006832,144.82268699975975,0.4651920003198029,79.32196599995223,295.8402090002892,True
7281,72.19037099957859,0.7505410003432189,144.8177659999601,0.46285899998110835,83.40752000003704,301.62905699990006,True
50380,67.82796800007418,0.7369569998445513,145.82057000006898,0.4509410000537173,76.03253799970844,290.86897399974987,True
439180,67.00334000015573,0.755749999825639,144.36915800024508,0.4604000000654196,85.48663299961845,298.0752809999103,True
513181,71.55604299987317,0.8654630000819452,145.40629299972352,0.45277400022314396,81.57045999996626,299.85103299986804,True
371472,72.30741700004728,0.7430400000885129,146.30680000027496,0.4635669997696823,75.1201520001814,294.94097600036184,True
280891,70.93484200004241,0.7352900001933449,145.84548299990274,0.46502499981215806,83.44281200015757,301.4234520001082,True
54628,70.22367900026438,0.7061209998937557,145.8406870001454,0.4386489999887999,80.43506200010597,297.6441980003983,True
157928,69.59043300003032,0.7056220001686597,147.97513499979686,0.4360650000307942,78.14681299987569,296.8540679999023,True
203095,70.55102699996496,0.7372899999609217,144.61303600000974,0.4587329999594658,81.31219300003067,297.67227899992577,True
17182,71.45432600009372,0.7339149997278582,144.85313200020755,0.4515659998105548,79.01673200012738,296.50967099996706,True
150649,64.80579700019007,0.7092460000421852,145.67167199993492,0.4629830000340007,79.29804000013974,290.9477380003409,True
562059,71.0781779998797,0.7535409999945841,144.77558199996565,1.8463080000401533,79.57776300008845,298.03137199996854,True
407524,72.06694000024072,0.7637909998265968,144.52723500016873,0.46169100005499786,80.45439399984389,298.27405100013493,True
306437,67.45477200001915,0.8002509998732421,147.97183200016661,0.4551079996417684,75.85422600004676,292.53618899974754,True
116206,70.97896200002651,0.9035910002239689,145.06438299986257,0.4598999998961517,79.4255850000809,296.8324210000901,True
393838,72.44958299997961,0.769791000038822,146.2336139998115,0.46490000022458844,84.90567299986651,304.823560999921,True
229553,69.87940199996956,0.704287999724329,144.5875210001759,0.49523500001669163,75.46632699995826,291.13277299984475,True
171382,70.7829490002041,0.757791000069119,145.60911499984286,1.704051000160689,88.28539399974034,307.1393000000171,True
94614,70.17112399989855,0.7429980000779324,144.1682889999356,0.46077399974819855,80.41747000015675,295.96065499981705,True
172649,65.89605899989692,0.7382490002783015,145.8572959995763,0.4666910003834346,75.75854900005652,288.7168440001915,True
252507,69.18723500029955,0.7172470000114117,144.71697899989522,0.43735700000979705,80.33596199993553,295.3947800001515,True
326128,71.2130110000544,0.7544159998360556,145.90466800018476,0.43619000007311115,78.57136699976763,296.87965199991595,True
214539,72.93006200006857,0.7482900000468362,146.08559499993135,0.46169100005499786,81.91888100009237,302.1445190001941,True
51314,70.40250699992612,0.7587499999317515,145.3738010000052,0.467900000330701,79.43328500005009,296.43624300024385,True
556873,69.27190299984431,0.7553330001428549,148.07348800013642,0.44294100007391535,80.22057699963625,298.76424199983376,True
417911,68.84804799983613,0.7394980002572993,144.9031920001289,0.45264999971550424,76.39024600030098,291.3336340002388,True
81988,66.84710699983043,0.7262469998750021,145.72581800030093,0.46440000005532056,81.99842099975285,295.76199299981454,True
554266,67.27991800016753,0.7254560000546917,144.9004370001603,0.46585899963247357,78.49373099998047,291.8654009999955,True
8629,76.11802000019452,0.750874000004842,144.66092399970876,0.46102500027700444,80.94878099973357,302.9396239999187,True
161925,73.30957700014551,0.7307890000447514,146.4177269999709,0.4649009997592657,80.62897000036173,301.55196400028217,True
64898,67.78702700012218,0.7141639998735627,145.49946400029512,0.44302299966147984,75.8108350000839,290.25451300003624,True
547854,68.0942099997992,0.6646189999628405,144.693628999903,0.44756600027540117,75.49715100003596,289.3971749999764,True
33005,67.84648900020329,0.8102940000753733,145.3298299998096,0.4644410000764765,81.33742400013944,295.78847800030417,True
388215,73.14423300022099,0.7420819997605577,144.83658900007867,0.4540250001809909,81.3344620000862,300.5113910003274,True
111609,67.54776199977641,0.6881620001877309,147.9938430002221,0.4677749998336367,76.50870299994494,293.20624499996484,True
64718,66.0975169998892,0.7375810000667116,144.13063499978307,0.4464410003492958,77.15290399983132,288.5650779999196,True
546325,64.85286699989956,0.6976209997446858,146.21620500020072,0.4629000000022643,75.68444700018517,287.9140400000324,True
82688,64.27654200024335,0.7567079996988468,145.38053000023865,1.6849240000738064,78.91553799981921,291.01424200007386,True
367569,73.04738799984989,0.7482900000468362,145.12218399977428,0.468483000076958,81.49784400029603,300.884189000044,True
209753,66.66987899961896,0.7373729999926582,144.9378400002388,0.453315999948245,75.53335600005084,288.3317639998495,True
531135,68.04045100034273,0.7296229996427428,145.94663900015803,1.652505000038218,82.91462499983027,299.283843000012,True
447187,72.58727799990083,0.9002150000014808,146.4284979997501,0.4638170003090636,80.98560400003407,301.36541199999556,True
311002,66.05405199979941,0.6925370003045828,145.65137399995365,0.4656500000237429,78.09532400005992,290.9589370001413,True
458045,69.72304100008841,0.729705000139802,145.99276399985683,0.4361070000413747,80.9049720000985,297.7865890002249,True
246436,72.49131199978365,0.703370999872277,145.0726709999799,0.4366480002317985,80.64629199998308,299.3502939998507,True
440184,71.07144400015386,0.7123289997252868,144.6530650000568,0.46319100010805414,84.04076599981636,300.9407949998604,True
85157,72.09308200026499,0.7606239996675868,146.20856500005175,0.4634410001926881,82.66914800015002,302.194860000327,True
256916,69.52277499976844,0.7097880002220336,145.71203299965418,0.46894200022506993,78.23424199978035,294.6477799996501,True
504415,68.09311500001058,0.7607910001752316,144.47988299980352,1.7520520000289252,80.77171300010377,295.85755400012204,True
246522,70.94847700000173,0.7543740002802224,144.82719299985547,0.4636500002561661,79.24950599999647,296.24320000039006,True
446703,67.7386780002962,0.7589570000163803,144.11752599971805,0.4540660002021468,80.77645999992455,293.84568700015734,True
367095,73.60665899977903,0.7426639999721374,147.22198400022535,0.4666499999075313,85.01902099988001,307.05697799976406,True
529148,66.92875799990361,0.7169129999056167,145.1028290002796,0.4562330000226211,76.3807230000566,289.58545600016805,True
480212,73.08696300015072,0.7372479999503412,146.38368600026297,1.6865069997038518,80.89337999990676,302.78778399997464,True
442993,72.94278700010182,0.7167879998632998,144.6510490000037,0.47902599999360973,79.2770850002853,298.0667350002477,True
71938,66.25476099998195,0.6940369999028917,145.1271160003671,0.46402499992836965,76.38934699980382,288.92928599998413,True
136466,68.56001000005563,0.7567070001641696,146.2800529998276,0.460399000075995,81.16039300011835,297.21756200024174,True
28452,73.14929499989375,0.7482490000256803,145.8615669998835,0.45294100027604145,78.52712499970949,298.73917699978847,True
581482,71.40078500015079,0.8500039998580178,146.55076999997618,0.4673170001296967,77.49615300008372,296.7650290001984,True
217425,67.32585800000379,0.7559579998996924,144.80142699994758,0.44473199977801414,79.85686300025918,293.18483799988826,True
140439,74.08984500034421,0.765331999900809,144.68512399980682,0.4654419999496895,80.77195100031531,300.77769400031684,True
151820,67.46132199987187,0.8068759998423047,145.33770100024412,0.46319100010805414,83.49647199975152,297.5655619998179,True
260105,65.38095999985671,0.6888699999763048,144.40706699997463,0.4526910001914075,77.01983299966741,287.9494209996665,True
127394,70.84371100017961,0.8272939999187656,144.47723600005702,0.46827500000290456,86.20115599978817,302.81767199994647,True
238410,72.77481099981742,0.7555410002169083,145.58466700009376,0.4542739998214529,87.94566500000656,307.5149579999561,True
166918,74.9755130000267,0.8758799999668554,145.30790199978583,0.4610249998222571,87.49864100036575,309.1189609999674,True
290768,73.02203399967766,0.7770410002194694,145.64229500001602,0.46327499967446784,79.86043900018558,299.7650839997732,True
357567,67.90167300005123,0.718164000318211,144.44889299966235,0.45660700016014744,76.07698599986179,289.60232300005373,True
237118,74.77233300005537,0.7644570000593376,145.471531000112,1.7032159998962015,80.51701499971387,303.2285519998368,True
343561,74.64040900003965,0.7514149997405184,143.83686000019225,0.4612329998963105,88.26655500024572,307.95647200011445,True
195165,69.06227600029524,0.7284139996954764,144.91041200017207,0.448774000233243,79.64363199971558,294.7935080001116,True
23272,69.30858000032458,0.7488309997825127,144.64743999997154,0.4626079999070498,79.83785100032037,295.00531000030605,True
464689,74.52573399996254,0.7197459999588318,144.58827099997507,0.46498299980157753,76.47529599989866,296.7740299995967,True
360943,63.472934999936115,0.753040000290639,145.3573509998023,0.43927300021096016,75.52182599965818,285.5444249998982,True
410221,68.9657249999982,0.8228779997807578,144.25303899997743,0.445022999883804,75.81334199994672,290.3000069995869,True
245513,65.23719300002995,0.7454980000147771,146.52678499987815,0.46106700028758496,80.65968299979431,293.63022600000477,True
445365,73.5533460001534,0.7147460000851424,144.69881299964982,0.45206600043457,79.05580499982534,298.47477600014827,True
59386,69.21973699991213,0.7701660001657729,145.45359799967628,0.4696500000136439,75.79746300007173,291.71061399983955,True
279714,68.69304200017723,0.8762130000832258,145.2958399995623,1.685631000327703,79.28023199974632,295.8309579998968,True
507042,73.0324399996789,0.8125429999381595,145.41593000012654,0.4678159998547926,80.54405000029874,300.2727789998971,True
314541,72.32998600011342,0.7877919997554272,145.8482810003261,0.4436489998624893,74.72098600010213,294.13069400015956,True
341921,72.86221999993359,0.7392480001726653,146.05695799991736,0.46219200021369033,81.13549499967121,301.2561129999085,True
186449,73.37124800005768,0.7097040002008725,145.11586699973122,0.4575660000227799,81.0857000001306,300.74008500014315,True
547336,71.2827610000204,0.698370000009163,143.59770200007915,0.4640659999495256,76.66083699996307,292.7037360000213,True
226154,66.28032500020709,0.691536999966047,144.72546600018177,0.46281599998110323,76.92551799982539,289.0856620001614,True
394275,67.47676400027558,0.827627000035136,145.20849199971053,0.45760700004393584,83.53328700013662,297.5037770002018,True
229753,65.83263499987879,0.7245800002237957,144.24056500001825,0.46694200000274577,79.28239299963025,290.54711499975383,True
261712,75.05354099976103,0.7255810000970087,145.47941699993316,0.465149999854475,78.47863900042285,300.2023280000685,True
19042,72.46144400005505,0.7602480000059586,145.77301700001044,0.46014899999136105,78.13124599988441,297.5861039999472,True
534394,73.16377300003296,0.7637909998265968,144.81663200012918,0.46073300018179,82.78841099991041,301.99334000008093,True
322610,68.86775199973272,0.7439979999617208,145.16593999996985,0.4671920000873797,79.70953599988206,294.95441799963373,True
263299,67.57384799993815,0.7520809999732592,144.97046899987254,0.4592740001498896,79.14158899984614,292.89726099978,True
236690,72.9685100000097,0.7565819996671053,146.3424590001523,0.46014899999136105,78.63335399997595,299.1610539997964,True
252559,74.66005900005257,0.7369559998551267,145.09089100010897,0.45935800017105066,83.86579599982724,304.81306000001496,True
50145,66.40470000002097,0.7561229999737407,148.50819399998727,0.46148299998094444,79.57056700024623,295.70106700020915,True
467848,72.22701000000598,0.7214550000753661,144.70299100003103,0.4586909999488853,75.832784999875,293.94293199993626,True
572388,69.26131000000169,0.8231270003307145,145.64824999979464,1.7790530000638682,80.1023039998654,297.6140440000563,True
272212,67.34637399995336,0.7986260002326162,145.28447499969843,0.4623160002665827,79.86799699983749,293.7597879999885,True
377000,72.47572799997215,0.7269970001289039,145.84321399979672,0.47485799996138667,75.0945770000726,294.61537399993176,True
198641,65.38193500000489,0.7170389999373583,148.57560800010106,0.45202399996924214,77.75938499980839,292.88599099982093,True
181421,66.53370399999403,0.765540999964287,144.3936760001634,1.7555509998601337,81.34465600005569,294.79312800003754,True
477227,74.18877500003873,0.7432060001519858,145.89100300008795,0.5905729999540199,80.98109499997008,302.39465200020277,True
119641,69.10708900022655,0.7338729997172777,144.9089500001719,0.464608000129374,81.77855399981127,296.99307400005637,True
40083,67.60430100030135,0.7538319996456266,144.92966000034357,0.4706499998974323,82.64422299998841,296.4026660001764,True
244496,63.38811600016925,0.7566659996882663,146.36968900003922,0.49798500003817026,80.43527200015888,291.4477280000938,True
565624,68.85915700013356,0.7407059997603938,146.03708899994672,0.4426899999998568,75.47575800026607,291.5554000001066,True
549220,69.35518299997057,0.7579990001431725,146.70499900012146,1.7617599996810895,83.08545400041112,301.6653950003274,True
442836,77.88696900024661,0.7282890001079068,144.7440980000465,0.5179859999770997,80.76466099964819,304.6420030000263,True
428218,69.9660049999693,0.8992150001176924,146.004664999964,0.4640659999495256,77.5353650001307,294.8693160001312,True
574297,74.2072719999669,0.83925300032206,145.91332700001658,0.4421479998200084,82.43391699988933,303.8359170000149,True
61747,76.46668300003512,0.7526650001636881,146.34501499995167,0.4473989997677563,79.73977100027696,303.7515330001952,True
553788,69.63431799977116,0.8180019999599608,145.81231700003627,0.46981600007711677,83.03727900010927,299.7717319999538,True
153510,67.84493099985411,0.7156209999266139,146.29767600035848,0.46331699968504836,76.63573100035137,291.9572760001756,True
456143,63.50365900016186,0.6738689999110647,145.83956900014527,0.45248199967318214,78.38990700020076,288.85948600009215,True
157418,68.52725699991424,0.7506230003855308,146.52593299979344,0.4651079998438945,80.07511899995734,296.34403999989445,True
345469,70.97955399967759,0.7237469999381574,145.03706200002853,0.46131599992804695,78.61958400008007,295.8212629996524,True
533855,68.21878200025822,0.8300029999190883,145.0843980001082,0.43831499988300493,81.1249250000401,295.6964230002086,True
389197,67.56595600018045,0.7430400000885129,145.9396469999774,0.4423569998834864,81.02358299993284,295.7145830000627,True
422998,73.30804999992324,0.7133710000744031,144.6911220000402,0.46323300011863466,84.06907800008412,303.2448540002406,True
632,66.08083300034195,0.7063299999572337,146.15040799981216,0.4600659999596246,77.17708800009859,290.57472500016956,True
477955,66.71578299983594,0.7086630002959282,147.78070199963622,0.4516910003076191,76.62684699971578,292.2836859997915,True
128675,71.75067299976945,0.8820050002213975,145.53378699974928,0.4609410002558434,81.9009609999739,300.5283669999699,True
402720,69.98366299967529,0.7227880000755249,146.10302600021896,0.4667739999604237,81.36164100005772,298.6378919999879,True
179141,64.9727720001465,0.6765779999113875,146.07448200013096,0.45994099991730764,76.96944999997868,289.15322300008484,True
353096,65.94048799979646,0.7522900000367372,144.90849899993918,1.769218999925215,80.9589909999886,294.3294869996862,True
13729,67.54986600026314,0.7415800000671879,145.36189799991917,0.5203609998716274,81.62340199987739,295.7971069999985,True
391140,67.49723700022514,0.7217879997369891,148.9024600000448,0.5848230002811761,75.89201499968112,293.59832299996924,True
157046,69.32625099989309,0.7515399997828354,146.58162600017022,0.4401480000524316,80.50554800001919,297.60511299991776,True
384527,72.45833000024504,0.7559149998996872,145.7977079999182,0.4378560001896403,83.24702599975353,302.6968350000061,True
478721,75.36569300009432,0.7520809999732592,145.7935409998754,0.4641499999706866,84.04265099989061,306.4181159998043,True
33759,76.91494099981355,0.7996260001164046,149.34881199997108,0.46239900029831915,77.2719159999724,304.79769400017176,True
98287,73.76752200025294,0.7609989997945377,144.7193120002339,0.46485799975926057,82.39864500001204,302.1113360000527,True
158227,65.41070599996601,0.7147039996198146,144.84461100028057,0.46439900006589596,76.03514299989911,287.4695629998314,True
407646,68.32481799983725,0.7528729997829942,145.61127700017096,1.6807550000521587,80.90290000018285,297.2726230000262,True
220310,70.50188900029752,0.719204999768408,147.09468299997752,0.460274000033678,81.3264190001064,300.10247000018353,True
512403,70.75581899971439,0.842544000079215,145.62393899996096,0.4504820003603527,75.37281299983078,293.0455969999457,True
168974,69.32853599982991,0.8465860000796965,147.78096999998525,0.4585660003613157,80.96598299971447,299.38064099997064,True
552775,71.67857600006755,0.7454560000041965,146.21688399984123,0.4528989998107136,82.67161200001283,301.7654269997365,True
394940,68.72537600020223,0.722870999652514,144.46995700018306,0.4667739999604237,76.08126500008439,290.4662430000826,True
15335,66.4707159999125,0.7029119997241651,145.88878099993963,0.4383560003589082,77.52384099967458,291.0246059996098,True
