image_id,preprocess_ms,inference_ms,postprocess_ms,total_ms,nms_included_in_postprocess,memory_transfer_included,providers_enabled
397133,12.404343000525841,552.1533980008826,13.92508800017822,578.4838310009945,True,False,CPUExecutionProvider
37777,9.59670199881657,407.37437899952056,13.269901999592548,430.24218499886047,True,False,CPUExecutionProvider
252219,8.117092998872977,526.9899570012058,13.142003999746521,548.2503570001427,True,False,CPUExecutionProvider
87038,13.73744700140378,298.2611879997421,4.914333001579507,316.91394000154105,True,False,CPUExecutionProvider
174482,4.233969999404508,409.7538700007135,4.856444998949883,418.844915999216,True,False,CPUExecutionProvider
403385,4.086844999619643,382.5311500004318,4.688611001256504,391.3068370002293,True,False,CPUExecutionProvider
6818,3.7794389991177013,306.5879900004802,4.331312000431353,314.6991720004735,True,False,CPUExecutionProvider
480985,3.927506999389152,329.0593190013169,4.695894000178669,337.68330100065214,True,False,CPUExecutionProvider
458054,4.582231000313186,298.39442699994834,4.531477001364692,307.50836600054754,True,False,CPUExecutionProvider
331352,3.589315001590876,421.0222000001522,12.718300999040366,437.33005600006436,True,False,CPUExecutionProvider
296649,11.05813600042893,248.28455399983795,4.872415000136243,264.2156559995783,True,False,CPUExecutionProvider
386912,4.9911770001926925,381.45177400110697,16.220532999795978,402.6638150007784,True,False,CPUExecutionProvider
502136,7.870842999182059,258.0628460000298,4.5563639996544225,270.4909249987395,True,False,CPUExecutionProvider
491497,3.8683469992975006,386.7330690009112,4.568426000332693,395.17074300056265,True,False,CPUExecutionProvider
184791,4.397986998810666,284.4327400016482,4.50626899873896,293.3372869993036,True,False,CPUExecutionProvider
348881,4.508554000494769,324.6825339992938,4.45233900063613,333.64379800150346,True,False,CPUExecutionProvider
289393,6.065846999263158,381.75647699972615,4.575299000862287,392.3986249992595,True,False,CPUExecutionProvider
522713,4.432923000422306,344.28353700059233,4.628568000043742,353.3455390006566,True,False,CPUExecutionProvider
181666,4.136188001211849,402.46607100016263,90.34938700096973,496.952126000906,True,False,CPUExecutionProvider
17627,3.675976000522496,308.3034349983791,4.703789001723635,316.68359100149246,True,False,CPUExecutionProvider
143931,5.203124001127435,330.7902109991119,4.2501610005274415,340.24407700053416,True,False,CPUExecutionProvider
303818,5.053873999713687,458.8084999995772,13.091210999846226,476.95380599907367,True,False,CPUExecutionProvider
463730,15.278482000212534,388.1652189993474,4.892692999419523,408.33703499993135,True,False,CPUExecutionProvider
460347,4.159891001108917,346.7690699999366,4.626374999133986,355.5558269999892,True,False,CPUExecutionProvider
322864,4.384743000628077,382.9482660003123,4.60442399889871,391.93767299911997,True,False,CPUExecutionProvider
226111,4.4658440001512645,293.7186010003643,4.0188080001826165,302.2036439997464,True,False,CPUExecutionProvider
153299,4.853829999774462,272.61991200066404,4.322015000070678,281.79614799955743,True,False,CPUExecutionProvider
308394,3.7089380002726102,258.98581900037243,4.3921969991060905,267.0871949994762,True,False,CPUExecutionProvider
456496,4.17725500119559,291.6327540006023,4.393919998619822,300.2046399997198,True,False,CPUExecutionProvider
58636,5.322406999766827,329.80218999909994,4.139985001529567,339.265153001179,True,False,CPUExecutionProvider
41888,5.337824999514851,265.7048430010036,4.384171999845421,275.4272010006389,True,False,CPUExecutionProvider
184321,8.031274999666493,351.2380360007228,4.624011000487371,363.8937830000941,True,False,CPUExecutionProvider
565778,5.190519999814569,560.3089039996121,4.4813229997089365,569.9815389998548,True,False,CPUExecutionProvider
297343,4.540122999969753,414.86435400111077,4.339317998528713,423.74442599975737,True,False,CPUExecutionProvider
336587,7.743095999103389,347.1343250002974,4.550744000880513,359.4288559997949,True,False,CPUExecutionProvider
122745,6.77512500078592,325.2863580000849,4.385894999359152,336.448209000082,True,False,CPUExecutionProvider
219578,5.019771000661422,307.90218599941,11.576798000533017,324.499205000393,True,False,CPUExecutionProvider
555705,7.636656999238767,398.72847399965394,7.385527000224101,413.7510189993918,True,False,CPUExecutionProvider
443303,8.986852999441908,355.0403480003297,5.807303999972646,369.8349149999558,True,False,CPUExecutionProvider
500663,7.856448000893579,296.3729520015477,4.554690998702426,308.7849319999805,True,False,CPUExecutionProvider
418281,5.749896999986959,298.2855700010987,4.471455000384594,308.5074430000532,True,False,CPUExecutionProvider
25560,6.226268000318669,362.7028290011367,4.346551999333315,373.27634999928705,True,False,CPUExecutionProvider
403817,6.311066999842296,259.84401700043236,12.861100998634356,279.01664599994547,True,False,CPUExecutionProvider
85329,10.174875998927746,265.8046769993234,4.443883999556419,280.42476999871724,True,False,CPUExecutionProvider
329323,7.893546999184764,352.2051449999708,4.7353089994430775,364.83487299847184,True,False,CPUExecutionProvider
239274,9.49286000104621,325.20066400138603,4.7517999992123805,339.4460750005237,True,False,CPUExecutionProvider
286994,7.543563000581344,269.26897399971494,4.484680001041852,281.29781800089404,True,False,CPUExecutionProvider
511321,7.51663200026087,263.49829100036004,4.4045300001016585,275.4205050005112,True,False,CPUExecutionProvider
314294,7.310185999813257,340.3640179985814,11.606895001023076,359.281920000285,True,False,CPUExecutionProvider
233771,11.429051999584772,350.6638380004006,4.782387000886956,366.8759379997937,True,False,CPUExecutionProvider
475779,5.559670998991351,281.1409130008542,4.342243999417406,291.04320899932645,True,False,CPUExecutionProvider
301867,4.986808999092318,305.9972770006425,4.430528999364469,315.4150859991205,True,False,CPUExecutionProvider
312421,5.043285000283504,406.36659700066957,5.310234999342356,416.72060800010513,True,False,CPUExecutionProvider
185250,4.643628000849276,321.451755000453,4.471426000236534,330.56699900043895,True,False,CPUExecutionProvider
356427,9.169705999738653,389.41383699966536,4.639019000023836,403.2235329996183,True,False,CPUExecutionProvider
572517,7.5455169990163995,364.4271610010037,4.515758000707137,376.48930700015626,True,False,CPUExecutionProvider
270244,4.586792001646245,285.57297499901324,4.4574300009117,294.6174370008521,True,False,CPUExecutionProvider
516316,11.187431000507786,426.19866499990167,5.395173999204417,442.78220100022736,True,False,CPUExecutionProvider
125211,5.140528000993072,303.39031199946476,4.503836000367301,313.03525700059254,True,False,CPUExecutionProvider
562121,7.875384999351809,327.2388030000002,4.464652998649399,339.5798429992283,True,False,CPUExecutionProvider
360661,7.696871000007377,475.8318429994688,12.809535999622312,496.3390309985698,True,False,CPUExecutionProvider
16228,14.23780799996166,317.5450019989512,4.933109999910812,336.71654099998705,True,False,CPUExecutionProvider
382088,4.079031999935978,347.1411850005097,4.297359999327455,355.51797799962515,True,False,CPUExecutionProvider
266409,9.319016000517877,274.01710400044976,5.444395999802509,288.7817080008972,True,False,CPUExecutionProvider
430961,5.6962969993037404,373.43670900008874,4.412595999383484,383.54626299951633,True,False,CPUExecutionProvider
80671,6.631668000409263,290.25593100050173,4.328147999331122,301.2165479995019,True,False,CPUExecutionProvider
577539,4.249851999702514,322.51765100045304,4.527221000898862,331.2955250003142,True,False,CPUExecutionProvider
104612,6.820020000304794,429.0897109985963,6.712639000397758,442.6227509993623,True,False,CPUExecutionProvider
476258,4.917019999993499,355.37063400079205,4.356230998382671,364.64496699954907,True,False,CPUExecutionProvider
448365,7.253461999425781,342.7494520001346,4.371670000182348,354.3752450004831,True,False,CPUExecutionProvider
35197,6.131381000159308,470.54573300010816,10.58449400079553,487.26223000085156,True,False,CPUExecutionProvider
349860,15.354427998317988,301.19765200106485,4.592001998389605,321.1452339983225,True,False,CPUExecutionProvider
180135,5.636896999931196,333.93589000115753,4.34708399916417,343.9203819998511,True,False,CPUExecutionProvider
486438,6.582485999388155,315.14439200145716,4.530305999651318,326.25776500026404,True,False,CPUExecutionProvider
400573,8.186356000805972,287.26193299917213,4.44127000082517,299.8899900012475,True,False,CPUExecutionProvider
109798,6.119620000390569,315.1627700008248,4.416042998855119,325.6989839992457,True,False,CPUExecutionProvider
370677,7.274841000253218,372.1408399997017,13.124236000294331,392.540368000482,True,False,CPUExecutionProvider
238866,11.435596999945119,317.8521230001934,5.013920999772381,334.3026429993188,True,False,CPUExecutionProvider
369370,7.819030000973726,397.9504460003227,4.473529999813763,410.2436270004546,True,False,CPUExecutionProvider
502737,4.790854000020772,356.22365399831324,4.3382970015954925,365.35317600100825,True,False,CPUExecutionProvider
515579,6.264461000682786,282.7887439998449,4.451037999388063,293.50504399917554,True,False,CPUExecutionProvider
515445,7.044670999675873,285.8819550001499,4.887303999566939,297.8143709988217,True,False,CPUExecutionProvider
173383,8.240228999056853,330.4674780010828,4.495791999943322,343.20445000048494,True,False,CPUExecutionProvider
438862,5.210328999964986,316.144278000138,4.565061999528552,325.92033999935666,True,False,CPUExecutionProvider
180560,6.510852999781491,305.2082710000832,4.403830000228481,316.1234050003259,True,False,CPUExecutionProvider
347693,6.895140999404248,296.5372770013346,4.087918998266105,307.5207779984339,True,False,CPUExecutionProvider
39956,4.0203120006481186,284.8385180004698,4.456949000086752,293.3162099998299,True,False,CPUExecutionProvider
321214,11.251231999267475,536.0993949998374,4.339389999586274,551.6909389989451,True,False,CPUExecutionProvider
474028,7.451452000168501,341.4713380007015,4.7715879991301335,353.69533999983105,True,False,CPUExecutionProvider
66523,6.781748999856063,359.8679330007144,4.959619998771814,371.61036399993463,True,False,CPUExecutionProvider
355257,4.648988999178982,343.7911439996242,4.657555000449065,353.0982390002464,True,False,CPUExecutionProvider
142092,15.794995000760537,335.09731699996337,4.469913999855635,355.36287700051616,True,False,CPUExecutionProvider
63154,4.361831001006067,350.17933099879883,4.543101000308525,359.0844640002615,True,False,CPUExecutionProvider
199551,8.03360200006864,322.34809700094047,4.267945998435607,334.65051599887374,True,False,CPUExecutionProvider
239347,11.126048000733135,319.6075190007832,6.301520999841159,337.03599000000395,True,False,CPUExecutionProvider
514508,4.853251000895398,315.4475990013452,4.509467999014305,324.8112900000706,True,False,CPUExecutionProvider
473237,6.575694000275689,328.86406400029955,5.020634998800233,340.4614549999678,True,False,CPUExecutionProvider
228144,7.507186999646365,483.5535530000925,14.752474999113474,505.81414599946584,True,False,CPUExecutionProvider
206027,14.764567000383977,505.3475389995583,15.774206000060076,535.8872939996218,True,False,CPUExecutionProvider
78915,12.201530998936505,270.75391600010335,5.04051099960634,287.9967299995769,True,False,CPUExecutionProvider
551215,8.426427000813419,301.7071489994123,4.441330000190646,314.5753370008606,True,False,CPUExecutionProvider
544519,6.738579000739264,310.15246200149704,4.562866999549442,321.4545200007706,True,False,CPUExecutionProvider
96493,7.202818000223488,323.8055700003315,4.501553001318825,335.51034100128163,True,False,CPUExecutionProvider
23899,5.88449099996069,291.5483429987944,4.522192000877112,301.95565699978033,True,False,CPUExecutionProvider
340175,7.50300999970932,454.34381700033555,4.618162000042503,466.46533999955864,True,False,CPUExecutionProvider
578500,5.790745999547653,362.3367350010085,4.926547999275499,373.0546699989645,True,False,CPUExecutionProvider
366141,7.604809999975259,287.92961799990735,4.794832000698079,300.3297110008134,True,False,CPUExecutionProvider
57597,8.061685000939178,286.8138600006205,5.066972000349779,299.9435190013173,True,False,CPUExecutionProvider
559842,5.599909000011394,328.40157999999064,4.807214998436393,338.8090549997287,True,False,CPUExecutionProvider
434230,4.066980000061449,325.29209600033937,5.265824000161956,334.62525100003404,True,False,CPUExecutionProvider
428454,4.744638999909512,327.9568729994935,4.445688999112463,337.1478720000596,True,False,CPUExecutionProvider
399462,6.155278000733233,266.6428699994867,4.372852999949828,277.171432000614,True,False,CPUExecutionProvider
261061,6.775468998966971,316.69631600016146,4.482918000576319,327.9558249996626,True,False,CPUExecutionProvider
168330,7.014245000391384,362.6507690005383,4.4904930000484455,374.1559380014223,True,False,CPUExecutionProvider
383384,4.59725300061109,311.21083200014255,4.658977999497438,320.46741399972234,True,False,CPUExecutionProvider
342006,7.2997899987967685,321.49734500126215,4.5718849996774225,333.36938100001134,True,False,CPUExecutionProvider
217285,9.051207000084105,321.6393109996716,5.585331999100163,336.2767819999135,True,False,CPUExecutionProvider
236412,7.156450999900699,277.57857300093747,4.300306000004639,289.036202000716,True,False,CPUExecutionProvider
524456,4.828686000109883,383.53317600012815,4.454344998521265,392.8165279994573,True,False,CPUExecutionProvider
153343,8.690010999998776,343.8986799992563,4.3911869997828035,356.98119099834,True,False,CPUExecutionProvider
95786,9.609912998712389,326.30922600037593,4.587393999827327,340.507193999656,True,False,CPUExecutionProvider
326541,6.8530750013451325,271.6513790001045,4.513055999268545,283.0180710006971,True,False,CPUExecutionProvider
213086,7.1041639985196525,336.0009669995634,4.558820999591262,347.6643729991338,True,False,CPUExecutionProvider
231339,6.794835000619059,280.83452399914677,4.596121001668507,292.22597100124403,True,False,CPUExecutionProvider
508730,7.7222099989739945,289.1745639990404,4.561716999887722,301.45899199851556,True,False,CPUExecutionProvider
550426,4.473770999538829,301.82480799885525,4.461948999960441,310.76075899909483,True,False,CPUExecutionProvider
368294,4.197383999780868,315.9681739998632,4.502515999774914,324.6684850000747,True,False,CPUExecutionProvider
171190,7.44707600097172,314.93026499992993,5.215260000113631,327.5934520006558,True,False,CPUExecutionProvider
301135,8.34841199866787,326.55372800036275,5.063986998720793,339.9670389990206,True,False,CPUExecutionProvider
580294,6.628102999457042,303.1365770002594,4.590800999721978,314.35599199903663,True,False,CPUExecutionProvider
494869,4.8159719990508165,316.4896479993331,4.586323000694392,325.89246399948024,True,False,CPUExecutionProvider
33638,7.414655001412029,313.2555680003861,4.688163000537315,325.3589980013203,True,False,CPUExecutionProvider
329219,4.514888998528477,338.8750100002653,4.5733890001429245,347.96387899950787,True,False,CPUExecutionProvider
34873,7.377955998890684,276.9376670003112,4.6806289992673555,288.99719399851165,True,False,CPUExecutionProvider
186980,7.372747000772506,290.1647509988834,4.825931000596029,302.36406100084423,True,False,CPUExecutionProvider
127182,7.095197999660741,339.37641400007124,5.623783999908483,352.0959569996194,True,False,CPUExecutionProvider
356387,5.132995998792467,283.7586250007007,4.62765999873227,293.51973199845816,True,False,CPUExecutionProvider
367680,6.540880000102334,264.44529600121314,4.58349699874816,275.5700739999156,True,False,CPUExecutionProvider
263796,6.8311329996504355,342.3860719994991,4.841260000830516,354.0597280007205,True,False,CPUExecutionProvider
117425,6.866931000331533,319.50461299857125,4.5776770002703415,330.94958099900396,True,False,CPUExecutionProvider
365387,5.011217999708606,336.77881400035403,4.736893999506719,346.52741699937906,True,False,CPUExecutionProvider
487583,4.803099000127986,327.02555200012284,4.447191999133793,336.27681500001927,True,False,CPUExecutionProvider
504711,7.063900000503054,353.3483230003185,4.475445000934997,364.8883090008894,True,False,CPUExecutionProvider
363840,6.658049998804927,323.35060900004464,4.40779899872723,334.41689899882476,True,False,CPUExecutionProvider
214720,7.584684000903508,271.1058189997857,4.790375000084168,283.481489001133,True,False,CPUExecutionProvider
379453,6.391511000401806,270.24684099887963,4.383594001410529,281.02285700151697,True,False,CPUExecutionProvider
311295,4.714542999863625,307.65995100045984,4.5420299993566005,316.91738500012434,True,False,CPUExecutionProvider
29393,6.749390999175375,264.8530610003945,4.3849359990417724,275.9879089990136,True,False,CPUExecutionProvider
278848,12.011058001007768,277.7561090006202,4.543882998405024,294.3120109994197,True,False,CPUExecutionProvider
166391,6.529730000693235,308.0783470013557,4.942158999256208,319.55087700043805,True,False,CPUExecutionProvider
48153,4.719511998700909,309.68020599902957,4.369727999801398,318.76979699882213,True,False,CPUExecutionProvider
459153,8.144651999828056,297.1641929998441,4.580963000989868,309.89030900127545,True,False,CPUExecutionProvider
295713,7.208259999970323,435.8484459989995,4.553872000542469,447.6111589992797,True,False,CPUExecutionProvider
223130,7.5266449985065265,283.65339299853076,4.435601000295719,295.61626099894056,True,False,CPUExecutionProvider
273132,7.699019000938279,301.4778800006752,4.265804000169737,313.4432040005777,True,False,CPUExecutionProvider
198960,4.314965000958182,275.3307399998448,5.22146199909912,284.8676979992888,True,False,CPUExecutionProvider
344059,6.798182999773417,359.45358500066504,4.380839000077685,370.63309800032584,True,False,CPUExecutionProvider
410428,7.785972000419861,264.8809659986,4.5550450013251975,277.22289400117006,True,False,CPUExecutionProvider
87875,7.600152999657439,267.16298799874494,4.404252000313136,279.1679239999212,True,False,CPUExecutionProvider
450758,4.536541000561556,394.1997279998759,9.750818000611616,408.4874170002877,True,False,CPUExecutionProvider
458790,4.191934998743818,385.7974220009055,4.086527998879319,394.07631599897286,True,False,CPUExecutionProvider
460160,5.085478000182775,298.7237599991204,4.447974000868271,308.257582000806,True,False,CPUExecutionProvider
458109,4.884672000116552,328.2025700009399,4.161778999332455,337.2494409995852,True,False,CPUExecutionProvider
30675,4.297171999496641,296.47635399851424,4.253170000083628,305.02701699879253,True,False,CPUExecutionProvider
566524,4.7685549998277565,336.7701369988936,4.538975001196377,346.0779970009753,True,False,CPUExecutionProvider
338428,4.595701000653207,454.17252900006133,12.731618000543676,471.5003290002642,True,False,CPUExecutionProvider
545826,59.81265999980678,351.8871420001233,4.38732100155903,416.0881950010662,True,False,CPUExecutionProvider
166277,4.261475000021164,298.6958069996035,4.6719340007257415,307.6296069993987,True,False,CPUExecutionProvider
269314,7.136966998587013,284.64838699983375,5.348230000890908,297.1341049997136,True,False,CPUExecutionProvider
476415,6.265836000238778,301.3093379995553,4.466939999474562,312.0428059992264,True,False,CPUExecutionProvider
292082,4.954773001372814,383.4541209998861,5.285110999466269,393.69433600040793,True,False,CPUExecutionProvider
360137,6.530381999255042,274.98817299965594,4.385767999337986,285.90523399907397,True,False,CPUExecutionProvider
122046,7.4410760007594945,305.62977900081023,4.497306999837747,317.56884300011734,True,False,CPUExecutionProvider
352684,7.664655000553466,437.9600180000125,5.972248000034597,451.5976020011294,True,False,CPUExecutionProvider
512836,8.05138900068414,346.19393200046034,4.498418998991838,358.7444309996499,True,False,CPUExecutionProvider
8021,4.823336999834282,270.3909140000178,4.466117999982089,279.6807300001092,True,False,CPUExecutionProvider
107226,7.28049600002123,312.03564799943706,4.716426999948453,324.03297199925873,True,False,CPUExecutionProvider
84477,6.9793620004929835,265.414633000546,4.571364999719663,276.96603200092795,True,False,CPUExecutionProvider
562243,11.546970999916084,517.930118001459,4.37635099842737,533.8541609999083,True,False,CPUExecutionProvider
181859,7.163387001128285,432.8219440012617,4.6550829993066145,444.6408050007449,True,False,CPUExecutionProvider
177015,6.875197001136257,302.9008760004217,4.471558999284753,314.2481129998487,True,False,CPUExecutionProvider
292236,6.0282120011834195,269.43577699967136,4.441373001100146,279.90626400060137,True,False,CPUExecutionProvider
121506,8.006044001376722,261.68627299921354,4.359489999842481,274.0522280000732,True,False,CPUExecutionProvider
288042,7.327624000026844,437.29923099999723,12.743060000502737,457.3702859997866,True,False,CPUExecutionProvider
453860,11.06394700036617,444.20246799927554,4.523416000665748,459.79092300149205,True,False,CPUExecutionProvider
500257,7.431418998748995,322.8540199997951,4.847471998800756,335.1333019982121,True,False,CPUExecutionProvider
113403,6.6701840005407576,327.4205580000853,5.411358000856126,339.5026410016726,True,False,CPUExecutionProvider
125062,4.999356999178417,415.007843001149,4.375319000246236,424.3829900005949,True,False,CPUExecutionProvider
375015,4.186956000921782,297.9143769989605,4.255675001331838,306.3573190011084,True,False,CPUExecutionProvider
334719,6.780080000680755,309.77772300138895,4.593326999383862,321.15175100079796,True,False,CPUExecutionProvider
134112,10.959842999000102,320.84292599938635,4.374668000309612,336.17845899971144,True,False,CPUExecutionProvider
283520,8.09234600092168,339.54562100007024,4.475977000765852,352.11451500072144,True,False,CPUExecutionProvider
31269,7.410178999634809,281.51539100144873,4.361542998594814,293.28751399953035,True,False,CPUExecutionProvider
319721,8.295265999549883,408.2437960005336,4.354569999122759,420.8941729993967,True,False,CPUExecutionProvider
165351,8.113635998597601,395.537633999993,4.526521999650868,408.1787439990876,True,False,CPUExecutionProvider
347265,7.739835999018396,361.1912039996241,4.4240500010346295,373.3556719998887,True,False,CPUExecutionProvider
414170,4.758155000672559,266.6737279996596,4.573489999529556,276.0059239990369,True,False,CPUExecutionProvider
231508,3.8058739992266055,326.36911800000235,13.086353999824496,343.26177699949767,True,False,CPUExecutionProvider
389381,14.444856000409345,391.2319770006434,4.375178999907803,410.05282399964926,True,False,CPUExecutionProvider
118921,7.5780030001624255,458.7473350002256,4.3331899996701395,470.65927000039665,True,False,CPUExecutionProvider
21503,5.0437000008969335,266.4436629984266,4.495164001127705,275.98286800093774,True,False,CPUExecutionProvider
785,7.153668999308138,302.7230799998506,4.3985430002067005,314.27574299959815,True,False,CPUExecutionProvider
300842,6.5742150000005495,327.4317070008692,4.412327998579713,338.41889099858236,True,False,CPUExecutionProvider
105014,5.128008000610862,270.4488029994536,4.617944001438445,280.1950850007415,True,False,CPUExecutionProvider
261982,6.666648001555586,338.3130589991197,14.09995100038941,359.0804690011282,True,False,CPUExecutionProvider
34205,14.64957999996841,303.71221600034914,4.323201999795856,322.6857089994155,True,False,CPUExecutionProvider
99242,6.180038000820787,341.30774599907454,5.396501001087017,352.8851660012151,True,False,CPUExecutionProvider
314709,7.4180640003760345,335.63075399979425,4.4885110000905115,347.5378700004512,True,False,CPUExecutionProvider
460494,7.499756999095553,283.043422999981,4.557000000204425,295.1009320004232,True,False,CPUExecutionProvider
339442,6.576399999175919,267.3615219991916,4.468172999622766,278.40639499845565,True,False,CPUExecutionProvider
541055,6.176210001285654,337.3863540000457,4.492047999519855,348.05543400034367,True,False,CPUExecutionProvider
409475,5.5924480002431665,527.2326699996484,12.658994999583228,545.4844729993056,True,False,CPUExecutionProvider
464786,10.590613001113525,435.31529900064925,4.400496000016574,450.30704900091223,True,False,CPUExecutionProvider
378605,5.942042000242509,281.9759439989866,4.569533000903903,292.4880200007465,True,False,CPUExecutionProvider
331817,4.673277000620146,322.9191599984915,4.652397999961977,332.24515599977167,True,False,CPUExecutionProvider
218091,4.976746000465937,355.8414079998329,4.442285000550328,365.26095000044734,True,False,CPUExecutionProvider
578545,4.8210439999820665,376.84770799933176,4.6559550009988016,386.32564900035504,True,False,CPUExecutionProvider
363207,5.0741869999910705,281.8490320005367,4.706498999439646,291.6303589991003,True,False,CPUExecutionProvider
372577,5.073667000033311,364.3497089997254,4.498570000578184,373.9224370001466,True,False,CPUExecutionProvider
212166,7.025559998510289,391.1702620007418,4.458145000171498,402.65458899921214,True,False,CPUExecutionProvider
172571,7.003679000263219,289.49734199886734,4.7259260009013815,301.22783899969363,True,False,CPUExecutionProvider
294831,6.459460999394651,425.42975600008504,12.23185500020918,444.12169300085225,True,False,CPUExecutionProvider
84431,8.14623800033587,382.83067800148274,13.627618000100483,404.6055160015385,True,False,CPUExecutionProvider
323355,9.93982499858248,435.8987880004861,4.498049000176252,450.33731299918145,True,False,CPUExecutionProvider
355325,10.994901000231039,290.4857790017559,4.637480999008403,306.11906299964176,True,False,CPUExecutionProvider
100582,4.699948000052245,297.8376719984226,4.444098000021768,306.98192799900426,True,False,CPUExecutionProvider
555412,4.85020800078928,271.8636370009335,4.344250999565702,281.05859700008295,True,False,CPUExecutionProvider
4495,6.4345640003011795,376.64469000083045,4.466631000468624,387.54646600136766,True,False,CPUExecutionProvider
9483,7.614533000378287,322.73894699937955,4.5424430009006755,334.8970150000241,True,False,CPUExecutionProvider
326082,4.755161000502994,289.1173659991182,4.765120000229217,298.6379379999562,True,False,CPUExecutionProvider
398237,8.763042998907622,322.49384300121164,4.704054999820073,335.96179300002404,True,False,CPUExecutionProvider
507223,7.796593999955803,349.31853499983845,4.498180000155116,361.6140609992726,True,False,CPUExecutionProvider
31050,13.020143000176176,371.13384599979327,4.58224700014398,388.7371370001347,True,False,CPUExecutionProvider
239537,7.536187000368955,307.0893630010687,4.475807998460368,319.10171799972886,True,False,CPUExecutionProvider
340930,6.392855999365565,461.91582000028575,12.845676001234096,481.15496399987023,True,False,CPUExecutionProvider
11813,10.443840001244098,642.1838749993185,12.839704999350943,665.4686929996387,True,False,CPUExecutionProvider
281414,12.529734000054304,277.4631030006276,4.416877000039676,294.4105460010178,True,False,CPUExecutionProvider
537991,9.189491998768062,340.43035299873736,4.608526000083657,354.2287709988159,True,False,CPUExecutionProvider
284282,3.5018950002267957,308.1749429984484,4.872190000241972,316.549238999869,True,False,CPUExecutionProvider
321333,6.655889001194737,401.5744509997603,4.422289001013269,412.6535410014185,True,False,CPUExecutionProvider
521282,7.2241930010932265,315.46156799959135,4.428860000189161,327.1150420005142,True,False,CPUExecutionProvider
108026,7.423386001391918,272.27121900068596,4.418761998749687,284.1140580003412,True,False,CPUExecutionProvider
243204,6.740508000802947,306.21366900049907,4.546731999653275,317.5017100002151,True,False,CPUExecutionProvider
177935,8.088801998383133,267.45095000114816,4.867470999670331,280.40787399913825,True,False,CPUExecutionProvider
38829,7.203043000117759,322.17950800077233,4.491337998842937,333.8745099990774,True,False,CPUExecutionProvider
397327,6.376876999638625,301.2534270001197,4.4543290005094605,312.0849940005428,True,False,CPUExecutionProvider
501523,6.7510980006773025,270.8741820006253,4.825772999538458,282.4518440011161,True,False,CPUExecutionProvider
555050,5.753841000114335,333.4674029993039,4.718242000308237,343.93985600036103,True,False,CPUExecutionProvider
376442,7.273776000147336,322.1031699995365,5.885237000256893,335.26270400034264,True,False,CPUExecutionProvider
187243,6.567304000782315,335.9746220012312,4.53515899971535,347.07797600094636,True,False,CPUExecutionProvider
356347,8.043578000069829,441.6900460000761,4.332471000452642,454.06648499920266,True,False,CPUExecutionProvider
293044,5.970246000288171,268.81816999957664,4.5668689999729395,279.35566599990125,True,False,CPUExecutionProvider
560279,8.205600999644957,284.70935899895267,4.604209001627169,297.5196200004575,True,False,CPUExecutionProvider
42276,6.44827199903375,281.49305899933097,4.486518000703654,292.42823899949144,True,False,CPUExecutionProvider
534827,7.452351001120405,311.13046999962535,4.473294000490569,323.0572070006019,True,False,CPUExecutionProvider
190756,11.656110000330955,331.8228789994464,4.57559599999513,348.054926000259,True,False,CPUExecutionProvider
482917,4.974892999598524,390.5616480005847,4.478382999877795,400.0157049995323,True,False,CPUExecutionProvider
300659,7.224974999189726,327.66142100081197,4.570836999846506,339.4578839997848,True,False,CPUExecutionProvider
199977,7.0004850003897445,357.8156930016121,4.44699499894341,369.26339300043765,True,False,CPUExecutionProvider
442480,8.031234001464327,289.5384269995702,4.482381000343594,302.05302400099754,True,False,CPUExecutionProvider
384350,7.915518001027522,302.21078199974727,4.39590899986797,314.5227500008332,True,False,CPUExecutionProvider
383621,6.624801999350893,471.47239500009164,11.470953999378253,489.56879199977266,True,False,CPUExecutionProvider
189828,16.984325000521494,291.2372509999841,5.689190000339295,313.91147800059116,True,False,CPUExecutionProvider
412894,8.272657001725747,263.41521099857346,5.702596001356142,277.3912750017189,True,False,CPUExecutionProvider
537153,6.936645999303437,349.3330630008131,4.411988998981542,360.68219899971155,True,False,CPUExecutionProvider
361103,6.649427999946056,272.2337899995182,4.886667999016936,283.7705579986505,True,False,CPUExecutionProvider
392722,4.645996999897761,303.6751620002178,4.653312000300502,312.9748320006911,True,False,CPUExecutionProvider
338560,4.89764899975853,251.53299200064794,5.801389999760431,262.2326719992998,True,False,CPUExecutionProvider
264535,5.251751999821863,376.3331129994185,4.4038440009899205,385.98909999927855,True,False,CPUExecutionProvider
295231,4.591615999743226,293.9301529986551,4.41476500054705,302.9371249995165,True,False,CPUExecutionProvider
154947,8.332357998369844,296.7326119996869,4.313194998758263,309.3786559984437,True,False,CPUExecutionProvider
212559,5.349244000171893,358.88312099996256,4.766723999637179,368.99945000004664,True,False,CPUExecutionProvider
458755,5.33736199940904,312.4681010012864,4.486828998778947,322.29275299869187,True,False,CPUExecutionProvider
104782,6.434095001168316,280.70237599968095,4.302143999666441,291.43926600045233,True,False,CPUExecutionProvider
315257,5.6140100004995475,343.7168140007998,4.442155999640818,353.7733709999884,True,False,CPUExecutionProvider
130599,7.084722999934456,390.7406779999292,4.385189999084105,402.21119199850364,True,False,CPUExecutionProvider
227187,5.653022999467794,274.7711360007088,4.658932000893401,285.08401200087974,True,False,CPUExecutionProvider
151662,7.141178999518161,369.8479690010572,4.297684999983176,381.2874939994799,True,False,CPUExecutionProvider
461275,4.139209000641131,308.0328880005254,4.211814999507624,316.38495399965905,True,False,CPUExecutionProvider
523811,5.154019001565757,285.0337119998585,4.3075840003439225,294.4958060015779,True,False,CPUExecutionProvider
456559,6.903104000230087,291.9489679989056,4.42541500160587,303.27800800114346,True,False,CPUExecutionProvider
101068,4.6801720000075875,271.24843599995074,4.279912000129116,280.2089110009547,True,False,CPUExecutionProvider
140640,6.594275999304955,261.77451300100074,5.168837000383064,273.5380960002658,True,False,CPUExecutionProvider
516708,6.041229000402382,257.9020529992704,5.183524001040496,269.12749800067104,True,False,CPUExecutionProvider
544605,5.807543000628357,269.25766200110957,4.354591999799595,279.4205080008396,True,False,CPUExecutionProvider
385190,5.98959299895796,365.0977300003433,5.323986999428598,376.411940998878,True,False,CPUExecutionProvider
338986,4.575274999297108,366.55373699977645,4.311512000640505,375.44114499905845,True,False,CPUExecutionProvider
53994,8.20267699964461,292.34557900053915,4.472552998777246,305.0213499991514,True,False,CPUExecutionProvider
61171,4.710749999503605,321.6667969991249,4.930020000756485,331.3080269999773,True,False,CPUExecutionProvider
314034,7.608214000356384,354.0515360000427,4.786491001141258,366.44705300022906,True,False,CPUExecutionProvider
291490,4.374128999188542,324.01873100025114,4.565196000839933,332.95881699996244,True,False,CPUExecutionProvider
152740,4.219749998810585,294.26659300042957,4.6137080007611075,303.10092299987446,True,False,CPUExecutionProvider
24919,4.502709000007599,312.42825600020296,4.434471999047673,321.365808000337,True,False,CPUExecutionProvider
79837,6.887375000587781,379.7555529999954,4.457235001609661,391.10055300079694,True,False,CPUExecutionProvider
21903,4.846272999202483,255.02932899871666,4.473074000998167,264.349568000398,True,False,CPUExecutionProvider
564133,4.269242999725975,287.88924900072743,4.461071999685373,296.62004499914474,True,False,CPUExecutionProvider
337055,4.34309100091923,341.7973739997251,6.684464999125339,352.82522099987546,True,False,CPUExecutionProvider
110638,7.872739000958973,266.7923740009428,4.256569000062882,278.9224940006534,True,False,CPUExecutionProvider
34139,4.033200999401743,250.67610299993248,4.490135999731137,259.20046200008073,True,False,CPUExecutionProvider
80340,6.426601999919512,341.1757960002433,5.134863000421319,352.7376109996112,True,False,CPUExecutionProvider
83113,5.331211001248448,272.19263699953444,4.5370339994406095,282.06140300062543,True,False,CPUExecutionProvider
173033,4.569284999888623,299.9484850006411,4.380911999760428,308.8991320000787,True,False,CPUExecutionProvider
255664,7.515369999964605,281.84716499890783,4.4558320005307905,293.81924900008016,True,False,CPUExecutionProvider
72813,6.57816599959915,305.1719939994655,4.292306000934332,316.04306700137386,True,False,CPUExecutionProvider
545129,4.042497999762418,259.17440000011993,5.000712999390089,268.21797199954744,True,False,CPUExecutionProvider
546011,6.430258999898797,257.1839739994175,4.55058000079589,268.1653239997104,True,False,CPUExecutionProvider
121031,7.41572399965662,260.2056010000524,4.551531999823055,272.1734379992995,True,False,CPUExecutionProvider
172547,4.872753001109231,310.0985729997774,4.408222999700229,319.3797900003119,True,False,CPUExecutionProvider
369081,4.4540590006363345,487.73891999917396,13.003785999899264,505.1971249995404,True,False,CPUExecutionProvider
509131,11.58282500000496,402.5777580009162,4.543787999864435,418.7054640005954,True,False,CPUExecutionProvider
578922,7.592084000862087,295.9045059997152,4.725626999061205,308.22299899955397,True,False,CPUExecutionProvider
464089,6.033786999978474,370.200796998688,4.691674001151114,380.9274200011714,True,False,CPUExecutionProvider
453708,4.460149999431451,428.40710500058776,15.80831799947191,448.67622399942775,True,False,CPUExecutionProvider
177714,8.302685000671772,269.0249940005742,4.564957000184222,281.89329800079577,True,False,CPUExecutionProvider
459887,8.468133999485872,292.77472000103444,4.440663999048411,305.68414899971685,True,False,CPUExecutionProvider
155179,6.8998980004835175,298.21350400015945,4.407661999721313,309.521555000174,True,False,CPUExecutionProvider
261116,6.399111000064295,331.10818499881134,5.334979001418105,342.8430660005688,True,False,CPUExecutionProvider
396274,5.306986000505276,303.65019500095514,4.4205269987287465,313.37803899987193,True,False,CPUExecutionProvider
29640,6.339909999951487,316.75180700040073,4.923587999655865,328.01636699878145,True,False,CPUExecutionProvider
141328,4.993279000700568,289.03791199991247,4.4113789990660734,298.44311099986953,True,False,CPUExecutionProvider
308430,5.2035219996469095,273.0759569985821,4.680232001192053,282.9602120000345,True,False,CPUExecutionProvider
43314,6.382781000866089,274.1788820003421,4.424292999829049,284.9863560004451,True,False,CPUExecutionProvider
273715,6.187463999594911,322.7480999994441,4.528559000391397,333.4650850010803,True,False,CPUExecutionProvider
456303,6.2544000011257594,272.5296469998284,4.323966000811197,283.1086750011309,True,False,CPUExecutionProvider
406611,7.653750999452313,389.8002030000498,10.8837970001332,408.3383719989797,True,False,CPUExecutionProvider
475064,6.711145000735996,296.48295900005905,4.344854998635128,307.5396099993668,True,False,CPUExecutionProvider
466567,4.9409610001021065,257.10470100057137,4.278591000911547,266.32477400016796,True,False,CPUExecutionProvider
137246,5.759122999734245,258.21183400148584,4.600152999046259,268.57178099999146,True,False,CPUExecutionProvider
15079,6.364565999319893,285.29694700046093,4.443099000127404,296.10524300005636,True,False,CPUExecutionProvider
296284,5.645780998747796,363.4377449998283,4.396151000037207,373.4800369984441,True,False,CPUExecutionProvider
226147,11.513847999594873,258.9788029999909,4.7341640001832275,275.2276669998537,True,False,CPUExecutionProvider
226903,7.333850999202696,254.71068200022273,4.580205999445752,266.6252299986809,True,False,CPUExecutionProvider
127517,8.086641000772943,253.13819100119872,4.521625998677337,265.74704899940116,True,False,CPUExecutionProvider
162092,5.065975001343759,347.8848590002599,4.49917399964761,357.4508000001515,True,False,CPUExecutionProvider
131379,5.001765000997693,323.4373949999281,4.266248000931228,332.7058990016667,True,False,CPUExecutionProvider
366611,5.172364999452839,265.3403899985278,4.478005001146812,274.99125100075617,True,False,CPUExecutionProvider
263969,5.671068000083324,291.45149100077106,4.5429459987644805,301.666135999767,True,False,CPUExecutionProvider
551439,7.332328999837046,259.38834699991276,4.546783000478172,271.26782999948773,True,False,CPUExecutionProvider
474167,6.648186999882455,297.8548419996514,4.5856659999117255,309.0890860003128,True,False,CPUExecutionProvider
159458,7.331527000133065,296.3328450005065,4.675112999393605,308.3399659990391,True,False,CPUExecutionProvider
554735,7.101135999619146,304.8332409998693,4.284642000129679,316.2193490006757,True,False,CPUExecutionProvider
99428,8.142266000504605,282.6361290008208,4.3953799995506415,295.174255999882,True,False,CPUExecutionProvider
386352,4.2977470002369955,388.9602420003939,4.544960000202991,397.80328999950143,True,False,CPUExecutionProvider
173004,5.127850999997463,360.54898600013985,4.829583000173443,370.5069410007127,True,False,CPUExecutionProvider
311394,7.089112999892677,355.3329619990109,4.425246001119376,366.84792199957883,True,False,CPUExecutionProvider
578489,6.6039150005963165,322.47014200038393,4.740495998703409,333.81544499934535,True,False,CPUExecutionProvider
189310,7.736335001027328,328.5401979992457,4.395820000354433,340.6729840007756,True,False,CPUExecutionProvider
491366,6.410373000107938,415.7728150003095,13.286507999509922,435.47022699931404,True,False,CPUExecutionProvider
448076,11.05353599996306,263.9594999982364,4.714778000561637,279.72856599990337,True,False,CPUExecutionProvider
293804,6.366269999489305,303.87535900081275,4.43641699894215,314.6787179994135,True,False,CPUExecutionProvider
312237,6.139606000942877,334.5345589987119,4.633346001355676,345.30812200137007,True,False,CPUExecutionProvider
221291,7.015025001237518,277.3346779995336,4.995212999347132,289.34578799999144,True,False,CPUExecutionProvider
141821,5.021802999181091,379.387463999592,4.484377001062967,388.89399400068214,True,False,CPUExecutionProvider
410650,7.117918001313228,317.6478940004017,5.2443599997786805,330.0111440003093,True,False,CPUExecutionProvider
199310,7.15718200081028,389.2213119997905,10.020261999670765,406.39942699999665,True,False,CPUExecutionProvider
323151,11.142192999614053,332.8924509987701,4.639427001166041,348.67487200062897,True,False,CPUExecutionProvider
89648,7.876870000472991,361.3692560011259,5.04821200047445,374.29508900095243,True,False,CPUExecutionProvider
219283,6.827003999205772,358.3952880017023,4.43672699839226,369.65937899913115,True,False,CPUExecutionProvider
471869,4.447398001502734,288.70061799898394,4.589524000039091,297.7378100003989,True,False,CPUExecutionProvider
520264,4.7847990008449415,344.8943519997556,4.840253001020756,354.51962500155787,True,False,CPUExecutionProvider
111179,4.816058000869816,320.47060900004,4.403576000186149,329.6906140003557,True,False,CPUExecutionProvider
151000,6.2807710000925,299.63586700068845,4.594743999405182,310.5119930005458,True,False,CPUExecutionProvider
100624,6.346853999275481,310.3449339996587,4.72816299952683,321.42101299905335,True,False,CPUExecutionProvider
332570,3.7951770009385655,432.35435399947164,4.387865999888163,440.5378779993043,True,False,CPUExecutionProvider
57238,6.313191001027008,360.9344140004396,9.101142000872642,376.3493380010914,True,False,CPUExecutionProvider
502732,11.431856000854168,273.7828660010564,4.289051999876392,289.50452500066604,True,False,CPUExecutionProvider
135561,7.855669999116799,328.8409209999372,4.917558999295579,341.6150419998303,True,False,CPUExecutionProvider
8277,8.202598999559996,280.1488879995304,4.398446000777767,292.75064400098927,True,False,CPUExecutionProvider
173044,4.338163000284112,364.1922719998547,4.4859399986307835,373.0167049998272,True,False,CPUExecutionProvider
168458,6.996790998528013,363.49952399905305,12.728264000543277,383.2254909993935,True,False,CPUExecutionProvider
512194,15.033290001156274,302.6013740000053,4.379732001325465,322.0155480012181,True,False,CPUExecutionProvider
370042,7.71734099907917,294.17111099974136,4.793496000274899,306.6826089998358,True,False,CPUExecutionProvider
189436,7.0740660012234,280.0170570008049,4.365965998658794,291.4576200000738,True,False,CPUExecutionProvider
533958,5.1265599995531375,284.0232590006053,4.41935499839019,293.56946499865444,True,False,CPUExecutionProvider
117645,7.1055949993024115,321.3771189984982,5.226577000939869,333.7097019993962,True,False,CPUExecutionProvider
221708,4.833881999729783,453.1051229987497,12.90145900020434,470.8411049996357,True,False,CPUExecutionProvider
202228,13.388749999649008,502.8920470012963,13.650840999616776,529.9321790007525,True,False,CPUExecutionProvider
403565,12.512440000136849,284.27312500025437,4.5131410006433725,301.29913600103464,True,False,CPUExecutionProvider
211042,7.3306169997522375,385.04866199946264,4.518411000390188,396.89868099958403,True,False,CPUExecutionProvider
492878,9.193625999614596,343.82468199873983,4.88886500170338,357.9081040006713,True,False,CPUExecutionProvider
441586,7.5864360005653,405.15954500006046,5.585989998508012,418.3329329989647,True,False,CPUExecutionProvider
547816,4.397204000269994,306.0615599988523,4.554509001536644,315.01360400034173,True,False,CPUExecutionProvider
306733,7.023841999398428,274.6659610002098,4.571470999508165,286.2620159994549,True,False,CPUExecutionProvider
530099,6.71224899997469,315.02841399924364,4.317664999689441,326.05911899918283,True,False,CPUExecutionProvider
312278,7.271937000041362,347.0500080002239,4.460723001102451,358.78316900016216,True,False,CPUExecutionProvider
97679,11.468917000456713,338.03373699993244,4.664164000132587,354.1678799992951,True,False,CPUExecutionProvider
564127,6.646456000453327,281.5623200003756,4.4145960000605555,292.62387299968395,True,False,CPUExecutionProvider
251065,4.3736289990192745,290.07768600058625,4.470040999876801,298.9216869991651,True,False,CPUExecutionProvider
3845,6.596331999389804,299.97202699996706,4.977751001206343,311.5464910006267,True,False,CPUExecutionProvider
138819,11.703736001436482,303.8605990004726,4.525164000369841,320.0901600012003,True,False,CPUExecutionProvider
205834,7.372796000709059,334.9926480004797,4.473646999031189,346.8397319993528,True,False,CPUExecutionProvider
348708,7.438829999955487,438.55737800004135,15.686173999711173,461.6830730010406,True,False,CPUExecutionProvider
166521,12.257254000360263,413.92232600082934,15.981257000021287,442.1617980005976,True,False,CPUExecutionProvider
485802,10.824790000697249,278.36302899959264,4.273803000614862,293.46249400077795,True,False,CPUExecutionProvider
99054,7.347588998527499,390.9835349986679,7.160809000197332,405.49250499861955,True,False,CPUExecutionProvider
22969,6.647427999268984,353.4074100007274,4.593711999405059,364.64953199902084,True,False,CPUExecutionProvider
570539,6.949374001123942,263.8288559992361,4.471813999771257,275.25076500023715,True,False,CPUExecutionProvider
278353,6.211873000211199,332.24574599989865,4.523350000454229,342.9813500006276,True,False,CPUExecutionProvider
158548,8.040557000640547,390.0484400001005,15.701563999755308,413.79147299994656,True,False,CPUExecutionProvider
461405,13.336444000742631,267.0297830009076,4.548888999124756,284.91588799988676,True,False,CPUExecutionProvider
176606,5.458652000015718,381.045815998732,4.44735800010676,390.9521969999332,True,False,CPUExecutionProvider
44699,7.171961000494775,283.9133409997885,4.449593001481844,295.5352950011729,True,False,CPUExecutionProvider
559956,4.930302999127889,328.20505800009414,9.598204000212718,342.73410599962517,True,False,CPUExecutionProvider
268996,10.585121999611147,265.7402020013251,4.0852709989849245,280.41123599905404,True,False,CPUExecutionProvider
11197,5.271891999655054,267.98847200007003,4.729066000436433,277.989811000225,True,False,CPUExecutionProvider
483667,7.453057000020635,398.8642530002835,4.932676998578245,411.25089899833256,True,False,CPUExecutionProvider
448810,6.6769340010068845,364.7990999998001,5.632006999803707,377.1088930006954,True,False,CPUExecutionProvider
724,3.8373059996956727,320.1158250012668,4.727853998701903,328.6813649992837,True,False,CPUExecutionProvider
51961,7.700620999457897,278.86124100041343,5.281030000332976,291.8435329993372,True,False,CPUExecutionProvider
375278,6.327959999907762,262.1978860006493,4.552164999040542,273.079033000613,True,False,CPUExecutionProvider
302165,7.955647999551729,403.4617690012965,14.008593998369179,425.4269129996828,True,False,CPUExecutionProvider
131131,14.381381999555742,278.71533100005763,4.450024000107078,297.54786899866303,True,False,CPUExecutionProvider
98839,6.893880001371144,346.8279260014242,4.3758550000347896,358.098382001117,True,False,CPUExecutionProvider
402992,8.584035000239965,367.3857349986065,4.76577500012354,380.73629700011224,True,False,CPUExecutionProvider
465675,6.541199998537195,291.35086800124554,4.375262999019469,302.26796199895034,True,False,CPUExecutionProvider
240754,7.103523001205758,254.46058200031985,4.523411000263877,266.08784700147226,True,False,CPUExecutionProvider
21167,4.418784999870695,267.60361500055296,4.393949000586872,276.4166800006933,True,False,CPUExecutionProvider
148730,4.056375999425654,301.97175000103016,4.342131998782861,310.37058899892145,True,False,CPUExecutionProvider
384468,5.5190049988596,272.50201199967705,4.430556999068358,282.45279699876846,True,False,CPUExecutionProvider
253742,4.694361001384095,287.64679499909107,5.007167001167545,297.3488340012409,True,False,CPUExecutionProvider
186873,7.730386998446193,289.4248960001278,4.883915999016608,302.03979999896546,True,False,CPUExecutionProvider
82180,6.877830999655998,312.42908899912436,4.4242450003366685,323.7316559989267,True,False,CPUExecutionProvider
446522,6.794594999519177,299.4750790003309,4.480951998630189,310.7511769994744,True,False,CPUExecutionProvider
552902,8.383369999137358,356.08637900077156,4.390963998957886,368.86112399952253,True,False,CPUExecutionProvider
125405,5.230896000284702,348.7254369993025,4.387958000734216,358.3452029997716,True,False,CPUExecutionProvider
110211,5.069164000815363,280.22005400089256,4.624179999154876,289.9141289999534,True,False,CPUExecutionProvider
16010,4.5732140006293776,325.14114100013103,5.620566000288818,335.3356730003725,True,False,CPUExecutionProvider
64462,6.617323000682518,343.86232500037295,5.592624000200885,356.0732830010238,True,False,CPUExecutionProvider
314182,6.231229999684729,301.8713850015047,4.637914998966153,312.74093100000755,True,False,CPUExecutionProvider
248980,4.157445999226184,283.55553500114183,4.371205999632366,292.08504800044466,True,False,CPUExecutionProvider
68387,6.654812999840942,401.42007199938234,4.325741001593997,412.4012770007539,True,False,CPUExecutionProvider
429281,4.691565998655278,253.14086799880897,4.590607000864111,262.4238919997879,True,False,CPUExecutionProvider
345466,3.764119001061772,277.3416210002324,4.454211000847863,285.5605220011057,True,False,CPUExecutionProvider
352900,6.353399001454818,314.57339100052195,4.525264999756473,325.45267600107763,True,False,CPUExecutionProvider
118367,6.48290199933399,310.67426899971906,4.343976001109695,321.5015269997821,True,False,CPUExecutionProvider
113235,4.578013000354986,314.6970230009174,4.446457000085502,323.72184400082915,True,False,CPUExecutionProvider
311303,7.09098000152153,332.39614400008577,4.51288200019917,344.0007070003048,True,False,CPUExecutionProvider
163640,6.879474000015762,291.0611709994555,4.512440998951206,302.4538769986975,True,False,CPUExecutionProvider
370999,7.241732999318629,284.34313999969163,4.706554000222241,296.29227799887303,True,False,CPUExecutionProvider
1490,5.920588000662974,390.6673880010203,4.703078999227728,401.29162700031884,True,False,CPUExecutionProvider
329456,5.717978998291073,530.626679001216,12.895320000097854,549.2408589998377,True,False,CPUExecutionProvider
570471,11.244548999457038,416.4944229996763,4.8244549998344155,432.56407899934857,True,False,CPUExecutionProvider
88269,7.470751999790082,500.2745399997366,15.755948999867542,523.5023129989713,True,False,CPUExecutionProvider
260470,15.022385001429939,365.30581999977585,7.84147599915741,388.1699710000248,True,False,CPUExecutionProvider
193494,13.871699999072007,256.6177860007883,4.4745399991370505,274.96483699906094,True,False,CPUExecutionProvider
252776,6.512396999823977,345.94349799954216,4.256501999407192,356.71269799968286,True,False,CPUExecutionProvider
201072,7.76076500005729,407.4506350007141,4.552135998892481,419.7640269994736,True,False,CPUExecutionProvider
18150,5.947819001448806,336.9397909991676,4.443851999894832,347.33202300049015,True,False,CPUExecutionProvider
337498,8.66808399950969,310.2581500006636,4.506540000875248,323.43324500106974,True,False,CPUExecutionProvider
521405,7.375604000117164,493.8586930002202,13.791990999379777,515.0268689994846,True,False,CPUExecutionProvider
518770,14.366848001373,468.3858459993644,4.861895000431105,487.61505000038596,True,False,CPUExecutionProvider
201646,7.941584000946023,346.06544000052963,4.588593999869772,358.596349000436,True,False,CPUExecutionProvider
36936,4.960259000654332,276.48945200053276,4.961482998623978,286.4119559999381,True,False,CPUExecutionProvider
59044,6.97210799989989,317.73706499916443,5.555274001380894,330.265288001101,True,False,CPUExecutionProvider
172946,6.373828000505455,241.88396299905435,4.69198700011475,252.95068000013998,True,False,CPUExecutionProvider
234607,11.069281001255149,409.36394600066706,4.425197999808006,424.85930700058816,True,False,CPUExecutionProvider
532690,7.15500099977362,303.7273299996741,4.498405000049388,315.38123700011056,True,False,CPUExecutionProvider
323895,7.151554000301985,304.4320629996946,12.564372000269941,324.1483990004781,True,False,CPUExecutionProvider
384670,6.982898001297144,253.7562319994322,4.361238001365564,265.10107000103744,True,False,CPUExecutionProvider
50326,5.155515998922056,251.60397099898546,4.372389001218835,261.1323370001628,True,False,CPUExecutionProvider
205542,7.98893299906922,245.98512899865455,5.244202000540099,259.21906499934266,True,False,CPUExecutionProvider
217957,5.107675999170169,271.55400900119275,4.465412999707041,281.12744899954123,True,False,CPUExecutionProvider
162035,4.051828000228852,403.2779280005343,12.565404000270064,419.8956510008429,True,False,CPUExecutionProvider
415727,11.42976700066356,486.2263270006224,9.742285999891465,507.39934200100834,True,False,CPUExecutionProvider
46252,15.511761999732698,314.1271399999823,5.032816001403262,334.6724090006319,True,False,CPUExecutionProvider
182021,5.901522999920417,321.85155599836435,13.015868000366027,340.7695389996661,True,False,CPUExecutionProvider
231747,16.072663000159082,286.46116600066307,4.4831359991803765,307.0180270005949,True,False,CPUExecutionProvider
90284,6.6635500006668735,362.29991800064454,12.422055999195436,381.3863659997878,True,False,CPUExecutionProvider
286553,11.938770001506782,277.18111499962106,4.58293399969989,293.7030800003413,True,False,CPUExecutionProvider
488736,8.049396999922465,294.0242849999777,4.455293999853893,306.52993700095976,True,False,CPUExecutionProvider
63602,6.218516999069834,274.19810200080974,4.482114998609177,284.89909499876376,True,False,CPUExecutionProvider
383386,6.916374000866199,315.6755269992573,4.344386999946437,326.9370300004084,True,False,CPUExecutionProvider
450686,6.653823000306147,290.4849380011001,4.462306998902932,301.60148899994965,True,False,CPUExecutionProvider
5060,4.547436999928323,350.16330600046786,4.429546001119888,359.1405600000144,True,False,CPUExecutionProvider
286523,6.917415999851073,360.5090429991833,12.559163000332774,379.9862329997268,True,False,CPUExecutionProvider
120420,11.240051999266143,285.91596499973093,4.70260800102551,301.8593359993247,True,False,CPUExecutionProvider
579655,6.5971660005743615,296.8178450009873,4.643356998712989,308.059389999471,True,False,CPUExecutionProvider
117908,5.780096000307822,436.6487160004908,4.8409669998363825,447.2701300001063,True,False,CPUExecutionProvider
550322,7.506680000005872,336.0261950001586,4.548148001049412,348.0816950013832,True,False,CPUExecutionProvider
322844,8.193537001716322,441.60888199985493,12.701248999292147,462.5041090002924,True,False,CPUExecutionProvider
218362,12.213535999762826,577.0703449998109,12.751574000503751,602.0357649995276,True,False,CPUExecutionProvider
213224,12.443597001038142,291.50816800029133,4.962224000337301,308.91472000075737,True,False,CPUExecutionProvider
223747,3.012172001035651,288.96335100034776,4.309672000090359,296.28574600064894,True,False,CPUExecutionProvider
297578,5.803660000310629,289.1781060006906,4.733366000436945,299.71628400016925,True,False,CPUExecutionProvider
458992,7.758101000945317,413.91134500008775,12.989259001187747,434.6594760008884,True,False,CPUExecutionProvider
78266,8.095674000287545,439.24462699942524,4.522781000559917,451.86411299982865,True,False,CPUExecutionProvider
164602,6.415085999833536,432.15106400020886,15.794172999449074,454.36078399870894,True,False,CPUExecutionProvider
440475,10.934780999377836,401.9110030003503,4.8258289989462355,417.67296499892836,True,False,CPUExecutionProvider
101762,7.768661000227439,370.7023429997207,5.080766000901349,383.5526420007227,True,False,CPUExecutionProvider
557501,7.956613000715151,346.0848630002147,4.766858999573742,358.8088260003133,True,False,CPUExecutionProvider
203317,6.963694000660325,275.3205179997167,4.446888999154908,286.73171199989156,True,False,CPUExecutionProvider
368940,7.727062999038026,369.67469199953484,4.8941570003080415,382.29639299970586,True,False,CPUExecutionProvider
569917,5.283014999804436,312.77800200041384,4.5108189988241065,322.5728179986618,True,False,CPUExecutionProvider
144798,4.015802000139956,297.3725560004823,4.495510998822283,305.88420999993104,True,False,CPUExecutionProvider
284623,6.878443999084993,327.37126000029093,4.60492499951215,338.8554399989516,True,False,CPUExecutionProvider
520301,6.614469000851386,350.49543300010555,4.447790999620338,361.55806399983703,True,False,CPUExecutionProvider
127987,4.931677998683881,296.12117699980445,4.574689000946819,305.6287660001544,True,False,CPUExecutionProvider
63740,4.935715000101482,390.528762998656,12.815865000447957,408.2805840007495,True,False,CPUExecutionProvider
36494,7.9073109991441015,285.4591880004591,5.384465999668464,298.7517069996102,True,False,CPUExecutionProvider
210032,3.8395709998439997,344.19943499960937,4.783580001458176,352.8231880009116,True,False,CPUExecutionProvider
488270,6.916664999152999,330.969828999514,13.399047000348219,351.28615199937485,True,False,CPUExecutionProvider
67180,7.9874219991324935,263.02626300093834,4.541556998447049,275.556273998518,True,False,CPUExecutionProvider
281179,4.96360699980869,274.1691659994103,4.38618500083976,283.5195890002069,True,False,CPUExecutionProvider
64359,6.07028999911563,393.96781399955216,4.702569000073709,404.74113399977796,True,False,CPUExecutionProvider
126226,7.7556470005220035,285.5357890002779,4.570991999571561,297.86287900060415,True,False,CPUExecutionProvider
190923,6.632534001255408,353.4204560000944,4.998231999707059,365.0518230006128,True,False,CPUExecutionProvider
150265,7.8848890007066075,327.0123429992964,11.721606000719476,346.61936900010915,True,False,CPUExecutionProvider
216739,10.72428799852787,317.4292940002488,4.527781000433606,332.6821039991046,True,False,CPUExecutionProvider
38048,3.298118001112016,258.3665820002352,4.455566000615363,266.1205870008416,True,False,CPUExecutionProvider
354829,6.217476999154314,272.6808469997195,4.237316999933682,283.13627199895564,True,False,CPUExecutionProvider
525155,6.701803000396467,375.77770200005034,4.3890110009670025,386.8690470008005,True,False,CPUExecutionProvider
163314,5.8998519998567645,355.8461979991989,4.420661000040127,366.1671009995189,True,False,CPUExecutionProvider
259571,5.708492999474402,343.1935409989819,6.25569800104131,355.15818299973034,True,False,CPUExecutionProvider
561679,8.735933999560075,377.91164299960656,4.714822000096319,391.3631199993688,True,False,CPUExecutionProvider
236166,6.931392999831587,445.03706300019985,7.595116001539282,459.5643430002383,True,False,CPUExecutionProvider
153529,8.750340000915457,476.2192939997476,4.966082000464667,489.9366879999434,True,False,CPUExecutionProvider
473015,4.814378000446595,635.9175279994815,4.3931500003964175,645.1259069999651,True,False,CPUExecutionProvider
379800,5.376650999096455,357.7873060003185,4.7806050006329315,367.94485300015367,True,False,CPUExecutionProvider
253835,10.757040001408313,388.0422610000096,5.494100998475915,404.29434399993625,True,False,CPUExecutionProvider
34071,6.051164999007597,418.38981000000786,5.068634000053862,429.51012999947125,True,False,CPUExecutionProvider
36861,8.756703000472044,365.36895199969877,4.695366000305512,378.82207300026494,True,False,CPUExecutionProvider
569565,5.91196399909677,360.702375000983,4.531798998868908,371.14693999865267,True,False,CPUExecutionProvider
219271,6.755904998499318,306.0237009995035,4.650942999433028,317.4316409986204,True,False,CPUExecutionProvider
205647,7.700044001467177,315.25165699895297,5.9198489998379955,328.87256200046977,True,False,CPUExecutionProvider
460841,13.934632999735186,345.07884300001024,4.823114999453537,363.8377629995375,True,False,CPUExecutionProvider
123131,7.017054000243661,300.2656089993252,4.446659000677755,311.73033400045824,True,False,CPUExecutionProvider
334006,4.438074000063352,483.56185300144716,4.626515999916592,492.62665300011577,True,False,CPUExecutionProvider
511599,14.450319000388845,408.076797000831,5.575283999860403,428.10324099991703,True,False,CPUExecutionProvider
229858,6.6804239995690295,457.45200799865415,12.657000001127017,476.7902530002175,True,False,CPUExecutionProvider
174004,12.511858001744258,513.815254000292,4.55500299904088,530.8824250005273,True,False,CPUExecutionProvider
519764,6.277409000176704,400.032833998921,9.565468000801047,415.8762220013159,True,False,CPUExecutionProvider
137576,16.524835000382154,345.1201640000363,5.355601999326609,367.00150199976633,True,False,CPUExecutionProvider
87470,4.914666000331636,446.6401549998409,12.973312001122395,464.52876500006823,True,False,CPUExecutionProvider
9769,12.94725400111929,297.74632299995574,4.473781000342569,315.1683290016081,True,False,CPUExecutionProvider
558114,5.017158999180538,509.4971569997142,12.53827700020338,527.0531839996693,True,False,CPUExecutionProvider
205776,14.338809998662327,281.0691630002111,4.549201999907382,299.9586179994367,True,False,CPUExecutionProvider
163257,9.402693000083673,341.3204640000913,4.366438999568345,355.0904679996165,True,False,CPUExecutionProvider
475678,4.515359001743491,296.3115900001867,4.691308000474237,305.5188780017488,True,False,CPUExecutionProvider
85478,4.190629999357043,336.64735999991535,6.0622359997069,346.9004569997196,True,False,CPUExecutionProvider
318080,8.04348800011212,323.42206000066653,4.356801000540145,335.8232400005363,True,False,CPUExecutionProvider
361551,7.377048999842373,318.8176129988278,5.20179500017548,331.39714899880346,True,False,CPUExecutionProvider
236784,6.752208000762039,311.861313000918,4.33165399954305,322.94554600048286,True,False,CPUExecutionProvider
92839,5.865769000592991,313.75705800019205,4.44818299911276,324.07180100017285,True,False,CPUExecutionProvider
42296,7.371347999651334,389.1418849998445,4.50049099890748,401.0146659984457,True,False,CPUExecutionProvider
560266,8.332839999638963,377.78750700090313,4.479180999624077,390.6004389991722,True,False,CPUExecutionProvider
486479,6.59921199985547,304.8834490000445,4.351090001364355,315.8347730004607,True,False,CPUExecutionProvider
127955,8.027909001611988,364.8157600000559,4.387037999549648,377.2310770000331,True,False,CPUExecutionProvider
307658,5.658198999299202,347.93090099992696,5.27016299929528,358.8595040000655,True,False,CPUExecutionProvider
417465,4.584829001032631,416.3361279988749,4.4499260002339724,425.37130399978196,True,False,CPUExecutionProvider
342971,5.736006000006455,312.0724389991665,4.6551000014005695,322.46391599983326,True,False,CPUExecutionProvider
11760,5.048897999586188,348.3198560006713,4.620014999090927,357.98899899964454,True,False,CPUExecutionProvider
69106,6.395500999133219,306.0860289988341,4.518384001130471,317.00071500017657,True,False,CPUExecutionProvider
70158,8.311659999890253,294.58737799905066,4.62236900057178,307.5221889994282,True,False,CPUExecutionProvider
176634,7.290005998584093,350.797690998661,4.405984000186436,362.4941219986795,True,False,CPUExecutionProvider
281447,5.090585998914321,349.6344830000453,4.58450900077878,359.3106099997385,True,False,CPUExecutionProvider
552371,5.903208000745508,372.4718550001853,5.488340999363572,383.8640560006752,True,False,CPUExecutionProvider
361919,7.239952999952948,343.1152440007281,4.710625000370783,355.06675400029053,True,False,CPUExecutionProvider
560256,5.030554000768461,273.4132080004201,5.472230999657768,283.91650400044455,True,False,CPUExecutionProvider
138115,4.68098899909819,423.14234399964334,4.293923999284743,432.11823899946467,True,False,CPUExecutionProvider
114871,6.2441079990094295,342.1506419999787,4.318580000472139,352.7137099990796,True,False,CPUExecutionProvider
374369,6.44449299943517,297.23986799945123,5.163132000234327,308.8482240000303,True,False,CPUExecutionProvider
123213,6.498554001154844,468.4017079998739,4.54133799939882,479.44215099960275,True,False,CPUExecutionProvider
123321,6.989494000663399,334.6480510008405,4.459484000108205,346.09730900047,True,False,CPUExecutionProvider
15278,7.886774999860791,353.61841899975843,4.380295998998918,365.8864609988086,True,False,CPUExecutionProvider
357742,7.620636999490671,274.93576999950164,4.318220000641304,286.8754680002894,True,False,CPUExecutionProvider
439854,5.813491001390503,253.89401100073883,4.587935000017751,264.29589800136455,True,False,CPUExecutionProvider
465836,7.182676001320942,262.9050820014527,4.532870998446015,274.62089999971795,True,False,CPUExecutionProvider
414385,4.422295000040322,269.86321800177393,4.395133999423706,278.68090700030734,True,False,CPUExecutionProvider
131556,7.055106998450356,281.11614199951873,4.375738000817364,292.54793799918843,True,False,CPUExecutionProvider
322724,6.281907999436953,312.9485659992497,4.429719001564081,323.6608150000393,True,False,CPUExecutionProvider
320664,6.931805999556673,304.8671469987312,4.645122000511037,316.44506699922204,True,False,CPUExecutionProvider
481390,8.505284000420943,389.82117399973504,8.580845000324189,406.90781400007836,True,False,CPUExecutionProvider
109916,4.69081799928972,261.01414599907,4.583687001286307,270.2888410003652,True,False,CPUExecutionProvider
276434,6.244569000045885,270.9183210008632,4.48684499860974,281.6505659993709,True,False,CPUExecutionProvider
579635,7.3920989998441655,285.94803899977705,4.454666001038277,297.7952750006807,True,False,CPUExecutionProvider
295316,4.520468999544391,263.254206000056,4.422714999236632,272.1977399996831,True,False,CPUExecutionProvider
571313,6.531867000376224,377.97153900100966,6.202860000485089,390.7066570009192,True,False,CPUExecutionProvider
183127,6.87024999933783,264.5472290005273,4.378452998935245,275.7966139997734,True,False,CPUExecutionProvider
115898,4.6339410000655334,274.2489669999486,4.37057799899776,283.253795998462,True,False,CPUExecutionProvider
146358,7.288804999916465,412.042633000965,4.810462000023108,424.14236100012204,True,False,CPUExecutionProvider
329542,4.588314999637078,373.9649199997075,4.3501000000105705,382.9036659990379,True,False,CPUExecutionProvider
189752,4.3324669986759545,283.976574000917,4.661011998905451,292.97048399894265,True,False,CPUExecutionProvider
290163,8.284419998744852,296.9693550003285,4.696779000369133,309.9515859994426,True,False,CPUExecutionProvider
91406,7.278475000930484,451.11292700130434,14.14571199893544,472.53778599952057,True,False,CPUExecutionProvider
322352,8.73623700135795,361.06702299912286,4.744167999888305,374.54803900072875,True,False,CPUExecutionProvider
223959,11.3917919989035,313.28017599844316,5.238605001068208,329.9109439994936,True,False,CPUExecutionProvider
326248,7.186603999798535,256.30777300102636,4.820501999347471,268.31536999998207,True,False,CPUExecutionProvider
218439,6.990135998421465,476.3630390007165,12.80454900006589,496.1581150000711,True,False,CPUExecutionProvider
453722,10.171044999879086,278.4878379989095,4.412616999616148,293.07250199963164,True,False,CPUExecutionProvider
293625,7.061879998218501,289.3508529996325,4.4820860002801055,300.89540999870223,True,False,CPUExecutionProvider
411817,4.426543000590755,391.65002800109505,15.916708998702234,411.9936400002189,True,False,CPUExecutionProvider
546964,8.600061999459285,330.32671100045263,4.889720999926794,343.81714499977534,True,False,CPUExecutionProvider
215259,6.8583390002459055,277.0864680005616,4.614875999322976,288.56012399955944,True,False,CPUExecutionProvider
573094,7.03575199986517,307.33074100135127,4.531779999524588,318.8988839992817,True,False,CPUExecutionProvider
560011,5.717422000088845,356.2543589996494,4.4068759998481255,366.37967899878277,True,False,CPUExecutionProvider
38576,3.8806709999335,373.4063359988795,15.679546000683331,392.9668839991791,True,False,CPUExecutionProvider
147729,5.615369998849928,266.06185700075,4.430790999322198,276.1085889997048,True,False,CPUExecutionProvider
579307,7.21236200115527,262.6092589998734,4.341474001194001,274.16419700057304,True,False,CPUExecutionProvider
154425,6.391164000888239,293.9382669992483,4.419059001520509,304.7493410012976,True,False,CPUExecutionProvider
432898,4.312299000957864,318.9874460003921,4.8546259986324,328.15479199962283,True,False,CPUExecutionProvider
404923,8.071991998804151,275.2062420004222,4.450057000212837,287.72889299943927,True,False,CPUExecutionProvider
130586,6.578534999789554,267.720649999319,4.464154000743292,278.76371999991534,True,False,CPUExecutionProvider
163057,6.997319998845342,298.1877509992046,4.588867001075414,309.7744189999503,True,False,CPUExecutionProvider
7511,5.141493000337505,325.15099800002645,4.409941999256262,334.7029440010374,True,False,CPUExecutionProvider
67406,3.676639000332216,279.95862100033264,4.27359700006491,287.9090870010259,True,False,CPUExecutionProvider
290179,7.249061000038637,297.6634330007073,4.443674999492941,309.3566000006831,True,False,CPUExecutionProvider
248752,6.013616999553051,293.14785200040205,4.409019999002339,303.57088999880943,True,False,CPUExecutionProvider
54593,7.6518959995155456,314.66608899972925,4.63811900044675,326.9567460010876,True,False,CPUExecutionProvider
116208,7.985891999851447,265.57929500086175,4.865454999162466,278.4310329989239,True,False,CPUExecutionProvider
340697,6.317946999843116,340.7072009995318,4.888649000349687,351.9141380002111,True,False,CPUExecutionProvider
450303,4.404823001095792,272.7766199986945,4.817045000891085,281.9987990005757,True,False,CPUExecutionProvider
494427,7.23251100134803,277.8880490004667,4.519778000030783,289.64083900063997,True,False,CPUExecutionProvider
137294,7.869754999774159,305.48273000022164,4.499198999837972,317.852664999009,True,False,CPUExecutionProvider
410880,4.022475999590824,255.614447998596,4.493289001402445,264.130584000668,True,False,CPUExecutionProvider
311180,6.922640000993852,287.6555919992825,4.346493000412011,298.92501500034996,True,False,CPUExecutionProvider
91654,7.816765000825399,271.7479379989527,4.391418000523117,283.9565920003224,True,False,CPUExecutionProvider
181796,4.206171000987524,327.6705429998401,7.653089000086766,339.5304240002588,True,False,CPUExecutionProvider
2431,9.954811001080088,278.801474998545,4.7791750002943445,293.5365430003003,True,False,CPUExecutionProvider
349184,4.372090999822831,245.65212899869948,4.58360700031335,254.6082379994914,True,False,CPUExecutionProvider
298396,8.125002999804565,334.30037799917045,4.716647001259844,347.14253899983305,True,False,CPUExecutionProvider
472046,4.254371000570245,257.86563200017554,4.838845999984187,266.9592600013857,True,False,CPUExecutionProvider
74058,3.4493129987822613,302.77478599964525,4.728449001049739,310.9531390000484,True,False,CPUExecutionProvider
58029,7.17830900066474,294.5529410008021,5.385349999414757,307.11735200020485,True,False,CPUExecutionProvider
134096,7.444067001415533,251.8968920012412,4.559612998491502,263.9012529998581,True,False,CPUExecutionProvider
111951,5.153204998350702,277.73104700099793,4.633991999071441,287.5193659983779,True,False,CPUExecutionProvider
103585,6.87695400119992,269.2119060011464,4.5957709990034346,280.68518200052495,True,False,CPUExecutionProvider
210273,5.339584000466857,288.51334899991343,4.970121999576804,298.8238369998726,True,False,CPUExecutionProvider
352584,4.718820999187301,258.9562310004112,4.192054000668577,267.8675070001191,True,False,CPUExecutionProvider
446651,6.377638999765622,305.1625869993586,4.295356999136857,315.8358639993821,True,False,CPUExecutionProvider
194875,5.243544999757432,289.9114419997204,5.325297001036233,300.4807550005353,True,False,CPUExecutionProvider
52017,11.337281999658444,282.91892999914126,4.430562001289218,298.68763600097736,True,False,CPUExecutionProvider
336309,6.397275999916019,306.3297369990323,4.304024001612561,317.03186800041294,True,False,CPUExecutionProvider
227478,5.406800000855583,312.87545099985437,4.649300999517436,322.9320629998256,True,False,CPUExecutionProvider
339870,6.641062998824054,298.38870899948233,4.376259001219296,309.40680200001225,True,False,CPUExecutionProvider
80666,6.015251001372235,342.60204000020167,4.578759000651189,353.19626000091375,True,False,CPUExecutionProvider
33707,6.676128999970388,320.4264929991041,5.418352000560844,332.5217649999104,True,False,CPUExecutionProvider
327601,4.478451000977657,259.3296190007095,4.587405999700422,268.39598700098577,True,False,CPUExecutionProvider
255749,6.208433000210789,291.2350799997512,4.52556900017953,301.9698630014318,True,False,CPUExecutionProvider
8762,6.114817000707262,378.3211600002687,4.4643550008913735,388.90098400042916,True,False,CPUExecutionProvider
526392,4.277054000340286,250.0797809989308,4.442203000508016,258.7998700000753,True,False,CPUExecutionProvider
535578,5.501266999999643,377.1451590000652,7.556589000159875,390.20360599897685,True,False,CPUExecutionProvider
580757,6.625493999308674,375.6896939994476,4.565754999930505,386.8817639995541,True,False,CPUExecutionProvider
165039,19.67047600010119,311.60175500008336,4.618062999725225,335.8911459999945,True,False,CPUExecutionProvider
148719,6.895770999108208,301.9869119998475,4.44965800124919,313.33337300020503,True,False,CPUExecutionProvider
108440,7.326637998630758,334.89949100112426,4.330093999669771,346.55661299984786,True,False,CPUExecutionProvider
489842,4.43703300152265,340.5111650008621,4.88332999884733,349.8317590001534,True,False,CPUExecutionProvider
579818,4.269188999387552,281.83766300026036,4.478550999920117,290.5857739988278,True,False,CPUExecutionProvider
423229,4.998295000405051,295.8981890005816,4.432454999914626,305.329470000288,True,False,CPUExecutionProvider
323828,4.797198000233038,350.1513920000434,4.37948599937954,359.3285070001002,True,False,CPUExecutionProvider
166287,6.9647590007662075,314.60673500077974,11.254256998654455,332.82645299914293,True,False,CPUExecutionProvider
101420,6.949001000975841,357.7404550014762,11.501169999974081,376.1911270012206,True,False,CPUExecutionProvider
334555,14.487825999822235,272.0471720003843,4.716867999377428,291.25235699939367,True,False,CPUExecutionProvider
196759,6.729468999765231,265.32291500006977,4.417957999976352,276.47110399993835,True,False,CPUExecutionProvider
411665,6.6887930006487295,317.31249899894465,4.450919999726466,328.45255299980636,True,False,CPUExecutionProvider
61418,6.363624001096468,315.25354199948197,4.619155000909814,326.2366810013191,True,False,CPUExecutionProvider
526751,5.172602001039195,365.0239489998057,4.479313000047114,374.67657500019413,True,False,CPUExecutionProvider
24021,3.7703039997722954,276.2967810012924,4.414441000335501,284.4823280011042,True,False,CPUExecutionProvider
277020,5.980795998766553,371.58161800107337,11.125875998914125,388.6891919992195,True,False,CPUExecutionProvider
47828,3.7531219986703945,309.7417190001579,4.541939999398892,318.0371719990944,True,False,CPUExecutionProvider
183716,7.5360000009823125,320.60262099912507,4.333290000431589,332.4727930012159,True,False,CPUExecutionProvider
271997,4.718369998954586,451.9567930001358,5.536103000849835,462.211557000046,True,False,CPUExecutionProvider
8532,4.37316399984411,279.2401719998452,4.445278998900903,288.0590459990344,True,False,CPUExecutionProvider
94336,6.147329000668833,320.65532300111954,4.453474999536411,331.25665800071147,True,False,CPUExecutionProvider
390555,7.381189998341142,315.12697400103207,5.190675999983796,327.6995119995263,True,False,CPUExecutionProvider
250282,6.439796999984537,316.793891000998,5.1821100005327025,328.41664900115575,True,False,CPUExecutionProvider
68409,6.317338000371819,359.70601799999713,4.718121001133113,370.7418570011214,True,False,CPUExecutionProvider
2299,6.68989499899908,472.4841869992815,13.260757001262391,492.4357410000084,True,False,CPUExecutionProvider
11051,12.58280799993372,266.59446399935405,4.486747000555624,283.664749998934,True,False,CPUExecutionProvider
66038,4.8838210004760185,338.0405259995314,4.644233000362874,347.56915100115293,True,False,CPUExecutionProvider
360960,6.793880000259378,291.7731529996672,4.4459000000642845,303.0139050006255,True,False,CPUExecutionProvider
360097,6.32118400062609,325.2057310000964,4.705586999989464,336.2329730007332,True,False,CPUExecutionProvider
421455,6.457370000134688,399.5788390002417,12.660974000027636,418.69792400029837,True,False,CPUExecutionProvider
504589,13.607036000394146,268.8173320002534,6.212109999978566,288.63732000172604,True,False,CPUExecutionProvider
464522,6.720692999806488,354.03471300014644,4.3952460000582505,365.15160399903834,True,False,CPUExecutionProvider
454750,4.114791001484264,323.46027300081914,4.4380660001479555,332.0133600009285,True,False,CPUExecutionProvider
509735,6.724901000779937,411.7964180004492,4.4413819996407256,422.9630919999181,True,False,CPUExecutionProvider
23034,4.825702999369241,270.58432800004084,4.384967000078177,279.79546899950947,True,False,CPUExecutionProvider
141671,3.708469001139747,346.98710199882044,4.765038000186905,355.46156000054907,True,False,CPUExecutionProvider
506656,6.595539000045392,391.8693739997252,4.338128999734181,402.803552999103,True,False,CPUExecutionProvider
272566,4.724492000605096,276.3719560007303,4.608204999385634,285.7049039994308,True,False,CPUExecutionProvider
45728,7.426165000651963,468.1667919994652,12.136250999901677,487.73009999968053,True,False,CPUExecutionProvider
424551,11.512081000546459,289.79754600004526,4.3499109997355845,305.6601890002639,True,False,CPUExecutionProvider
341719,4.156859000431723,375.5550799996854,4.774687000463018,384.4870470002206,True,False,CPUExecutionProvider
72795,6.3482160003331956,392.6426099988021,4.575404000206618,403.5670609991939,True,False,CPUExecutionProvider
78959,6.828204999692389,313.8504600010492,4.678205999880447,325.35721200110856,True,False,CPUExecutionProvider
417285,6.177876999572618,326.3579469985416,4.577337000227999,337.11384199887107,True,False,CPUExecutionProvider
2157,8.905356999093783,371.3081780006178,4.722878999018576,384.9373459997878,True,False,CPUExecutionProvider
43816,6.703642000502441,296.6026840003906,4.391278000184684,307.6984960007394,True,False,CPUExecutionProvider
455555,6.615717000386212,279.4100579994847,4.363346000900492,290.3897420001158,True,False,CPUExecutionProvider
535306,4.002920000857557,408.8327970002865,9.461129000555957,422.2972370007483,True,False,CPUExecutionProvider
30504,11.96461000108684,248.82691399943724,4.313912999350578,265.1061579999805,True,False,CPUExecutionProvider
93353,6.36745100018743,325.6062860000384,4.429189999427763,336.40381899931526,True,False,CPUExecutionProvider
530052,5.143127000337699,346.59062900027493,4.6639299998787465,356.3987680008722,True,False,CPUExecutionProvider
473118,6.085023000196088,343.7083899989375,4.558753000310389,354.3525059994863,True,False,CPUExecutionProvider
91779,7.899332000306458,290.7315190004738,4.506815001150244,303.1385180001962,True,False,CPUExecutionProvider
283113,4.613714998413343,268.474171998605,4.420905001097708,277.50912299961783,True,False,CPUExecutionProvider
226130,7.2084280000126455,260.21961699916574,4.420743000082439,271.84970000053,True,False,CPUExecutionProvider
97278,6.425972000215552,253.03356099902885,4.490975999942748,263.951189999716,True,False,CPUExecutionProvider
567640,6.50045099973795,311.6611509994982,4.498680000324384,322.6612340004067,True,False,CPUExecutionProvider
532493,4.746053999042488,291.68280699923343,4.300118000173825,300.7296199994016,True,False,CPUExecutionProvider
45550,6.687732000500546,269.7720500000287,4.622111000571749,281.0823039999377,True,False,CPUExecutionProvider
156643,4.370389999166946,257.80689800012624,4.7938930001691915,266.97160199910286,True,False,CPUExecutionProvider
430056,6.884319998789579,344.4229179985996,5.641211000693147,356.9489599994995,True,False,CPUExecutionProvider
410456,7.5111950009159045,394.4397260002006,12.849239001297974,414.80086100091285,True,False,CPUExecutionProvider
441286,6.218461998287239,295.57922200001485,4.4598770000447985,306.2582829988969,True,False,CPUExecutionProvider
279541,7.807260000845417,268.2468559996778,4.683367000325234,280.7380040012504,True,False,CPUExecutionProvider
885,4.133746000661631,376.00799099891447,14.612062001106096,394.7541600009572,True,False,CPUExecutionProvider
378284,4.23580799906631,389.7804789994552,4.507686999204452,398.52452499872015,True,False,CPUExecutionProvider
156076,8.868529001119896,279.86293799949635,4.746384000100079,293.47879200031457,True,False,CPUExecutionProvider
143572,7.262929999342305,439.03351000153634,4.643020000003162,450.94009100102994,True,False,CPUExecutionProvider
229849,4.788271999132121,348.21424199981266,4.912936999971862,357.9162229998474,True,False,CPUExecutionProvider
39551,7.515604000218445,280.66243899957044,4.310227001042222,292.4888210000063,True,False,CPUExecutionProvider
56344,7.239836999360705,394.17158600008406,4.3759700001828605,405.78789400024107,True,False,CPUExecutionProvider
193348,7.818170999598806,312.5004719986464,4.387692000818788,324.70717599971977,True,False,CPUExecutionProvider
16958,4.285541001081583,263.4877679993224,4.602154000167502,272.37590400000045,True,False,CPUExecutionProvider
572678,6.889410000439966,254.23425799999677,4.710367000370752,265.8348760014633,True,False,CPUExecutionProvider
106235,6.8838299994240515,362.4143399993045,4.750060999867856,374.0488919993368,True,False,CPUExecutionProvider
341681,7.072614000207977,259.01549000082014,4.399503999593435,270.4882689995429,True,False,CPUExecutionProvider
83172,6.945053999515949,296.0932709993358,4.558032000204548,307.5971489997755,True,False,CPUExecutionProvider
343524,3.84912299887219,314.10796999989543,5.235871998593211,323.1935659987357,True,False,CPUExecutionProvider
395801,11.429849000705872,263.32065899987356,4.604908999681356,279.3559380006627,True,False,CPUExecutionProvider
388056,6.5479810000397265,253.16539000050398,4.616199999873061,264.32997200026875,True,False,CPUExecutionProvider
259690,8.63674600077502,285.9898009992321,4.667737001000205,299.2948350001825,True,False,CPUExecutionProvider
235836,5.311503000484663,316.90096800048195,4.418289998284308,326.63117199990666,True,False,CPUExecutionProvider
343218,6.263106000915286,330.4679250013578,13.949670999863883,350.68163400137564,True,False,CPUExecutionProvider
205105,10.251751000396325,263.6491780012875,4.50152599842113,278.4031569990475,True,False,CPUExecutionProvider
513283,7.084014998326893,286.4567699998588,4.42786699932185,297.96916299892473,True,False,CPUExecutionProvider
176446,4.974993000359973,270.0032890006696,4.426575998877524,279.4051879991457,True,False,CPUExecutionProvider
371677,6.816023000283167,407.696752999982,4.363747999377665,418.87733499970636,True,False,CPUExecutionProvider
308531,4.536301001280663,352.80737199900614,4.415503999553039,361.75993899996683,True,False,CPUExecutionProvider
497599,7.005759000094258,396.55211200079066,12.707783998848754,416.2659960002202,True,False,CPUExecutionProvider
455352,15.078706999702263,286.69719500067004,4.336105999755091,306.11230899921793,True,False,CPUExecutionProvider
236914,6.616700000449782,323.8815999993676,4.483251001147437,334.98218200111296,True,False,CPUExecutionProvider
232684,4.320105999795487,324.7304529995745,4.383535000670236,333.43446499929996,True,False,CPUExecutionProvider
415238,6.943903001229046,276.93250000083935,4.401758998938021,288.2791840002028,True,False,CPUExecutionProvider
290843,6.7521630007831845,311.75305400029174,6.414900999516249,324.92081000054895,True,False,CPUExecutionProvider
519522,7.918911000160733,314.97678799860296,4.413640999700874,327.31007099937415,True,False,CPUExecutionProvider
144784,6.100702999901841,335.33607100071094,4.4028909996995935,345.8401159987261,True,False,CPUExecutionProvider
167486,7.523278000007849,432.48849700103165,12.57050699859974,452.5825229993643,True,False,CPUExecutionProvider
392228,13.181723001252976,366.7078759990545,4.321549000451341,384.2115690003993,True,False,CPUExecutionProvider
488673,8.931717999075772,403.82555599899206,4.875817001448013,417.6334610001504,True,False,CPUExecutionProvider
191013,4.914749999443302,320.49955399998,4.580263999741874,329.99501899939787,True,False,CPUExecutionProvider
80057,6.525598999360227,274.37719000045036,4.412378999404609,285.31575899978634,True,False,CPUExecutionProvider
570169,6.9511070014414145,289.27391700017324,4.538204999334994,300.76404999999795,True,False,CPUExecutionProvider
224807,7.1559610005351715,348.30823199990846,7.381352999800583,362.84597600024426,True,False,CPUExecutionProvider
163562,6.376438999723177,349.4327400003385,4.46701100008795,360.2770119996421,True,False,CPUExecutionProvider
136355,4.338209999332321,333.24377199824085,6.035651000274811,343.61798299869406,True,False,CPUExecutionProvider
492362,4.632210999261588,287.6729820000037,4.683967999881133,296.9896719987446,True,False,CPUExecutionProvider
102707,7.429933999446803,355.0189819998195,4.647820000172942,367.09742700077186,True,False,CPUExecutionProvider
232563,8.139293000567704,344.36578799977724,4.427718000442837,356.9337810004072,True,False,CPUExecutionProvider
10977,6.69486699916888,331.7122770004062,6.117173999882652,344.5248490006634,True,False,CPUExecutionProvider
51598,6.04527900031826,309.53984500047227,4.461311000341084,320.04715699986264,True,False,CPUExecutionProvider
32285,6.865465998998843,409.856355001466,4.435812999872724,421.1584860004223,True,False,CPUExecutionProvider
520910,6.484501998784253,331.7404739991616,4.459597001186921,342.6851849999366,True,False,CPUExecutionProvider
131273,7.327092000195989,276.20697999918775,4.5148210010665935,288.0499750008312,True,False,CPUExecutionProvider
206411,7.267169999977341,276.1799190011516,4.493020998779684,287.9406409992953,True,False,CPUExecutionProvider
472375,7.852426000681589,297.3384550004994,4.3679059999703895,309.55940800049575,True,False,CPUExecutionProvider
481404,4.709666000053403,336.92030499878456,5.274033001114731,346.904636000545,True,False,CPUExecutionProvider
471991,7.9270059995906195,320.6376199996157,5.443121001007967,334.0081080004893,True,False,CPUExecutionProvider
17436,7.505155999751878,290.8717289992637,5.344245999367558,303.72182199971576,True,False,CPUExecutionProvider
177934,5.42880400098511,398.5253120008565,4.76725400039868,408.72185100124625,True,False,CPUExecutionProvider
165518,4.373355999632622,360.5127729988453,12.53776700104936,377.42448700009845,True,False,CPUExecutionProvider
571718,12.16221299910103,354.21563500131015,4.8249929986923235,371.2037119985325,True,False,CPUExecutionProvider
459467,7.192709999799263,350.0602270014497,4.515421998803504,361.7688599988469,True,False,CPUExecutionProvider
135673,5.182130998946377,381.0045420013921,4.3542000003071735,390.5415150002227,True,False,CPUExecutionProvider
134886,4.244144000040251,292.7182660005201,4.377102999569615,301.33984399981273,True,False,CPUExecutionProvider
485895,3.8543639984709444,341.3395080006012,4.4032519999746,349.5974839988776,True,False,CPUExecutionProvider
287545,6.665191000138293,262.2246589999122,4.4946529997105245,273.3851240009244,True,False,CPUExecutionProvider
577182,4.788042999280151,329.24298100078886,4.373846999442321,338.4051319990249,True,False,CPUExecutionProvider
289222,7.229187998746056,323.59682000060275,4.39350399938121,335.22032299879356,True,False,CPUExecutionProvider
372819,4.763708000609768,270.24254800016934,4.748147999634966,279.754604000118,True,False,CPUExecutionProvider
310072,6.953631998840137,328.0809860007139,4.472032000194304,339.50701100002334,True,False,CPUExecutionProvider
87144,14.345796000270639,288.8226009999926,4.5885800009273225,307.75782800083107,True,False,CPUExecutionProvider
430875,5.896672000744729,290.62159299974155,4.315557000154513,300.83463300070434,True,False,CPUExecutionProvider
60347,5.86314899919671,285.185847998946,4.542102000414161,295.59169999993173,True,False,CPUExecutionProvider
42070,7.881682000515866,249.2870279984345,4.318644001614302,261.4877250016434,True,False,CPUExecutionProvider
420916,4.721739000160596,243.85042999892903,4.567330001009395,253.14002000050095,True,False,CPUExecutionProvider
453584,11.962148999373312,262.5853530007589,4.528096000285586,279.07638900069287,True,False,CPUExecutionProvider
296224,7.384599999568309,276.4018580000993,4.374268000901793,288.16120699957537,True,False,CPUExecutionProvider
122606,4.791781000676565,323.71259599858604,4.412330001287046,332.9169870012265,True,False,CPUExecutionProvider
311909,5.798326999865822,307.4959139994462,4.288517999157193,317.5831789994845,True,False,CPUExecutionProvider
579893,6.597184999918682,300.46801500066067,4.318031998991501,311.3837330001843,True,False,CPUExecutionProvider
284296,4.679539999415283,309.7280900001351,4.477340999073931,318.8851919985609,True,False,CPUExecutionProvider
221017,7.5345510012994055,246.30309200074407,4.3391419985709945,258.17713499964157,True,False,CPUExecutionProvider
315001,5.168686000615708,379.93358000130684,15.903815999990911,401.0064030007925,True,False,CPUExecutionProvider
439715,11.945848000323167,248.74629300029483,4.604480000125477,265.29700200080697,True,False,CPUExecutionProvider
284991,6.686421000267728,264.9279600009322,4.4340999993437435,276.04876199984574,True,False,CPUExecutionProvider
389566,6.814210999436909,284.3163889992866,4.510713999479776,295.64166399904934,True,False,CPUExecutionProvider
78843,7.218488999569672,292.5155569992057,4.50986200121406,304.2446399995242,True,False,CPUExecutionProvider
122927,4.3967910005449085,266.32506099849707,4.388746001495747,275.1112790010666,True,False,CPUExecutionProvider
225532,6.18379899970023,288.22108900021703,4.410094999911962,298.81572500016773,True,False,CPUExecutionProvider
13659,7.26154900075926,363.69348100015486,4.761533999044332,375.71705499976815,True,False,CPUExecutionProvider
153568,7.229410000945791,369.77742400085845,4.2691509988799226,381.27680599973246,True,False,CPUExecutionProvider
395633,5.476794000060181,308.91783199876954,4.5188790008978685,318.9138260004256,True,False,CPUExecutionProvider
419096,7.069780000165338,266.71000799979083,4.287245999876177,278.06752499964205,True,False,CPUExecutionProvider
203488,4.285331999199116,252.24914499995066,4.53695299984247,261.0719309996057,True,False,CPUExecutionProvider
361268,7.185888000094565,343.3215039985953,4.453306000868906,354.96155900000304,True,False,CPUExecutionProvider
466125,6.9525399994745385,331.3916180013621,4.512155999691458,342.85669500059157,True,False,CPUExecutionProvider
414795,7.185758000559872,357.8120649999619,13.764007000645506,378.76287200015213,True,False,CPUExecutionProvider
508101,13.710807001189096,245.67248200037284,4.4733739996445365,263.8577150009951,True,False,CPUExecutionProvider
253386,5.828953999298392,294.5350840000174,4.871019000347587,305.2359189987328,True,False,CPUExecutionProvider
222991,7.17390499994508,260.46994799980894,4.502339001192013,272.1466929997405,True,False,CPUExecutionProvider
530854,6.681182001557318,374.65311300002213,5.6649169982847525,386.9995929999277,True,False,CPUExecutionProvider
351810,6.978429000810138,298.6909850005759,5.5060800004866906,311.17588500092097,True,False,CPUExecutionProvider
338624,6.566416999703506,254.79322200044408,5.286016999889398,266.64640700073505,True,False,CPUExecutionProvider
138492,6.817306999437278,249.9923140003375,4.474545999983093,261.28456799960986,True,False,CPUExecutionProvider
263463,6.669419999525417,257.0896659999562,4.429581998920185,268.1895589994383,True,False,CPUExecutionProvider
226592,6.551418999151792,391.1110369990638,4.38877600026899,402.05164199869614,True,False,CPUExecutionProvider
378454,10.205798000242794,257.4518170004012,4.523928999333293,272.18246499978704,True,False,CPUExecutionProvider
20059,7.240971001010621,312.7759880007943,15.774314999362105,335.7916250006383,True,False,CPUExecutionProvider
227686,15.919096000288846,294.2333070004679,4.35975199980021,314.51259599998593,True,False,CPUExecutionProvider
476215,4.178662000413169,329.32196199908503,4.545009000139544,338.0460440002935,True,False,CPUExecutionProvider
297698,6.025724000210175,258.1567699999141,4.541451999102719,268.7244369990367,True,False,CPUExecutionProvider
247917,4.718923999462277,359.95311599981505,4.568012000163435,369.2402830001811,True,False,CPUExecutionProvider
439522,6.645034000030137,345.3484229994501,4.173883000476053,356.16784100056975,True,False,CPUExecutionProvider
479448,4.718923999462277,342.5975779991859,15.975371999957133,363.29215499972634,True,False,CPUExecutionProvider
424721,10.945053998511867,286.64224600106536,4.642600999432034,302.2306219991151,True,False,CPUExecutionProvider
26690,4.3452540012367535,316.122088001066,4.485276998821064,324.95301000017207,True,False,CPUExecutionProvider
558854,6.0590059983951505,368.22426300022926,4.553554999802145,378.83731499823625,True,False,CPUExecutionProvider
176901,7.110077000106685,304.2394300009619,4.543385999568272,315.89347400040424,True,False,CPUExecutionProvider
334767,6.727748999765026,309.6269380002923,4.563995000353316,320.9190729994589,True,False,CPUExecutionProvider
301563,7.83673799924145,248.35311399874627,4.432207000718336,260.62266000008094,True,False,CPUExecutionProvider
86755,6.37893600105599,309.48849199921824,4.448628000318422,320.31694800025434,True,False,CPUExecutionProvider
194471,6.116062999353744,297.1796509991691,4.503361000388395,307.7995860003284,True,False,CPUExecutionProvider
420281,7.263784000315354,256.95038000048953,4.415415998664685,268.63009099906776,True,False,CPUExecutionProvider
533206,12.031120000756346,266.98194299933675,4.694910001489916,283.7090850007371,True,False,CPUExecutionProvider
99810,5.589115000475431,369.1814579997299,4.728803000034532,379.49986700004956,True,False,CPUExecutionProvider
334483,7.251250999615877,400.9788250004931,4.674451000028057,412.9053090000525,True,False,CPUExecutionProvider
89670,6.674158999885549,398.70500699908007,9.855723001237493,415.23543000039354,True,False,CPUExecutionProvider
482275,12.465213001632947,276.23075199880986,4.849159000514192,293.545525000809,True,False,CPUExecutionProvider
404805,7.011440999121987,290.105477999532,4.546422000203165,301.66389199985133,True,False,CPUExecutionProvider
2261,4.43182699928002,333.7362189995474,4.3234830009168945,342.49179899961746,True,False,CPUExecutionProvider
425702,6.2512360000255285,409.344121999311,12.827283000660827,428.42303199904563,True,False,CPUExecutionProvider
36844,10.9795190001023,273.5035939986119,5.528532001335407,290.0124070001766,True,False,CPUExecutionProvider
12576,5.116018999615335,277.0145769991359,4.816127000594861,286.94778499993845,True,False,CPUExecutionProvider
361238,12.521910999566899,307.52485300035914,4.7932449997460935,324.84085999931267,True,False,CPUExecutionProvider
108253,7.605374999911874,326.7831800003478,4.648291998819332,339.0378089989099,True,False,CPUExecutionProvider
319935,6.456311999500031,248.52355800067016,5.690926998795476,260.67178799894464,True,False,CPUExecutionProvider
3934,6.6757730000972515,302.25507900104276,4.548304999843822,313.4796070007724,True,False,CPUExecutionProvider
29596,6.831996000983054,462.8448389994446,4.604850999385235,474.28209700046864,True,False,CPUExecutionProvider
47740,7.595536999360775,298.8226379984553,4.540510000879294,310.95923599968955,True,False,CPUExecutionProvider
77460,3.959462001148495,336.4939080001932,4.783155000041006,345.2368550006213,True,False,CPUExecutionProvider
14439,8.067572000072687,266.98914100052207,4.86912599990319,279.9269410006673,True,False,CPUExecutionProvider
571893,7.185657999798423,302.51029299870424,4.8073510006361175,314.503732999583,True,False,CPUExecutionProvider
447314,6.8868190010107355,357.62108100061596,4.517457000474678,369.0261780011497,True,False,CPUExecutionProvider
181303,4.815786000108346,334.54610999979195,12.716936000288115,352.0796840002731,True,False,CPUExecutionProvider
58350,14.72500999989279,298.0560369996965,4.53453900081513,317.31672900059493,True,False,CPUExecutionProvider
26465,5.76125800034788,344.32781800023804,4.418311000335962,354.50771800060465,True,False,CPUExecutionProvider
246968,4.451222999705351,313.6722079998435,4.875017000813386,322.998818999622,True,False,CPUExecutionProvider
536947,5.1188550005463185,321.9183669989434,4.335607000029995,331.37334999992163,True,False,CPUExecutionProvider
76731,6.579562999831978,294.93844700118643,4.404666000482393,305.9233370004222,True,False,CPUExecutionProvider
286182,7.459541999196517,292.90740999931586,4.809113999726833,305.1766269982181,True,False,CPUExecutionProvider
433980,4.316931001085322,348.97863200058055,4.128287999265012,357.42422200019064,True,False,CPUExecutionProvider
561366,6.990242000028957,368.49452200112864,10.751271998742595,386.2367379988427,True,False,CPUExecutionProvider
380913,6.8788339995080605,251.29154800015385,4.486519999773009,262.6578139988851,True,False,CPUExecutionProvider
32887,5.331292999471771,382.1961680005188,4.491649000556208,392.01988100103335,True,False,CPUExecutionProvider
517687,6.875978000607574,319.2617839995364,4.390791000332683,330.5293840003287,True,False,CPUExecutionProvider
213035,4.476330999750644,285.20921600102156,4.3740090004575904,294.0601770005742,True,False,CPUExecutionProvider
399205,7.460623999577365,266.4738009989378,5.815681000967743,279.75091799999063,True,False,CPUExecutionProvider
349837,6.218866999915917,251.77329600046505,4.5719190002273535,262.5646729993605,True,False,CPUExecutionProvider
350002,6.464527001298848,356.7912130001787,4.436184999576653,367.69234600069467,True,False,CPUExecutionProvider
131431,6.8318160010676365,272.72369699858245,4.401340000185883,283.9573540004494,True,False,CPUExecutionProvider
356248,8.265692998975283,388.3666110014019,4.689970999606885,401.3232170000265,True,False,CPUExecutionProvider
334399,5.503244999999879,309.07423499957076,4.5668300008401275,319.1450510003051,True,False,CPUExecutionProvider
57150,5.584397998973145,322.3583069993765,4.833269000300788,332.7766149996023,True,False,CPUExecutionProvider
363666,4.663141000492033,322.79308199940715,5.078950000097393,332.53574400077923,True,False,CPUExecutionProvider
507235,7.755056001769844,372.419743998762,8.03526200070337,388.210393000918,True,False,CPUExecutionProvider
169996,7.411693000904052,277.99830000003567,4.585164999298286,289.99605900025927,True,False,CPUExecutionProvider
226417,6.24257200070133,354.56982899995637,4.961770000591059,365.774601999874,True,False,CPUExecutionProvider
481573,4.93385799927637,522.0158669999364,4.425826000442612,531.3759119999304,True,False,CPUExecutionProvider
56127,8.147871998517076,316.91968999984965,4.797872999915853,329.86969299963675,True,False,CPUExecutionProvider
123480,7.022534000498126,329.3467639996379,5.085783001050004,341.4558519998536,True,False,CPUExecutionProvider
274687,11.65025800037256,289.26637600125105,4.326869999204064,305.2443950000452,True,False,CPUExecutionProvider
164637,7.424336999974912,300.9416120003152,4.5045240003673825,312.8710240016517,True,False,CPUExecutionProvider
178028,6.3506030001008185,284.33726799994474,4.707584999778192,295.39596699942194,True,False,CPUExecutionProvider
493286,7.398449000902474,314.92720800088136,4.457855999135063,326.7840640000941,True,False,CPUExecutionProvider
348216,6.970115000513033,295.71367599965015,4.493522999837296,307.1779050005716,True,False,CPUExecutionProvider
345027,4.183171000477159,297.16476499925193,4.799988000740996,306.14865600000485,True,False,CPUExecutionProvider
571804,4.946723000102793,300.6399300011253,4.554155999358045,310.14146999950754,True,False,CPUExecutionProvider
140658,6.996143998549087,273.9737669999158,4.362297999250586,285.33266999875195,True,False,CPUExecutionProvider
102644,6.131743999503669,328.0813510009466,4.462875000172062,338.67644100064354,True,False,CPUExecutionProvider
581615,6.26787900000636,299.94248500042886,4.387082999528502,310.59815899971,True,False,CPUExecutionProvider
279887,7.692688999668462,260.4677220006124,4.473004999454133,272.6344379989314,True,False,CPUExecutionProvider
230008,4.319707999457023,319.1738470013661,4.3327120001777075,327.82655700066243,True,False,CPUExecutionProvider
284698,6.9348489996627904,285.6495670002914,4.478855000343174,297.06437300046673,True,False,CPUExecutionProvider
102356,6.675814000118407,270.6206349994318,4.485809000470908,281.7830390013114,True,False,CPUExecutionProvider
456394,5.978547000268009,282.22937700047623,4.492682001000503,292.70111700134294,True,False,CPUExecutionProvider
323709,6.121354001152213,314.8576300009154,4.418843000166817,325.39830800124037,True,False,CPUExecutionProvider
452122,6.9095810013095615,312.53625899989856,4.304759000660852,323.75153100110765,True,False,CPUExecutionProvider
579158,7.328357000005781,301.9907529996999,4.258803000993794,313.57880500036117,True,False,CPUExecutionProvider
525322,6.761865000953549,310.6385040009627,5.519155000001774,322.9202550010086,True,False,CPUExecutionProvider
33114,4.118640001252061,293.4410369998659,6.1470430009649135,303.70718100130034,True,False,CPUExecutionProvider
8690,12.392869999530376,433.5754240000824,15.629496998371906,461.5984819993173,True,False,CPUExecutionProvider
381639,12.700967999990098,273.95599400006176,5.005903998608119,291.6633169988927,True,False,CPUExecutionProvider
217614,8.698735999132623,376.535542000056,7.196780999947805,392.43163999890385,True,False,CPUExecutionProvider
284445,5.0526810009614564,323.4921839994058,4.818052000700845,333.36345800125855,True,False,CPUExecutionProvider
468124,5.297280000377214,317.8850029999012,4.414364999320242,327.5971090006351,True,False,CPUExecutionProvider
187144,7.694324000112829,278.2619789995806,4.68197700138262,290.6389810013934,True,False,CPUExecutionProvider
273198,6.160057000670349,400.71749900016584,12.76714199957496,419.6450689996709,True,False,CPUExecutionProvider
95843,14.006324998263153,336.0481540003093,4.305480999391875,354.36048099836626,True,False,CPUExecutionProvider
417779,6.941722998817568,355.3236480001942,4.6897110005375,366.95569299990893,True,False,CPUExecutionProvider
447342,5.416223000793252,321.15296499978285,4.55067100119777,331.12013900063175,True,False,CPUExecutionProvider
166563,7.149562999984482,372.08040099903883,10.482920000868035,389.713455000674,True,False,CPUExecutionProvider
490125,9.887745000014547,357.0200930007559,4.805978998774663,371.71449800007395,True,False,CPUExecutionProvider
561009,6.495355999504682,279.0924939999968,4.282788000637083,289.87127900109044,True,False,CPUExecutionProvider
183675,7.3677919990586815,257.19090799975675,4.425756000273395,268.98506699944846,True,False,CPUExecutionProvider
290248,11.170670000865357,340.49622000020463,4.9962860011874,356.66369700084033,True,False,CPUExecutionProvider
532058,6.13025100028608,423.3421110002382,12.630657000045176,442.10371100052726,True,False,CPUExecutionProvider
214200,12.30896400011261,320.9593979991041,4.433381000126246,337.7026050002314,True,False,CPUExecutionProvider
578093,5.319913001585519,339.7914839988516,5.009009000787046,350.1212570008647,True,False,CPUExecutionProvider
369751,7.377318999715499,328.1570839990309,5.6437100010953145,341.1786940014281,True,False,CPUExecutionProvider
429011,4.043369001010433,287.5625870001386,4.438800999196246,296.0452580009587,True,False,CPUExecutionProvider
301061,4.602868999427301,343.0472699983511,4.386573000374483,352.0373129995278,True,False,CPUExecutionProvider
105264,7.223561000500922,309.3794069991418,4.535031001069001,321.13852000111365,True,False,CPUExecutionProvider
267434,7.010662000539014,384.7442250007589,4.503771999225137,396.25936999982514,True,False,CPUExecutionProvider
370711,9.549992999382084,398.09073700052977,12.810424999770476,420.45189599957666,True,False,CPUExecutionProvider
25393,10.934488000202691,400.4025409994938,4.536854999969364,415.8741840001312,True,False,CPUExecutionProvider
471087,8.175054999810527,330.03392099999473,4.366425000625895,342.57620200150996,True,False,CPUExecutionProvider
106757,6.455160999394138,302.76206800044747,4.359451999334851,313.5773519989016,True,False,CPUExecutionProvider
183648,7.531568000558764,378.7935269992886,12.40914200025145,398.73475800050073,True,False,CPUExecutionProvider
358525,7.074942001054296,253.5286360016471,4.479156999877887,265.0834570013103,True,False,CPUExecutionProvider
49269,6.516585999634117,309.0927279990865,4.378628000267781,319.9888239996653,True,False,CPUExecutionProvider
79144,8.251338000263786,348.8935289988149,4.423913000209723,361.5694509990135,True,False,CPUExecutionProvider
519688,4.587549999996554,264.71028000014485,4.702034000729327,274.00046500042663,True,False,CPUExecutionProvider
431727,12.123857999540633,427.2071209998103,4.511847999310703,443.84376800007885,True,False,CPUExecutionProvider
130699,6.2811650004732655,308.17554100030975,5.46458400094707,319.9218010013283,True,False,CPUExecutionProvider
215245,5.924105000303825,273.4681400015688,4.619379998985096,284.0127069994196,True,False,CPUExecutionProvider
91921,7.95073399967805,267.6839479991031,4.484336001041811,280.11979999973846,True,False,CPUExecutionProvider
218424,5.528173998754937,275.6818409998232,4.475620000448544,285.68616600023233,True,False,CPUExecutionProvider
473974,4.858979000346153,249.15854900064005,4.409385999679216,258.42714499958674,True,False,CPUExecutionProvider
405249,6.6963839999516495,295.2298689997406,4.497480998907122,306.42442499993194,True,False,CPUExecutionProvider
235784,4.804726999282138,348.13364399997226,4.394428000523476,357.33360099948186,True,False,CPUExecutionProvider
521540,4.6388760001718765,343.2314649999171,4.5475550014089094,352.41811700143444,True,False,CPUExecutionProvider
537506,7.399350999548915,250.06526399920403,4.70314700032759,262.16888399903837,True,False,CPUExecutionProvider
119445,7.54304099973524,320.3588790001959,4.396501999508473,332.29903299979924,True,False,CPUExecutionProvider
507015,5.528793999474146,272.5896289994125,4.591066001012223,282.7101410002797,True,False,CPUExecutionProvider
173830,7.273274000908714,322.95374699970125,4.366224999102997,334.5937670001149,True,False,CPUExecutionProvider
356498,7.294593999176868,271.0564479984896,4.580597000312991,282.9326809987833,True,False,CPUExecutionProvider
435081,4.709267999714939,261.7510130003211,6.022621000738582,272.4833430002036,True,False,CPUExecutionProvider
18575,6.856594000055338,339.06117400147195,4.554739000013797,350.47307800050476,True,False,CPUExecutionProvider
373315,4.947544999595266,256.5882769995369,4.446204999112524,265.9827179995773,True,False,CPUExecutionProvider
227765,6.4460940011485945,288.77973499947984,4.802333000043291,300.02870300086215,True,False,CPUExecutionProvider
13546,4.336489999332116,272.9072800011636,4.738132000056794,281.9822920009756,True,False,CPUExecutionProvider
67310,8.1884209994314,285.25091299889027,4.441466000571381,297.88162099976034,True,False,CPUExecutionProvider
125936,6.174324998937664,274.8278819999541,4.785320999872056,285.78831999948306,True,False,CPUExecutionProvider
389109,6.964736001464189,290.80408200024976,4.991737998352619,302.76126799981284,True,False,CPUExecutionProvider
322211,5.679067000528448,279.75034300106927,4.691373998866766,290.1214949997666,True,False,CPUExecutionProvider
184384,4.2133090009883745,322.8452029998152,4.523880999840912,331.58282300064457,True,False,CPUExecutionProvider
426329,7.500470999730169,388.023991999944,12.991405001230305,408.5162190003757,True,False,CPUExecutionProvider
128476,9.095861998503096,275.3940889997466,5.531069000426214,290.02169100022,True,False,CPUExecutionProvider
414034,6.663452000793768,250.64842899882933,4.507028999796603,261.81919000009657,True,False,CPUExecutionProvider
450488,5.831542999658268,271.64552199974423,4.552233998765587,282.0295889996487,True,False,CPUExecutionProvider
99182,6.009635999362217,360.20617699978175,5.323118999513099,371.53931299872056,True,False,CPUExecutionProvider
51738,4.381062999527785,253.93001299926254,4.412501999468077,262.72407899887185,True,False,CPUExecutionProvider
99039,4.831688000194845,298.05130699969595,4.710240000349586,307.5935960005154,True,False,CPUExecutionProvider
75456,7.6281800011201994,338.8321389993507,4.901529000562732,351.3625800005684,True,False,CPUExecutionProvider
134882,5.603675999736879,272.69865100060997,4.835514999285806,283.1381319992943,True,False,CPUExecutionProvider
442323,7.524605998696643,342.23219599880395,4.6162640010152245,354.3738879998273,True,False,CPUExecutionProvider
232489,5.443714999273652,293.22390999914205,4.426339000929147,303.0941739998525,True,False,CPUExecutionProvider
351823,4.991276999135152,354.72428899993247,4.368960999272531,364.0847369988478,True,False,CPUExecutionProvider
65736,6.910545000209822,249.5122349992016,4.354553999291966,260.7775449996552,True,False,CPUExecutionProvider
1000,5.538391998925363,324.61967100061884,4.594463000103133,334.75279699996463,True,False,CPUExecutionProvider
379842,6.8499509998218855,251.89578599929519,4.360896000434877,263.10712400118064,True,False,CPUExecutionProvider
13923,4.275405000953469,363.44377800014627,6.3159809997159755,374.0357650003716,True,False,CPUExecutionProvider
559543,6.080208999264869,279.3518390008103,4.647431998819229,290.0798909995501,True,False,CPUExecutionProvider
185890,4.8437709992867894,386.10471399988455,4.692706999776419,395.6415329994343,True,False,CPUExecutionProvider
357978,6.436968000343768,369.21441999948,13.020300000789575,388.6723190007615,True,False,CPUExecutionProvider
129492,14.071932000661036,263.5422829989693,4.526165001152549,282.14112100067723,True,False,CPUExecutionProvider
261097,6.371424000462866,310.84938300045906,4.454079999050009,321.675488999972,True,False,CPUExecutionProvider
410510,6.330578000415699,332.05978799924196,5.293624000842101,343.684421000944,True,False,CPUExecutionProvider
39951,6.529471000249032,251.4315109983727,4.362649000540841,262.3242919999029,True,False,CPUExecutionProvider
306700,7.2379190005449345,424.2892980000761,4.365735001556459,435.89354300092964,True,False,CPUExecutionProvider
146457,7.60288300079992,403.2197879987507,4.8254470002575545,415.6490000004851,True,False,CPUExecutionProvider
214224,6.084917999032768,326.7651249989285,4.452588000276592,337.3029319991474,True,False,CPUExecutionProvider
332845,7.367352000073879,268.22928699948534,4.3815740009449655,279.97869399951014,True,False,CPUExecutionProvider
255483,6.227084000784089,353.8492640000186,5.371169998397818,365.44812899956014,True,False,CPUExecutionProvider
222455,8.145900999807054,258.0225010005961,4.466594000405166,270.63565800017386,True,False,CPUExecutionProvider
187271,7.547991001047194,317.3508910003875,4.462114999114419,329.36195900038,True,False,CPUExecutionProvider
462629,7.671422001294559,331.96631200007687,4.6375750007428,344.2764410010568,True,False,CPUExecutionProvider
544565,7.940426999994088,379.9589770005696,4.433922998941853,392.33386799969594,True,False,CPUExecutionProvider
369771,5.467549999593757,342.0394800014037,4.513892999966629,352.0215839998855,True,False,CPUExecutionProvider
35963,8.349673000338953,285.55685700121103,4.613458999301656,298.5208310001326,True,False,CPUExecutionProvider
289516,7.555725000202074,287.8855229992041,4.645659000743763,300.08771900065767,True,False,CPUExecutionProvider
334309,6.848951001302339,260.53578999926685,4.595755999616813,271.9810079997842,True,False,CPUExecutionProvider
452084,5.511092000233475,311.533400999906,4.71749399912369,321.7625979996228,True,False,CPUExecutionProvider
301718,7.208683999124332,412.09493199858116,4.772989001139649,424.0774270001566,True,False,CPUExecutionProvider
429598,8.598210000855033,427.0478889993683,4.691316000389634,440.3380460007611,True,False,CPUExecutionProvider
165257,5.008088999602478,348.6892320015613,5.336594998880173,359.0348979996634,True,False,CPUExecutionProvider
93437,6.5215569993597455,377.4818049987516,4.789599999639904,388.793922998957,True,False,CPUExecutionProvider
413552,7.2839259992178995,341.92285999961314,13.666943001226173,362.874381000438,True,False,CPUExecutionProvider
62025,8.381502999327495,266.8523169995751,4.480800998862833,279.7153329993307,True,False,CPUExecutionProvider
17379,4.334706998633919,334.4302850000531,4.659805999835953,343.4251479993691,True,False,CPUExecutionProvider
176778,4.537976999927196,327.51692500096397,5.884041000172147,337.9396550008096,True,False,CPUExecutionProvider
104572,4.712795000159531,339.44962699933967,4.623848999472102,348.7866519990348,True,False,CPUExecutionProvider
90108,5.2918509991286555,303.2057970012829,4.794738999407855,313.2927679998829,True,False,CPUExecutionProvider
157124,6.878776999656111,413.72666700044647,12.644355998418177,433.2502899997053,True,False,CPUExecutionProvider
89556,10.354832998928032,521.5460999988863,4.948036999849137,536.8493009991653,True,False,CPUExecutionProvider
266206,6.445084000006318,330.4383869999583,4.4657130001724,341.3496449993545,True,False,CPUExecutionProvider
86220,4.859329999817419,281.4329910015658,4.461684999114368,290.7545670004765,True,False,CPUExecutionProvider
508602,4.368530000647297,294.904979000421,4.409757999383146,303.6836379997112,True,False,CPUExecutionProvider
10363,6.43427300019539,401.29774100023496,7.457932000761502,415.1905680009804,True,False,CPUExecutionProvider
17178,5.10406000103103,345.083408001301,4.552696000246215,354.74051400160533,True,False,CPUExecutionProvider
507975,6.342370999846025,266.44302000022435,4.549970999505604,277.33582299879345,True,False,CPUExecutionProvider
314177,7.640735999302706,302.70395600018674,4.552714999590535,314.89797799986263,True,False,CPUExecutionProvider
313182,7.667634999961592,321.9295110011444,4.5976999990671175,334.1953769995598,True,False,CPUExecutionProvider
538364,7.289036000656779,270.64517100006924,5.646767000143882,283.5813750007219,True,False,CPUExecutionProvider
149406,5.9345270001358585,341.8157969990716,4.477114000110305,352.22792899912747,True,False,CPUExecutionProvider
180383,4.0803299998515286,287.1890099995653,4.50478499988094,295.7749769993825,True,False,CPUExecutionProvider
402433,7.44855499942787,256.47185999878275,4.407102000186569,268.32824799930677,True,False,CPUExecutionProvider
449996,5.44477800031018,283.5589570004231,4.573674999846844,293.57808100030525,True,False,CPUExecutionProvider
168619,7.294946999536478,308.87380899912387,5.807037001432036,321.9768950002617,True,False,CPUExecutionProvider
209613,9.71071700041648,287.7381319995038,5.883510999410646,303.3330609996483,True,False,CPUExecutionProvider
103548,5.331626000042888,265.06860199879156,4.6353100005944725,275.0361990001693,True,False,CPUExecutionProvider
469652,5.642049000016414,306.57176499880734,4.325810999944224,316.5403659986623,True,False,CPUExecutionProvider
15338,4.685293999500573,320.15016399964225,4.596658000082243,329.4329670006846,True,False,CPUExecutionProvider
512564,6.590917000721674,264.472595999905,4.602188000717433,275.66673300134426,True,False,CPUExecutionProvider
336658,4.71055199886905,244.91414700059977,4.486821999307722,254.11199199879775,True,False,CPUExecutionProvider
568439,4.829174000406056,337.8030639996723,5.660491999151418,348.2929399997374,True,False,CPUExecutionProvider
372317,7.187616000010166,310.7551310004055,4.5122699993953574,322.45557799978997,True,False,CPUExecutionProvider
476704,7.93160099965462,298.17547900165664,5.534485999305616,311.6421670001728,True,False,CPUExecutionProvider
260266,7.388682999589946,368.03158200018515,4.4694299995171605,379.8904659997788,True,False,CPUExecutionProvider
106048,4.212417999951867,257.46214500031783,4.409518000102253,266.08450200001244,True,False,CPUExecutionProvider
177893,7.366261001152452,322.7480519999517,4.501409999647876,334.61615400119626,True,False,CPUExecutionProvider
479099,6.061705000320217,292.3012679984822,4.499977001614752,302.8632800014748,True,False,CPUExecutionProvider
269196,4.599543999574962,294.2797880004946,4.534010999122984,303.41356299868494,True,False,CPUExecutionProvider
315450,4.340216999480617,284.35983000053966,4.575818999001058,293.27607699997316,True,False,CPUExecutionProvider
171050,6.9427979997271905,274.1690330003621,4.408996999700321,285.5213589991763,True,False,CPUExecutionProvider
243867,4.052568998304196,259.02209500054596,4.3962419986200985,267.47114599857014,True,False,CPUExecutionProvider
263594,7.219306000479264,368.17647099996975,4.68566500057932,380.08168200030923,True,False,CPUExecutionProvider
147725,6.877604999317555,246.09610100014834,4.630432000340079,257.60484999955224,True,False,CPUExecutionProvider
88432,7.85309399907419,296.50105700056884,4.493604999879608,308.84863800019957,True,False,CPUExecutionProvider
272364,4.424085000209743,244.3284479995782,4.40368599993235,253.15647900060867,True,False,CPUExecutionProvider
138979,3.789786000197637,256.3380059982592,4.728747000626754,264.85675900039496,True,False,CPUExecutionProvider
519491,6.7065040002489695,264.2707800005155,4.280605999156251,275.2585119997093,True,False,CPUExecutionProvider
100283,4.623628999979701,351.5635280000424,4.44032499945024,360.62814300021273,True,False,CPUExecutionProvider
563653,5.733739999413956,309.5191590000468,5.498619000718463,320.7522600005177,True,False,CPUExecutionProvider
345361,6.484598001406994,340.83423399897583,4.527940000116359,351.8474440006685,True,False,CPUExecutionProvider
113051,7.612112000060733,302.50168299971847,4.193933000351535,314.308119000998,True,False,CPUExecutionProvider
286708,7.566697000584099,341.0403019988735,5.59524100026465,354.202892000103,True,False,CPUExecutionProvider
475732,6.547134998982074,289.63654399922234,4.39564200132736,300.57989200031443,True,False,CPUExecutionProvider
108244,7.816235000063898,316.2557329997071,6.358372000249801,330.4310319999786,True,False,CPUExecutionProvider
121153,7.51378799941449,305.635152000832,4.198642998744617,317.34859499920276,True,False,CPUExecutionProvider
23230,5.895743999644765,377.7311499998177,4.9124609995487845,388.5397060003015,True,False,CPUExecutionProvider
73702,4.996317999029998,328.5411809993093,4.657071000110591,338.1949409995286,True,False,CPUExecutionProvider
86483,8.802184000160196,276.7189980004332,4.391935000967351,289.913909000461,True,False,CPUExecutionProvider
521141,6.425036999644362,330.62327799962077,4.626715000995318,341.6754010013392,True,False,CPUExecutionProvider
61268,6.7710750008700415,304.4411669998226,4.341951000242261,315.55454400040617,True,False,CPUExecutionProvider
393093,4.527408000285504,340.6117769991397,4.484479000893771,349.62394500144,True,False,CPUExecutionProvider
493566,3.890515001330641,298.56506299984176,4.549560000668862,307.00586900093185,True,False,CPUExecutionProvider
191471,5.777262000265182,309.2454669986182,6.127890001152991,321.1514110007556,True,False,CPUExecutionProvider
11122,5.061720999947283,299.1843849995348,4.383760000564507,308.6303059990314,True,False,CPUExecutionProvider
198510,6.89834400145628,322.3838550002256,4.325821000747965,333.608611001182,True,False,CPUExecutionProvider
126592,7.4755869991349755,302.58957100159023,4.585397999107954,314.6514569998544,True,False,CPUExecutionProvider
416269,4.5555420001619495,275.3244300001825,5.412929000158329,285.2932410005451,True,False,CPUExecutionProvider
133567,4.721913999674143,417.59149100107607,4.637545000150567,426.95130100037204,True,False,CPUExecutionProvider
521052,8.788298000581563,388.7529589992482,12.437600000339444,409.97990899995784,True,False,CPUExecutionProvider
332318,12.788078000085079,263.18273700053396,4.902471999230329,280.8736980005051,True,False,CPUExecutionProvider
186296,6.576662000952638,290.50690199983364,4.4240139995963546,301.5085890001501,True,False,CPUExecutionProvider
415990,6.923181001184275,277.76848699977563,4.729487998702098,289.4216069998947,True,False,CPUExecutionProvider
187236,6.930744999408489,265.47230200048944,4.448810999747366,276.85231899886276,True,False,CPUExecutionProvider
271728,6.798085998525494,259.46426799964684,4.575168999508605,270.8380739986751,True,False,CPUExecutionProvider
460147,4.368179999801214,316.89060300050187,4.7598450000805315,326.0195000002568,True,False,CPUExecutionProvider
200667,5.622181999569875,478.0041040012293,12.28655799968692,495.9136750003381,True,False,CPUExecutionProvider
77595,7.994128998689121,319.02290399921185,4.374402000394184,331.3918959993316,True,False,CPUExecutionProvider
278463,6.483126000603079,340.26608599924657,4.642574000172317,351.392656999451,True,False,CPUExecutionProvider
190140,6.992131000515656,278.154526000435,4.404088000228512,289.55127600056585,True,False,CPUExecutionProvider
476810,5.362805000913795,296.6063250005391,4.5409239992295625,306.5104449997307,True,False,CPUExecutionProvider
540280,6.5957770002569305,330.95867600059137,4.360105998785002,341.9149199999083,True,False,CPUExecutionProvider
126216,5.614236999463174,249.26609100111818,4.470732999834581,259.3514319996757,True,False,CPUExecutionProvider
32901,5.087599998660153,310.65927800045756,4.898524999589426,320.6458529984957,True,False,CPUExecutionProvider
407960,4.170931000771816,276.3580409991846,4.425498000273365,284.954941000251,True,False,CPUExecutionProvider
84270,4.4475190006778575,389.7017150011379,16.375704999518348,410.5253500001709,True,False,CPUExecutionProvider
267191,11.545258001206093,266.6906270005711,4.536616999757825,282.77330300079484,True,False,CPUExecutionProvider
422836,2.786895000099321,308.7213159997191,4.513292999035912,316.0218849989178,True,False,CPUExecutionProvider
493613,5.3509129993472015,297.60164599974814,4.465953999897465,307.4194450000505,True,False,CPUExecutionProvider
217948,5.0543969991849735,296.9356889989285,4.376386999865645,306.3666639991425,True,False,CPUExecutionProvider
317024,7.687866000196664,395.79070800027694,12.714870999843697,416.1940060002962,True,False,CPUExecutionProvider
463522,15.115511998374132,281.57429700149805,4.6090420000837184,301.2994119999348,True,False,CPUExecutionProvider
213547,7.390257000224665,281.96522100006405,4.724930000520544,294.081140000344,True,False,CPUExecutionProvider
456015,7.548674000645406,265.3324349994364,4.548158000034164,277.42953699998907,True,False,CPUExecutionProvider
547886,6.779241000913316,303.6958789998607,4.605996000464074,315.081717000794,True,False,CPUExecutionProvider
124975,8.075000998360338,300.18141999971704,5.3774330008309335,313.63464599962754,True,False,CPUExecutionProvider
378453,6.810970999140409,314.59122100022796,4.640281000320101,326.0429540005134,True,False,CPUExecutionProvider
69356,4.900349000308779,263.3435379993898,4.673703000662499,272.91787000103795,True,False,CPUExecutionProvider
162415,6.106980999902589,273.462171000574,4.3087889989692485,283.8784220002708,True,False,CPUExecutionProvider
274708,6.589516000531148,304.6153769992088,4.5720929992967285,315.7773269995232,True,False,CPUExecutionProvider
377113,4.793517999132746,303.20787799973914,4.601729000569321,312.6035959994624,True,False,CPUExecutionProvider
79651,5.93673199909972,460.69508100117673,4.451676999451593,471.0841910000454,True,False,CPUExecutionProvider
104669,7.154344999435125,333.95891200052574,4.579385999022634,345.69305399963923,True,False,CPUExecutionProvider
439994,12.622788999578916,427.0956809996278,4.384621999633964,444.1037830001733,True,False,CPUExecutionProvider
430377,7.023849999313825,268.97936100067454,4.3871970010513905,280.39091900063795,True,False,CPUExecutionProvider
512776,6.287049000093248,305.2045080003154,4.393228000481031,315.8857460002764,True,False,CPUExecutionProvider
95155,7.082871001330204,264.010454999152,4.626746000212734,275.72068300105457,True,False,CPUExecutionProvider
184978,5.819992999022361,312.7952019985969,4.404469000292011,323.02017499932845,True,False,CPUExecutionProvider
199055,7.624837999173906,337.5763709991588,4.455074000361492,349.65668299992103,True,False,CPUExecutionProvider
431848,7.079285000145319,247.31066300046223,4.362600000604289,258.7529690008523,True,False,CPUExecutionProvider
333772,7.398022000415949,316.8376329995226,4.429996999533614,328.66625399947225,True,False,CPUExecutionProvider
128699,3.735394999239361,278.69712799838453,4.592502000377863,287.02522499952465,True,False,CPUExecutionProvider
121591,5.193458000576356,321.5435999991314,4.5467759991879575,331.28437499908614,True,False,CPUExecutionProvider
176799,7.17175799945835,376.53417399997124,12.663846000577905,396.3705389996903,True,False,CPUExecutionProvider
424521,8.02813400150626,338.7062949987012,4.677230001107091,351.41264100093395,True,False,CPUExecutionProvider
254016,7.185573998867767,339.8592470002768,5.006256998967729,352.0516789994872,True,False,CPUExecutionProvider
523807,6.954079999559326,264.3492269999115,4.634729999452247,275.938557999325,True,False,CPUExecutionProvider
73946,7.09706799898413,331.1349899995548,4.443883000931237,342.6763320003374,True,False,CPUExecutionProvider
230819,6.8153100000927225,352.1184670007642,4.3401490001997445,363.27453699959733,True,False,CPUExecutionProvider
82715,4.843411999900127,323.6341669999092,4.35647899939795,332.8344980000111,True,False,CPUExecutionProvider
85195,7.150829000238446,306.26289499923587,4.3780500000139,317.79209399974206,True,False,CPUExecutionProvider
435299,6.750578000719543,406.5710270006093,11.246007999943686,424.568114000067,True,False,CPUExecutionProvider
50828,8.198933999665314,311.00085000070976,4.507171999648563,323.70776799871237,True,False,CPUExecutionProvider
27696,4.200465999019798,362.35472799853596,4.495780000070226,371.05130499912775,True,False,CPUExecutionProvider
62808,7.47232100002293,336.71735399911995,4.5600600005855085,348.7505070006591,True,False,CPUExecutionProvider
497344,6.786766000004718,305.0249480002094,4.608440998708829,316.42126699989603,True,False,CPUExecutionProvider
361147,6.98312500026077,354.9835189987789,4.498796000916627,366.46577999999863,True,False,CPUExecutionProvider
541123,8.191110000552726,283.8058800007275,4.509917000177666,296.50725700048497,True,False,CPUExecutionProvider
163611,7.966950000991346,318.76571599968884,4.576702000122168,331.3097480004217,True,False,CPUExecutionProvider
10707,5.548994999116985,290.4490180007997,4.602019998856122,300.6007749991113,True,False,CPUExecutionProvider
409630,6.440426999688498,280.4928489986196,4.32295600148791,291.25758500049415,True,False,CPUExecutionProvider
343706,5.169103000298492,359.64319000049727,4.390742999021313,369.2033770003036,True,False,CPUExecutionProvider
199395,4.237557001033565,371.75562499942316,4.487345000597998,380.48101700042025,True,False,CPUExecutionProvider
514797,7.286562999070156,330.80826200057345,4.44501499987382,342.54078199955984,True,False,CPUExecutionProvider
486104,6.888787998832413,363.3754629991017,4.511931001616176,374.7766920005233,True,False,CPUExecutionProvider
514586,3.943575000448618,299.8183229992719,4.293772000892204,308.05599999985134,True,False,CPUExecutionProvider
279774,6.736973000442958,254.59913900158426,4.687779999585473,266.02452299994184,True,False,CPUExecutionProvider
474078,4.13752900021791,297.29157499969006,4.542669001239119,305.97212400061835,True,False,CPUExecutionProvider
872,9.348169000077178,299.80975999933435,4.314970999985235,313.4740519999468,True,False,CPUExecutionProvider
32038,5.842927001140197,277.40738000102283,4.504836999331019,287.755665000077,True,False,CPUExecutionProvider
261732,7.023430000117514,271.8902649994561,4.449844000191661,283.36404000037874,True,False,CPUExecutionProvider
12120,7.40595699971891,351.13951499988616,4.691957999966689,363.23796100077743,True,False,CPUExecutionProvider
346638,6.908625000505708,275.355153999044,4.346851001173491,286.6115520009771,True,False,CPUExecutionProvider
306139,7.555847998446552,251.64571499954036,4.794901000423124,263.996944999235,True,False,CPUExecutionProvider
534601,5.852083000718267,306.1504140005127,4.3602059995464515,316.36307400003716,True,False,CPUExecutionProvider
288391,7.375590999799897,271.9906069996796,4.358574000434601,283.7253130001045,True,False,CPUExecutionProvider
564091,6.556203999934951,322.6716249992023,4.393989000163856,333.6222590005491,True,False,CPUExecutionProvider
531771,4.266291000021738,271.8575790004252,4.4438639997679275,280.5681040008494,True,False,CPUExecutionProvider
280930,5.3989940006431425,290.6499300006544,4.496391000429867,300.5456860009872,True,False,CPUExecutionProvider
113867,8.14177699976426,323.9456560004328,4.447970999535755,336.53577500081155,True,False,CPUExecutionProvider
159282,3.8602890017500613,272.7374610003608,4.355286999270902,280.95354800097994,True,False,CPUExecutionProvider
97585,7.668730000659707,281.6935470000317,4.544161998637719,293.9070199990965,True,False,CPUExecutionProvider
349678,4.8772859991004225,295.2734219998092,4.377469000246492,304.5284879990504,True,False,CPUExecutionProvider
384136,6.981030999668292,311.0785399985616,4.418847000124515,322.4790189997293,True,False,CPUExecutionProvider
173057,4.907603000901872,339.71213699987857,4.68443399950047,349.3045049999637,True,False,CPUExecutionProvider
475572,6.464241998401121,340.4341009991185,12.764667000737973,359.6638309991249,True,False,CPUExecutionProvider
549136,15.453889000127674,266.2597870003083,4.305092999857152,286.01965099915105,True,False,CPUExecutionProvider
405691,7.710429001235752,401.5318269994168,13.033430001087254,422.2766880011477,True,False,CPUExecutionProvider
228214,16.754768999817315,319.03057700037607,4.459173000213923,340.2456509993499,True,False,CPUExecutionProvider
183709,6.949302000066382,361.48391800088575,13.041266000072937,381.47494700024254,True,False,CPUExecutionProvider
57672,11.812931999884313,366.3104110000859,5.179682999369106,383.30375799887406,True,False,CPUExecutionProvider
138639,8.336593000421999,391.29658700039727,16.38440399983665,416.0184249994927,True,False,CPUExecutionProvider
110884,15.322463001211872,299.7726980011066,4.549691999272909,319.64575500023784,True,False,CPUExecutionProvider
462614,4.93759900018631,272.35206899968034,4.602349999913713,281.8923380000342,True,False,CPUExecutionProvider
283785,6.300375000137137,334.15222999974503,4.585377999319462,345.0384440002381,True,False,CPUExecutionProvider
523175,6.285225999818067,324.3345800001407,4.403467999509303,335.0237649992778,True,False,CPUExecutionProvider
139099,7.278728999153827,375.17729499995767,5.053015998782939,387.5094809991424,True,False,CPUExecutionProvider
467511,7.202696999229374,284.10282700133394,4.626034999091644,295.9322999995493,True,False,CPUExecutionProvider
59920,6.978786999752629,337.932632999582,4.984788000001572,349.89679899990733,True,False,CPUExecutionProvider
291791,5.474636000144528,310.7450510015042,4.52009599939629,320.74041399937414,True,False,CPUExecutionProvider
343934,9.00886399904266,259.8350699990988,4.420770999786328,273.26534599887964,True,False,CPUExecutionProvider
273551,10.584819001451251,296.8723960002535,4.40906799849472,311.86706500011496,True,False,CPUExecutionProvider
513580,6.609965999814449,384.09738799964543,7.353790000706795,398.06178500111855,True,False,CPUExecutionProvider
213816,4.622178001227439,294.12145799869904,4.362471001513768,303.1066480016307,True,False,CPUExecutionProvider
194832,9.778948999155546,290.2617219988315,4.386796999824583,304.42784799924993,True,False,CPUExecutionProvider
77396,6.781136000427068,293.8892450001731,4.504687998633017,305.1754499992967,True,False,CPUExecutionProvider
101787,4.616727999746217,273.02073200007726,4.455434998817509,282.09315499952936,True,False,CPUExecutionProvider
221754,7.250406999446568,366.0546869996324,4.598284000167041,377.90396899981715,True,False,CPUExecutionProvider
522751,6.087495999963721,301.0873660005018,4.518423998888466,311.69381699874066,True,False,CPUExecutionProvider
566436,4.571952998958295,265.9133649995056,4.362481000498519,274.8484109997662,True,False,CPUExecutionProvider
503841,4.774192999320803,366.1529940000037,4.357943000286468,375.2857510007743,True,False,CPUExecutionProvider
274272,5.841565000082483,297.7710590002971,4.372811001303489,307.9862470003718,True,False,CPUExecutionProvider
305343,6.902745000843424,260.05848799832165,4.46056500004488,271.4229199991678,True,False,CPUExecutionProvider
127092,4.504206999627058,369.7464260003471,4.538199998933123,378.7890329986112,True,False,CPUExecutionProvider
507797,4.621817000952433,397.653893000097,4.763592998642707,407.03979399950185,True,False,CPUExecutionProvider
146498,4.786966999745346,300.40934899989225,4.391536000184715,309.5881930003088,True,False,CPUExecutionProvider
315492,4.815681000764016,300.652635998631,4.406915000799927,309.87601400011044,True,False,CPUExecutionProvider
482477,7.464518001143006,396.136731000297,4.375875998448464,407.9779769999732,True,False,CPUExecutionProvider
297396,6.784753999454551,323.85349700052757,4.544551999060786,335.18330399965635,True,False,CPUExecutionProvider
369675,7.043870000416064,285.46403600012127,4.469913001230452,296.9784200013237,True,False,CPUExecutionProvider
151857,7.259975000124541,264.8442790014087,4.260619998603943,276.36552500007383,True,False,CPUExecutionProvider
505638,7.055531001242343,430.06360800063703,12.527472999863676,449.6474340012355,True,False,CPUExecutionProvider
475387,12.639444001251832,304.41059899931133,5.097319999549654,322.1486450001976,True,False,CPUExecutionProvider
70254,4.293332000088412,361.93674099922646,4.643116999432095,370.87370099834516,True,False,CPUExecutionProvider
539143,4.880181999396882,295.44375499972375,4.3495869995240355,304.6740049994696,True,False,CPUExecutionProvider
508917,9.238755999831483,316.43377899854386,13.009157000851701,338.682133000475,True,False,CPUExecutionProvider
448410,14.94294300027832,303.1361529992864,5.030454000007012,323.11006099916995,True,False,CPUExecutionProvider
316054,5.153054000402335,338.63499500148464,4.8752429993328406,348.6635320005007,True,False,CPUExecutionProvider
201148,12.092377999579185,329.79268499911996,4.326183001467143,346.2118570005259,True,False,CPUExecutionProvider
231169,7.585806000861339,375.9672690011939,4.329318999225507,387.88314500015986,True,False,CPUExecutionProvider
511999,7.162091998907272,333.9330800008611,4.597351999109378,345.69317499881436,True,False,CPUExecutionProvider
488664,4.8415389992442215,286.0730979991786,4.315653000958264,295.23092199997336,True,False,CPUExecutionProvider
444879,8.25235600132146,249.0570600002684,4.414418999658665,261.7245470009948,True,False,CPUExecutionProvider
287874,4.385063999507111,329.31019399984507,5.056512000010116,338.7525110010756,True,False,CPUExecutionProvider
297022,4.836600000999169,331.10964999832504,5.413261000285274,341.36017200034985,True,False,CPUExecutionProvider
407083,4.714961998615763,406.33217000140576,12.490794999393984,423.5383979994367,True,False,CPUExecutionProvider
212226,10.595490999548929,275.0579339990509,4.434316000697436,290.0890429991705,True,False,CPUExecutionProvider
394206,4.607651999322115,309.20261800019944,4.546827000012854,318.35728700025356,True,False,CPUExecutionProvider
220858,6.358775000990136,379.5629820015165,12.770698998792795,398.69338700009394,True,False,CPUExecutionProvider
244411,15.954169999531587,247.99208700096642,4.47722599892586,268.42475599914906,True,False,CPUExecutionProvider
289741,6.681470000330592,519.3499969991535,4.833384000448859,530.8655419994466,True,False,CPUExecutionProvider
453166,4.263745999196544,291.45745299865666,4.6262160012702225,300.3482370004349,True,False,CPUExecutionProvider
6894,9.030305000123917,296.81884799902036,4.463641000256757,310.3134350003529,True,False,CPUExecutionProvider
133631,5.134047998581082,349.1842559997167,4.506992001552135,358.8256769999134,True,False,CPUExecutionProvider
279927,7.939288998386473,282.23116300068796,4.551435000394122,294.7226079995744,True,False,CPUExecutionProvider
561335,6.860986999527086,300.1569999996718,4.344537999713793,311.3634159999492,True,False,CPUExecutionProvider
161032,7.371043000603095,271.02487800038944,4.47830899975088,282.87466100118763,True,False,CPUExecutionProvider
415748,7.987208999111317,283.52817700033484,4.894609999610111,296.41023599833716,True,False,CPUExecutionProvider
318908,6.081083998651593,254.35110900070868,4.345039000327233,264.77786299983563,True,False,CPUExecutionProvider
460927,6.174930000270251,345.41249600079027,4.335411000283784,355.92346799967345,True,False,CPUExecutionProvider
139883,5.29002099938225,329.295170999103,4.355068000222673,338.94059999875026,True,False,CPUExecutionProvider
437239,6.904879001012887,373.6682170001586,7.267789998877561,387.84166799996456,True,False,CPUExecutionProvider
348243,6.613743000343675,312.21074200038856,4.35766199916543,323.1829190008284,True,False,CPUExecutionProvider
382111,4.613451999830431,433.4027180011617,13.2641149994015,451.2806749989977,True,False,CPUExecutionProvider
317433,11.788959000114119,295.4572030012059,4.380004998893128,311.6264969994518,True,False,CPUExecutionProvider
132408,3.981326000939589,460.81357799994294,4.552186999717378,469.3475220010441,True,False,CPUExecutionProvider
191288,4.08080299894209,410.7776089986146,12.738479999825358,427.59733299863,True,False,CPUExecutionProvider
260106,10.503699000764755,315.73801199920126,4.423145001055673,330.6653270010429,True,False,CPUExecutionProvider
100510,39.400072000717046,275.0776869997935,4.4281150003371295,318.90644499981136,True,False,CPUExecutionProvider
441442,7.114682999599609,352.4751999993896,4.914696999549051,364.5052619995113,True,False,CPUExecutionProvider
140270,6.433284999729949,295.32617299992125,4.380074999062344,306.13989399898855,True,False,CPUExecutionProvider
553990,3.917737998563098,290.660463999302,4.571964000206208,299.1503559987905,True,False,CPUExecutionProvider
97924,6.536448001497774,270.2723980000883,4.5398140009638155,281.3490210010059,True,False,CPUExecutionProvider
331799,7.684620999498293,366.0888470003556,4.570791999867652,378.34473099974275,True,False,CPUExecutionProvider
326542,6.938862999959383,303.6962839996704,4.439705999175203,315.07609599975694,True,False,CPUExecutionProvider
250766,7.009796001511859,294.7581810003612,4.505509999944479,306.2742590009293,True,False,CPUExecutionProvider
23781,6.6919199998665135,349.11075699892535,5.299168000419741,361.1024769998039,True,False,CPUExecutionProvider
576566,8.637339000415523,263.658387999385,4.3826790006278316,276.6790870009572,True,False,CPUExecutionProvider
327306,6.732696998369647,302.2958900000958,4.49969900000724,313.52865699955146,True,False,CPUExecutionProvider
567825,6.574079001438804,319.89637999868137,4.471064999961527,330.9419249999337,True,False,CPUExecutionProvider
485972,7.451555000443477,252.87167899841734,4.425760000231094,264.7496859990497,True,False,CPUExecutionProvider
378873,4.627508998964913,341.407985000842,4.681649999838555,350.7175049999205,True,False,CPUExecutionProvider
94944,7.34165900030348,374.1136540011212,7.192368999312748,388.6482430007163,True,False,CPUExecutionProvider
151051,6.207972999618505,256.6612980008358,4.49035199926584,267.36011399952986,True,False,CPUExecutionProvider
93717,6.446209999921848,287.6034390010318,14.063625998460338,308.1141469992872,True,False,CPUExecutionProvider
394510,10.810514000695548,317.9246660001809,4.418717000589822,333.1545590008318,True,False,CPUExecutionProvider
83531,5.6916640005511,326.14218999879085,5.197037000471028,337.0317930002784,True,False,CPUExecutionProvider
18193,6.444876999012195,260.1953190005588,4.347624000729411,270.9882210001524,True,False,CPUExecutionProvider
160728,4.133481999815558,343.48136900007376,4.726605000541895,352.3420780002198,True,False,CPUExecutionProvider
92177,7.565128000351251,373.78483599968604,4.382959999929881,385.73314399945957,True,False,CPUExecutionProvider
74200,7.65104899983271,320.8649560001504,4.597572000420769,333.1141380003828,True,False,CPUExecutionProvider
1425,6.595380000362638,260.2630580004188,4.28287199974875,271.14192100088985,True,False,CPUExecutionProvider
234779,6.792780000978382,245.14892300067004,4.778611999427085,256.7207160009275,True,False,CPUExecutionProvider
485130,7.271157001014217,281.43544900012785,4.373191000922816,293.08000700075354,True,False,CPUExecutionProvider
43435,8.44437700106937,271.6666359992814,4.604585999913979,284.7163410006033,True,False,CPUExecutionProvider
403584,8.238832000643015,369.96865199944295,4.567576001136331,382.77590200050327,True,False,CPUExecutionProvider
40757,7.174275999204838,273.97131200086733,4.438623998794355,285.5851129988878,True,False,CPUExecutionProvider
35062,7.287627999176038,270.4689420006616,4.395735000798595,282.15283600002294,True,False,CPUExecutionProvider
342128,5.519080999874859,285.7102180005313,4.782849999173777,296.0124889996223,True,False,CPUExecutionProvider
35279,8.090193001407897,347.2325450002245,4.515378999712993,359.8387380006898,True,False,CPUExecutionProvider
503755,7.5971990008838475,292.52676400028577,4.358074000265333,304.4826980003563,True,False,CPUExecutionProvider
24610,6.67792400054168,354.70468899984553,13.91355499981728,375.2967799991893,True,False,CPUExecutionProvider
320642,13.795352999295574,338.9650019998953,5.49449500067567,358.25562100035313,True,False,CPUExecutionProvider
322895,6.423177001124714,527.937340999415,7.26526600010402,541.6263450006227,True,False,CPUExecutionProvider
104666,9.99579700146569,277.928528999837,4.635945000700303,292.56060200168577,True,False,CPUExecutionProvider
97337,7.1914979998837225,253.40090799909376,4.461918000743026,265.05480500054546,True,False,CPUExecutionProvider
235778,5.9620419997372665,309.3594089987164,4.472538001209614,319.7945800002344,True,False,CPUExecutionProvider
547144,7.346899999902234,244.15081899860525,4.481976000533905,255.98080700001447,True,False,CPUExecutionProvider
541952,4.518314999586437,249.3778839998413,4.4297379990894115,258.3267279987922,True,False,CPUExecutionProvider
494759,11.734268000509473,255.1804569993692,4.437603000042145,271.35297899985744,True,False,CPUExecutionProvider
409542,7.959096999911708,297.7593640007399,4.613183000401477,310.33197500073584,True,False,CPUExecutionProvider
427055,7.374110000455403,246.79252599889878,4.67435700011265,258.8414740002918,True,False,CPUExecutionProvider
119995,4.439928001374938,307.9135620009765,4.469371999221039,316.8233020005573,True,False,CPUExecutionProvider
159112,7.366186000581365,343.465500000093,4.299554000681383,355.13177100074245,True,False,CPUExecutionProvider
369323,7.226915000501322,345.77646700017795,4.330240999479429,357.33448400060297,True,False,CPUExecutionProvider
127270,6.160113000078127,287.6270850010769,4.539063998890924,298.3269239994115,True,False,CPUExecutionProvider
413247,6.815362999986974,312.9379269994388,4.590590000589145,324.3443310002476,True,False,CPUExecutionProvider
179653,5.154215999937151,301.3749510009802,4.6735759988223435,311.2033449997398,True,False,CPUExecutionProvider
400922,7.832080000298447,326.20521299941174,4.505360000621295,338.5430329999508,True,False,CPUExecutionProvider
300039,6.114417999924626,293.13808400002017,4.54386199999135,303.79690500012657,True,False,CPUExecutionProvider
259597,6.8244989997765515,269.86107799893944,4.978207000021939,281.6648459993303,True,False,CPUExecutionProvider
297084,8.176404999176157,341.54955399935716,4.882797999016475,354.6095289984805,True,False,CPUExecutionProvider
168337,7.626763999724062,351.5945039998769,4.642336998585961,363.86459699861007,True,False,CPUExecutionProvider
419974,7.222395999633591,359.64096700081427,4.931379000481684,371.79532300069695,True,False,CPUExecutionProvider
226408,4.5975420016475255,317.95305099876714,4.586302000461728,327.1373860006861,True,False,CPUExecutionProvider
173302,7.349113999225665,263.01644399973156,4.688492999775917,275.05485199981194,True,False,CPUExecutionProvider
237928,6.270751000556629,341.5160549993743,4.4321929999568965,352.2199010003533,True,False,CPUExecutionProvider
54654,4.443883999556419,325.23778599897923,15.994800000044052,345.6769409986009,True,False,CPUExecutionProvider
167898,10.814252998898155,260.3487619999214,4.522511999311973,275.68631899885077,True,False,CPUExecutionProvider
152771,7.216324998807977,367.03905800095527,15.792840998983593,390.0489249990642,True,False,CPUExecutionProvider
117914,15.957589999743504,252.72854200011352,4.742483999507385,273.4295280006336,True,False,CPUExecutionProvider
309391,7.160059998568613,269.44035599990457,4.856689000007464,281.45799599951715,True,False,CPUExecutionProvider
480944,8.034759999645757,265.2103319996968,5.125133000547066,278.37083600024926,True,False,CPUExecutionProvider
568690,4.740440999739803,264.53429600042,4.432011999597307,273.7070599996514,True,False,CPUExecutionProvider
382122,7.012813000983442,329.5428350011207,4.4523010001285,341.0088110013021,True,False,CPUExecutionProvider
234807,6.8207629992684815,322.86737500180607,4.444244999831426,334.13275400016573,True,False,CPUExecutionProvider
554291,7.010629000433255,304.5009689994913,4.560684001262416,316.0726820005948,True,False,CPUExecutionProvider
60835,7.524152000769391,330.90688599986606,4.376849999971455,342.80853900054353,True,False,CPUExecutionProvider
213935,7.054641000650008,266.96859399999084,4.426432000400382,278.45024800080864,True,False,CPUExecutionProvider
502599,5.263663000732777,272.76159999928495,4.335041001468198,282.3608350008726,True,False,CPUExecutionProvider
425221,7.013314001596882,294.24298199955956,4.375226000775001,305.6320930008951,True,False,CPUExecutionProvider
224119,6.722509000610444,248.05554200065671,4.343025999332895,259.1219089990773,True,False,CPUExecutionProvider
417043,6.4597260006848956,256.2335010006791,4.355208999186289,267.04898699972546,True,False,CPUExecutionProvider
393282,5.7418799988226965,277.9459670000506,4.435319000549498,288.12348599967663,True,False,CPUExecutionProvider
78032,4.4053330002498114,344.88811399933184,4.508907000854379,353.80296500079567,True,False,CPUExecutionProvider
472030,5.473204999361769,293.00991099989915,4.426662000696524,302.91054000008444,True,False,CPUExecutionProvider
537964,5.171078999410383,251.81878399962443,4.268856999260606,261.259009999776,True,False,CPUExecutionProvider
542423,6.8574819997593295,322.27992300067854,4.498828000578214,333.6365830000432,True,False,CPUExecutionProvider
344909,8.074986000792705,297.8889349997189,5.064167999080382,311.02886000007857,True,False,CPUExecutionProvider
140556,4.805683000085992,264.2245839997486,4.507304000071599,273.53823199882754,True,False,CPUExecutionProvider
277051,6.567147000168916,258.25822400111065,4.507394000029308,269.33363700118207,True,False,CPUExecutionProvider
82696,4.718500000308268,242.26690999967104,4.523104000327294,251.50935600140656,True,False,CPUExecutionProvider
189698,6.522273999507888,388.67170000048645,4.285899000024074,399.4804939993628,True,False,CPUExecutionProvider
407518,7.305491999431979,249.42818399904354,4.398540000693174,261.1329579995072,True,False,CPUExecutionProvider
310622,6.855548001112766,307.4931729988748,4.0800830010994105,318.4294550010236,True,False,CPUExecutionProvider
19109,4.914447999908589,286.00266400098917,4.878870999164064,295.79634400033683,True,False,CPUExecutionProvider
361571,6.617592000111472,329.96352999907685,4.379735000838991,340.9614080010215,True,False,CPUExecutionProvider
206994,4.934425000101328,362.70167600014247,4.763905999425333,372.4002369999653,True,False,CPUExecutionProvider
523241,5.869558999620494,253.547382000761,4.584548998536775,264.00189099877025,True,False,CPUExecutionProvider
67616,7.76553600007901,279.8517909996008,4.821873999389936,292.43974199926015,True,False,CPUExecutionProvider
258793,7.655159000933054,267.39628999894194,4.444756999873789,279.4968369998969,True,False,CPUExecutionProvider
433774,6.98648400066304,420.9326300006069,5.048418999649584,432.96791300053883,True,False,CPUExecutionProvider
413395,6.3734249997651204,267.80096999937086,4.539945999567863,278.7147109993384,True,False,CPUExecutionProvider
469067,7.419396000841516,305.7586260001699,4.349427999841282,317.5281410003663,True,False,CPUExecutionProvider
559099,4.586973998812027,318.8760499997443,4.704783999841311,328.168428999561,True,False,CPUExecutionProvider
311789,6.285118999585393,272.6521100012178,4.271171999789658,283.20898200036027,True,False,CPUExecutionProvider
201025,7.337431999985711,279.7872949995508,4.3328470001142705,291.458044999672,True,False,CPUExecutionProvider
448256,6.834649999291287,347.97352900022815,12.741078000544803,367.5499780001701,True,False,CPUExecutionProvider
549390,16.42100999924878,244.35735099905287,4.51674200121488,265.2959240003838,True,False,CPUExecutionProvider
401991,6.094841999583878,331.2834959997417,15.622853999957442,353.0019640002138,True,False,CPUExecutionProvider
201418,11.303000999760116,255.54298300085065,4.868751999310916,271.7158479990758,True,False,CPUExecutionProvider
385997,7.520455999838305,357.58760399949097,4.416843999933917,369.52583600032085,True,False,CPUExecutionProvider
545730,4.754898998726276,332.4856239996734,6.211451000126544,343.45260499867436,True,False,CPUExecutionProvider
364102,6.141579000541242,365.06701599864755,4.312890001529013,375.52205600150046,True,False,CPUExecutionProvider
13291,6.330123000225285,378.6300560004747,4.480715000681812,389.4412750014453,True,False,CPUExecutionProvider
440336,6.019479998940369,328.794642999128,4.44987700029742,339.2644609994022,True,False,CPUExecutionProvider
148783,7.568635999632534,313.45441000121355,4.438013998878887,325.46139099940774,True,False,CPUExecutionProvider
325306,7.833842999389162,327.86115300041274,4.428767000717926,340.12425400032953,True,False,CPUExecutionProvider
488251,7.713788998444215,255.9286619998602,4.393721001179074,268.0370939997374,True,False,CPUExecutionProvider
229601,7.137979000617634,265.20939900001395,4.527020999375964,276.87487000002875,True,False,CPUExecutionProvider
427160,6.673687999864342,378.1221490007738,4.3048039988207165,389.1011220002838,True,False,CPUExecutionProvider
437205,4.041701000460307,256.4451519992872,4.396066000481369,264.8836200005462,True,False,CPUExecutionProvider
62554,7.4735279995366,297.2413940005936,4.427034000400454,309.142576999875,True,False,CPUExecutionProvider
434204,6.087007001042366,272.07067100061977,4.466037000383949,282.62419600105204,True,False,CPUExecutionProvider
138954,7.7101019996916875,263.82987500073796,4.45199100067839,275.99254900087544,True,False,CPUExecutionProvider
289417,6.982507000429905,309.1630870003428,4.475985999306431,320.62227099959273,True,False,CPUExecutionProvider
776,4.6264679986052215,256.496160000097,4.3118169996887445,265.43501599917363,True,False,CPUExecutionProvider
470121,7.129102001272258,265.7636330004607,5.287567999403109,278.1806439998036,True,False,CPUExecutionProvider
309467,10.754502000054345,350.9192820001772,4.380255999421934,366.05466099899786,True,False,CPUExecutionProvider
473121,5.841876998601947,259.92318999851705,4.2718720014818246,270.03758099999686,True,False,CPUExecutionProvider
327605,6.848015000286978,282.30316799999855,4.470855999898049,293.6228110011143,True,False,CPUExecutionProvider
451084,6.394535001163604,249.75602099948446,4.403569999340107,260.5545759997767,True,False,CPUExecutionProvider
22479,7.527809999373858,358.560516999205,4.419159000462969,370.50804699902073,True,False,CPUExecutionProvider
243148,6.1447959997167345,286.25435100002505,4.499198999837972,296.89892699934717,True,False,CPUExecutionProvider
249786,6.926271000338602,351.4291930005129,4.495502000281704,362.8514170013659,True,False,CPUExecutionProvider
581062,5.998622000333853,308.0309099987062,4.390165000586421,318.42024800062063,True,False,CPUExecutionProvider
185950,4.27269499959948,298.5418220014253,4.4948209997528465,307.30977799976245,True,False,CPUExecutionProvider
44195,3.9052749998518266,310.74282900044636,5.390591000832501,320.03890499981935,True,False,CPUExecutionProvider
499109,4.88243799918564,377.5196650003636,4.284906999600935,386.68745100039814,True,False,CPUExecutionProvider
478136,7.190999000158627,378.89909200021066,4.4540050002979115,390.54434600075183,True,False,CPUExecutionProvider
451150,7.442250000167405,266.96103799986304,4.526861001068028,278.9310309999564,True,False,CPUExecutionProvider
148957,7.33609100097965,325.1080970003386,4.796275999979116,337.24147599969,True,False,CPUExecutionProvider
251119,7.276709000507253,406.15399799935403,12.453850000383682,425.8855890002451,True,False,CPUExecutionProvider
107554,11.738317998606362,246.90005099910195,4.284435999579728,262.9234259984514,True,False,CPUExecutionProvider
449661,2.5278009998146445,309.2169810006453,4.514238000410842,316.2592710013996,True,False,CPUExecutionProvider
364126,7.647634998647845,299.5506400002341,4.503116999330814,311.70205299895315,True,False,CPUExecutionProvider
384651,8.338722000189591,334.6146839994617,5.435634999230388,348.3899719994952,True,False,CPUExecutionProvider
354307,3.5542770001484314,264.2317429999821,4.226278000714956,272.0126380008878,True,False,CPUExecutionProvider
483531,6.926592999661807,320.15940900055284,4.4820870007242775,331.5690910003468,True,False,CPUExecutionProvider
170191,7.414797999445,312.8334890006954,4.391226999359787,324.64035599878116,True,False,CPUExecutionProvider
201426,7.286748001206433,311.87162599962903,4.646495000997675,323.80567000109295,True,False,CPUExecutionProvider
179487,7.832041001165635,308.6618350007484,4.550695999569143,321.04503300070064,True,False,CPUExecutionProvider
445999,6.351063000693102,315.81084599929454,4.298963000110234,326.4614830004575,True,False,CPUExecutionProvider
91500,7.567515000118874,277.980786999251,4.675490001318394,290.2244430006249,True,False,CPUExecutionProvider
405970,6.695228999888059,339.9171639994165,4.641938001441304,351.2548220005556,True,False,CPUExecutionProvider
290771,5.015187000026344,241.34633900030167,4.484782000872656,250.84666900147568,True,False,CPUExecutionProvider
426836,5.726291999962996,395.7654559999355,14.78341999973054,416.27536800115195,True,False,CPUExecutionProvider
557916,10.41255100062699,297.7023309995275,4.394904000946553,312.5110590008262,True,False,CPUExecutionProvider
99024,7.102012001269031,311.18489199980104,4.517023000516929,322.8044580009737,True,False,CPUExecutionProvider
305309,6.674841000858578,302.80312100148876,4.406916999869281,313.8852500014764,True,False,CPUExecutionProvider
311928,4.519938000157708,358.284233001541,4.4200499996804865,367.224982001062,True,False,CPUExecutionProvider
384949,4.536128999461653,295.7518059993163,4.6075530008238275,304.8958780000248,True,False,CPUExecutionProvider
196141,6.842234999567154,329.49116500094533,5.045694999353145,341.3798459987447,True,False,CPUExecutionProvider
136915,7.315281998671708,301.4308300007542,4.661814999053604,313.4087379985431,True,False,CPUExecutionProvider
533816,7.762381001157337,303.4630219990504,4.749278999952367,315.9753529998852,True,False,CPUExecutionProvider
522889,4.781109000759898,274.7949990007328,4.5079560004523955,284.0848850009934,True,False,CPUExecutionProvider
548246,7.249479000165593,320.5301680009143,4.675840998970671,332.45597899986024,True,False,CPUExecutionProvider
37988,6.544114999996964,318.38827000137826,4.311557999244542,329.24489499964693,True,False,CPUExecutionProvider
555009,10.840224000276066,328.1146480003372,4.5769949992973125,343.5326779999741,True,False,CPUExecutionProvider
418961,5.761607999374974,347.18495900051494,4.478991999349091,357.4261399990064,True,False,CPUExecutionProvider
325838,7.006553001701832,310.12277800073207,4.6150069993018406,321.7447090009955,True,False,CPUExecutionProvider
527427,7.554390998848248,327.30288700076926,4.51271499878203,339.3703629990341,True,False,CPUExecutionProvider
74256,6.931752999662422,283.71450399936293,4.610347999914666,295.25725599887664,True,False,CPUExecutionProvider
154644,6.251997001527343,281.5638089996355,4.383703000712558,292.1999700010929,True,False,CPUExecutionProvider
17714,7.3037300007854355,270.64295499985747,4.578177999064792,282.5255549996655,True,False,CPUExecutionProvider
474039,4.402709000714822,271.7686380001396,4.366901001048973,280.5390490011632,True,False,CPUExecutionProvider
153782,5.023583998990944,286.31495400077256,4.580621998684364,295.9195199982787,True,False,CPUExecutionProvider
21465,6.127964999905089,323.2649660003517,4.698803999417578,334.0921060007531,True,False,CPUExecutionProvider
84664,7.363382999756141,287.12932399866986,4.578428000968415,299.0716149997752,True,False,CPUExecutionProvider
286908,6.027096000252641,339.7342499993101,4.948984000293422,350.7108409994544,True,False,CPUExecutionProvider
381587,4.7085019996302435,319.9327069996798,5.686466998668038,330.3280369982531,True,False,CPUExecutionProvider
461751,4.761361999044311,333.02607999939937,4.2907890001515625,342.078710998976,True,False,CPUExecutionProvider
308799,6.356673999107443,304.32945000029576,4.608735000147135,315.2960309998889,True,False,CPUExecutionProvider
466986,5.6004559992288705,291.25280100015516,4.515549999268842,301.36949799998547,True,False,CPUExecutionProvider
239627,5.542515998968156,248.7201579988323,4.6746990010433365,258.938164999563,True,False,CPUExecutionProvider
229358,6.939046001207316,300.5865810009709,4.668656998546794,312.1949050000694,True,False,CPUExecutionProvider
61471,4.107083999770111,298.73522799971397,4.5244670000101905,307.36722000074224,True,False,CPUExecutionProvider
170893,3.88232200020866,296.50073799894017,4.499491000387934,304.8830120005732,True,False,CPUExecutionProvider
465179,6.488811999588506,293.5041880009521,4.582546000165166,304.5764369999233,True,False,CPUExecutionProvider
466085,7.458070000211592,342.3973329990986,4.375869000796229,354.2316130005929,True,False,CPUExecutionProvider
567197,6.261655998969218,369.7088770004484,4.486175999772968,380.4570199990849,True,False,CPUExecutionProvider
498286,7.764294001390226,289.48555100032536,4.472148999411729,301.72249499992176,True,False,CPUExecutionProvider
437392,6.898751000335324,375.26648300081433,12.252784999873256,394.41881000129797,True,False,CPUExecutionProvider
153217,12.353143001746503,275.39960899957805,4.394884999783244,292.14842900000804,True,False,CPUExecutionProvider
206487,8.059578998654615,336.37842800089857,4.463672999918344,348.90190999976767,True,False,CPUExecutionProvider
565012,7.990538999365526,312.1800240005541,12.531136999314185,332.7021810000588,True,False,CPUExecutionProvider
563603,11.881567999807885,265.1536820012552,4.434858999957214,281.47052900021663,True,False,CPUExecutionProvider
394611,4.093699000804918,312.40656199952355,4.222530000333791,320.72326200068346,True,False,CPUExecutionProvider
211069,5.003294998459751,388.2213289998617,4.373094001493882,397.59800899992115,True,False,CPUExecutionProvider
455085,6.7540899999585235,290.51610000169603,4.374215999632725,301.64544800027215,True,False,CPUExecutionProvider
282046,6.3297040014731465,267.0233000008011,4.480364999835729,277.83443100088334,True,False,CPUExecutionProvider
542856,4.5297670003492385,254.33803499981877,4.48098600099911,263.3491390006384,True,False,CPUExecutionProvider
12062,7.934793999083922,257.14363800034334,4.320385000028182,269.3994989986095,True,False,CPUExecutionProvider
360325,7.600127000841894,275.442396001381,4.487667998546385,287.5305819998175,True,False,CPUExecutionProvider
427500,6.973661998927128,304.53677300101845,4.4249509992368985,315.9358569992037,True,False,CPUExecutionProvider
15517,5.447730000014417,261.37346399991657,4.579079999530222,271.40084500024386,True,False,CPUExecutionProvider
375763,5.05386099939642,332.1348459994624,4.475576000913861,341.66462299981504,True,False,CPUExecutionProvider
213605,9.32668499990541,315.94809200032614,7.297699999980978,332.5734989994089,True,False,CPUExecutionProvider
270705,10.578933999568108,242.18508999911137,4.470677000426804,257.23586399908527,True,False,CPUExecutionProvider
544811,6.579341999895405,331.67104799940716,4.1912719989340985,342.4422929983848,True,False,CPUExecutionProvider
436551,4.094391000762698,339.82999399995606,4.567627998767421,348.49231299995154,True,False,CPUExecutionProvider
389532,7.196801001555286,425.21440599921334,7.184166999650188,439.59622500005935,True,False,CPUExecutionProvider
39670,12.118782999095856,329.31348800048,4.3057370003225515,345.7384289995389,True,False,CPUExecutionProvider
429718,9.126961000220035,250.32142700001714,4.521402001046226,263.97063200056436,True,False,CPUExecutionProvider
563604,7.246163000672823,251.76569699942775,4.701279000073555,263.7136699995608,True,False,CPUExecutionProvider
162366,6.757275999916601,305.0607539989869,4.263388000254054,316.08207899989793,True,False,CPUExecutionProvider
496722,6.380449000062072,325.90892400003213,4.57405000088329,336.8642040004488,True,False,CPUExecutionProvider
124636,8.377365000342252,285.43143200113263,5.395350999606308,299.2052600002353,True,False,CPUExecutionProvider
551815,7.272212000316358,266.7534850006632,4.376349999802187,278.402547000951,True,False,CPUExecutionProvider
78565,3.8588690003962256,399.6671189997869,13.089735000903602,416.61617400131945,True,False,CPUExecutionProvider
116439,8.7160210005095,265.43809800023155,4.6248260005086195,278.7799260004249,True,False,CPUExecutionProvider
492992,6.68808699992951,246.26509199879365,4.411986001287005,257.36596600108896,True,False,CPUExecutionProvider
107851,7.855296000343515,258.78720299988345,4.6177929998520995,271.26107399999455,True,False,CPUExecutionProvider
274219,6.231469998965622,285.9754260007321,4.397840000819997,296.60547700041207,True,False,CPUExecutionProvider
105923,7.3479239999869606,267.3234570011118,4.51593099933234,279.1879729993525,True,False,CPUExecutionProvider
325031,5.783770000562072,353.49713299910945,5.080330000055255,364.3615940000018,True,False,CPUExecutionProvider
166664,7.443222999427235,320.1615480011242,4.384574998766766,331.99023799897986,True,False,CPUExecutionProvider
166642,5.568615999436588,394.0556990000914,4.352183999799308,403.9768399998138,True,False,CPUExecutionProvider
143961,8.397261999562033,342.18271000099776,4.790085999047733,355.3707499995653,True,False,CPUExecutionProvider
304545,5.522458999621449,258.17465799991623,5.047497999839834,268.745396999293,True,False,CPUExecutionProvider
212573,5.357170000934275,284.0024679990165,5.693641000107164,295.05358999995224,True,False,CPUExecutionProvider
225670,6.313112999123405,285.0704640004551,4.3533970001590205,295.7377450002241,True,False,CPUExecutionProvider
575357,4.118967000977136,258.64244699914707,4.422265999892261,267.18414099923393,True,False,CPUExecutionProvider
186422,6.5728410008887295,319.894132000627,5.028191999372211,331.49565500025346,True,False,CPUExecutionProvider
319369,7.562016000520089,310.90397700063477,4.648811000151909,323.11582600050315,True,False,CPUExecutionProvider
26941,5.272070000501117,321.72366499980853,4.730974998892634,331.7274519995408,True,False,CPUExecutionProvider
252716,6.7855289998988155,307.3070509999525,4.363805999673787,318.4569269997155,True,False,CPUExecutionProvider
64868,6.057313001292641,307.9199619987776,4.596272001435864,318.5746890012524,True,False,CPUExecutionProvider
205324,4.04753300063021,337.2815740003716,4.44534899907012,345.77503699983936,True,False,CPUExecutionProvider
447313,5.737753999710549,295.4820499999187,4.41764700008207,305.6377609991614,True,False,CPUExecutionProvider
172977,5.395100999521674,251.96297000002232,4.681001999415457,262.03934399927675,True,False,CPUExecutionProvider
560880,5.192870999962906,365.06103899955633,15.714880000814446,385.9696620002069,True,False,CPUExecutionProvider
449406,11.138706000565435,300.4113489987503,6.3191839999490185,317.8698899992014,True,False,CPUExecutionProvider
491613,6.902058001287514,327.8611740006454,4.478352000660379,339.24197500164155,True,False,CPUExecutionProvider
48555,7.478489000277477,306.29899599989585,4.42425999972329,318.2022760011023,True,False,CPUExecutionProvider
61584,5.185346999496687,310.9419060001528,4.438705998836667,320.5663699991419,True,False,CPUExecutionProvider
244099,4.071567998835235,319.68108099863457,4.529557001660578,328.28257700020913,True,False,CPUExecutionProvider
460682,5.281797999487026,281.15477800020017,4.441733000930981,290.8786700008932,True,False,CPUExecutionProvider
481159,5.352640999262803,278.60888199938927,4.450389000339783,288.4130139991612,True,False,CPUExecutionProvider
28809,6.672798001090996,278.22286800073925,4.302411000026041,289.19884800052387,True,False,CPUExecutionProvider
50679,7.012284999291296,321.4626360004331,4.513146999670425,332.988658999966,True,False,CPUExecutionProvider
10764,7.153218999519595,244.15626199879625,4.4372440006554825,255.74711599983857,True,False,CPUExecutionProvider
537827,4.468523000468849,392.90293699923495,4.451000000699423,401.8230809997476,True,False,CPUExecutionProvider
329827,6.896667999171768,242.78020199926686,4.3507820009836,254.0286229996127,True,False,CPUExecutionProvider
161820,4.475887000808143,353.1223610007146,4.398170998683781,361.996879999424,True,False,CPUExecutionProvider
116362,6.9625109990738565,339.7280850003881,4.521822000242537,351.2129589998949,True,False,CPUExecutionProvider
500270,6.432688000131748,248.66382099935436,4.418909000378335,259.5160490000126,True,False,CPUExecutionProvider
308165,6.014652999510872,316.7794649998541,4.319914000006975,327.1146940005565,True,False,CPUExecutionProvider
125245,6.7810909986292245,272.0490310002788,4.214275999402162,283.0448089989659,True,False,CPUExecutionProvider
544444,6.517898000311106,267.82120000098075,4.4858659985038685,278.82550499998615,True,False,CPUExecutionProvider
378244,4.308491999836406,303.5884109995095,4.362883999419864,312.2600379992946,True,False,CPUExecutionProvider
90956,6.97498500085203,265.21553299971856,4.472279999390594,276.6636800006381,True,False,CPUExecutionProvider
313562,4.774045999511145,324.0015459996357,4.376300001240452,333.1521319996682,True,False,CPUExecutionProvider
258388,6.626520998906926,316.55479799883324,12.386477001200547,335.5683970003156,True,False,CPUExecutionProvider
273711,14.45819399850734,257.08394100001897,4.864024998823879,276.4064699986193,True,False,CPUExecutionProvider
358195,4.103688001123373,311.86843599971326,4.50658400040993,320.4790590007178,True,False,CPUExecutionProvider
3553,7.33925900021859,254.20394800130452,4.359758999271435,265.90360699992743,True,False,CPUExecutionProvider
253819,4.687794000346912,348.97206500136235,4.416746000060812,358.0771060005645,True,False,CPUExecutionProvider
278705,7.759848000205238,512.398385000779,4.495985000176006,524.6551790005469,True,False,CPUExecutionProvider
187990,6.2389839986281,252.21769500058144,4.486145999180735,262.94761399913114,True,False,CPUExecutionProvider
51938,6.920222000189824,261.0450150004908,4.461078999156598,272.4273080002604,True,False,CPUExecutionProvider
188296,4.878671999904327,372.3713849994965,4.305497001041658,381.5560450002522,True,False,CPUExecutionProvider
45090,3.1786929994268576,249.67784200089227,4.392499999084976,257.2493249990657,True,False,CPUExecutionProvider
396729,6.952833000468672,264.47035199998936,4.499962000409141,275.92385900061345,True,False,CPUExecutionProvider
347174,7.749237000098219,263.10957900022913,4.513928999585914,275.3734469988558,True,False,CPUExecutionProvider
341196,7.080363000568468,261.0430430013366,4.4469719996413914,272.57074900080625,True,False,CPUExecutionProvider
439525,6.858607001049677,295.00891500174475,4.505401999267633,306.3738260007085,True,False,CPUExecutionProvider
329455,4.383073001008597,345.0239049998345,4.7373670004162705,354.1445760001807,True,False,CPUExecutionProvider
302990,7.104589001755812,328.00959599990165,4.423238000526908,339.53795400157105,True,False,CPUExecutionProvider
262587,6.83211800060235,349.82539500015264,4.265001000021584,360.9235460007767,True,False,CPUExecutionProvider
117719,7.341021999309305,355.57882899956894,4.805024000233971,367.7255359998526,True,False,CPUExecutionProvider
127476,8.323535999807063,320.8466110008885,4.4905340000696015,333.66109100097674,True,False,CPUExecutionProvider
499313,7.548591000158922,275.20093900056963,4.377482000563759,287.1277740014193,True,False,CPUExecutionProvider
309678,6.697504999465309,338.9533310000843,4.342286998507916,349.9937039996439,True,False,CPUExecutionProvider
113720,7.728598999165115,280.9184160014411,4.80902199888078,293.4568879991275,True,False,CPUExecutionProvider
107339,5.925576000663568,277.7001289996406,4.403230999741936,288.0297080009768,True,False,CPUExecutionProvider
468501,4.594279000230017,341.74141400035296,4.4528439993882785,350.7895989987446,True,False,CPUExecutionProvider
511760,6.384267999237636,307.14575099955255,4.504008998992504,318.0352799990942,True,False,CPUExecutionProvider
361730,7.605828999658115,352.07985200031544,4.872150000664988,364.5588430008502,True,False,CPUExecutionProvider
427077,4.373425001176656,322.0207890008169,4.266703999746824,330.66203000089445,True,False,CPUExecutionProvider
203931,5.194154999117018,257.8324989990506,4.39374300003692,267.4207169984584,True,False,CPUExecutionProvider
555972,4.86222200015618,248.1826959992759,4.610599999068654,257.655937999516,True,False,CPUExecutionProvider
69795,4.473823000807897,387.82940300006885,12.588836998475017,404.89243299998634,True,False,CPUExecutionProvider
577735,12.305705999096972,252.2437549996539,4.408861999763758,268.9587639997626,True,False,CPUExecutionProvider
325527,5.988915998386801,310.0490520009771,4.412999000123818,320.45141799972043,True,False,CPUExecutionProvider
465718,7.1654729999863775,353.90292600095563,4.484352999497787,365.5533729997842,True,False,CPUExecutionProvider
285349,7.395172999167698,328.5839760010276,4.360229999292642,340.33964999980526,True,False,CPUExecutionProvider
322163,4.656426001020009,311.5446110004996,4.924028000459657,321.12579600106983,True,False,CPUExecutionProvider
346968,7.65728500118712,398.1893830004992,5.106660999445012,410.9542810001585,True,False,CPUExecutionProvider
229216,4.180322999673081,358.72340300011274,4.504971000642399,367.40890700093587,True,False,CPUExecutionProvider
563882,6.669070999123505,420.83614299917826,6.170396000015899,433.6763419996714,True,False,CPUExecutionProvider
199681,7.03690199952689,326.7983400000958,4.2992759990738705,338.1351289990562,True,False,CPUExecutionProvider
313130,7.077107000441174,334.50846599953366,4.607593999025994,346.19366799961426,True,False,CPUExecutionProvider
294163,4.730464999738615,333.11457299896574,4.418108001118526,342.26349600066897,True,False,CPUExecutionProvider
176232,6.854880000901176,261.39039200097614,4.726818000563071,272.97277100115025,True,False,CPUExecutionProvider
407403,6.751836999683292,269.43129699975543,4.430842000147095,280.6144669993955,True,False,CPUExecutionProvider
562843,6.374358999892138,323.2575210004143,4.576366000037524,334.20887700049207,True,False,CPUExecutionProvider
483999,4.252427999745123,312.21201900007145,5.300565000652568,321.76559300023655,True,False,CPUExecutionProvider
58705,5.230433000178891,401.9771179991949,12.72989199969743,419.93847499907133,True,False,CPUExecutionProvider
216497,11.794468000516645,310.6127910014038,4.561376999845379,326.9690570014063,True,False,CPUExecutionProvider
323263,7.260481999765034,308.429584998521,5.131057001563022,320.82189500033564,True,False,CPUExecutionProvider
506310,6.976288001169451,259.37815900033456,4.467853001187905,270.82329200129607,True,False,CPUExecutionProvider
248334,7.292250998943928,314.6638840007654,12.701618999926723,334.65840499957267,True,False,CPUExecutionProvider
400803,7.630805999724544,264.1966009996395,4.3716820000554435,276.199899999483,True,False,CPUExecutionProvider
422706,6.724665998262935,375.6653379987256,12.69715200032806,395.0876469989453,True,False,CPUExecutionProvider
7574,11.073534999013646,285.7299419993069,4.668389001381001,301.47259700061113,True,False,CPUExecutionProvider
542089,6.112167999162921,339.7381270006008,4.4327870000415714,350.28430400052457,True,False,CPUExecutionProvider
53505,6.445111999710207,293.8079880004807,4.563160999168758,304.8166509997827,True,False,CPUExecutionProvider
500464,6.93319799938763,338.3322820009198,4.661646000386099,349.9274770001648,True,False,CPUExecutionProvider
78823,7.93441600035294,310.9051859992178,4.889191999609466,323.72951499928604,True,False,CPUExecutionProvider
527220,3.579805999834207,273.367159999907,4.3675640008586925,281.3152609996905,True,False,CPUExecutionProvider
178982,6.560348001585226,412.83370800010744,5.15865800116444,424.55350500131317,True,False,CPUExecutionProvider
332455,6.459378999352339,474.4029399989813,4.438527001184411,485.3010759998142,True,False,CPUExecutionProvider
408696,7.278746001247782,337.4028019989055,4.586695000398322,349.2686440004036,True,False,CPUExecutionProvider
144300,4.689659001087421,305.4372009992221,4.628202999811037,314.7554429997399,True,False,CPUExecutionProvider
7816,4.389796000396018,272.2527620007895,4.643601998395752,281.2866309996025,True,False,CPUExecutionProvider
152120,11.180004999914672,329.5531259991549,4.807530000107363,345.54105200004415,True,False,CPUExecutionProvider
308631,4.893270999673405,292.64109500036284,5.686247999619809,303.2212250000157,True,False,CPUExecutionProvider
517523,6.972531000428717,304.0345110002818,4.2809320002561435,315.2885250001418,True,False,CPUExecutionProvider
5477,3.9633260003029136,303.1029939993459,4.28592100070091,311.35248099963064,True,False,CPUExecutionProvider
15272,5.424917999334866,257.31566200011,4.4168869990244275,267.1578369991039,True,False,CPUExecutionProvider
391375,4.341244999523042,273.1192609990103,4.339983001045766,281.80090000023483,True,False,CPUExecutionProvider
442661,6.711793001159094,305.216038999788,4.2442129997652955,316.17257600009907,True,False,CPUExecutionProvider
69138,6.555047999427188,271.6196889996354,4.332959999373998,282.5081079990923,True,False,CPUExecutionProvider
104619,7.138433000363875,288.54199899978994,4.40106700079923,300.08182900019165,True,False,CPUExecutionProvider
432553,4.544725999949151,322.37094700030866,12.58721599879209,339.50309899955755,True,False,CPUExecutionProvider
548267,11.791131999416393,271.79224499923293,4.598737999913283,288.18345699983183,True,False,CPUExecutionProvider
315187,7.002217000263045,268.22376100062684,4.412788999616168,279.63960799934284,True,False,CPUExecutionProvider
76417,5.080662000182201,296.4339870013646,4.348538999693119,305.8641700008593,True,False,CPUExecutionProvider
196843,5.096552000395604,249.79465400065237,4.371330998765188,259.26302799962286,True,False,CPUExecutionProvider
138550,4.757806000270648,328.50185399911425,4.478662000110489,337.738932999855,True,False,CPUExecutionProvider
244019,7.041019998723641,271.88031200057594,4.408610999234952,283.3304939995287,True,False,CPUExecutionProvider
439623,4.810906000784598,329.708457000379,4.524268999375636,339.04406300098344,True,False,CPUExecutionProvider
343315,7.680750999497832,276.91343699916615,4.406317000757554,289.00086499925237,True,False,CPUExecutionProvider
46804,8.47717499891587,298.32028999953764,4.281633000573493,311.0795880002115,True,False,CPUExecutionProvider
340451,7.068332000926603,312.04678299945954,4.361131999758072,323.4769379996578,True,False,CPUExecutionProvider
480842,4.801688999577891,332.77519500006747,4.2983940002159216,341.87555800053815,True,False,CPUExecutionProvider
436883,4.624576999049168,311.04368300111673,4.434018999745604,320.10252899999614,True,False,CPUExecutionProvider
546556,6.421367999791983,262.531795000541,5.034867001086241,273.9888320011232,True,False,CPUExecutionProvider
459500,4.182897999271518,294.44286699981603,4.400877000080072,303.02729299910425,True,False,CPUExecutionProvider
98497,7.691771001191228,256.603535000977,4.366291999758687,268.66198900097515,True,False,CPUExecutionProvider
338718,5.700826000975212,295.4451589994278,4.371651999463211,305.51808800009894,True,False,CPUExecutionProvider
228771,7.39193899971724,260.6332459999976,3.9971989990590373,272.0231250004872,True,False,CPUExecutionProvider
50165,4.480606001379783,253.72197999968193,4.3655210010911105,262.56831800128566,True,False,CPUExecutionProvider
158956,5.88591300038388,264.98563300083333,4.270432998964679,275.14279000024544,True,False,CPUExecutionProvider
311883,5.944303000433138,321.4666620006028,4.423459000463481,331.83483500033617,True,False,CPUExecutionProvider
270386,6.761586000720854,446.8832599995949,10.239200999421882,463.8848680006049,True,False,CPUExecutionProvider
240767,10.347403998821392,272.1362299998873,4.131481999138487,286.6158679989894,True,False,CPUExecutionProvider
100723,7.061428999804775,246.29714199909358,5.001392999474774,258.3605349991558,True,False,CPUExecutionProvider
431896,7.987867000338156,315.43705299918656,4.262296999513637,327.687867998975,True,False,CPUExecutionProvider
129062,4.766392999954405,292.57962799965753,4.32233999890741,301.668570999027,True,False,CPUExecutionProvider
442456,6.764722000298207,256.24443699962285,4.469666000659345,267.479476000517,True,False,CPUExecutionProvider
79229,6.556111000463716,288.54189300000144,4.357244999482646,299.4555789991864,True,False,CPUExecutionProvider
188439,4.792411000380525,290.655210001205,4.345983999883174,299.79393600115145,True,False,CPUExecutionProvider
151480,7.255533000716241,330.4376090000005,4.978531000233488,342.67207400080224,True,False,CPUExecutionProvider
46872,4.470808000405668,280.6978979988344,4.553143000521231,289.7225399992749,True,False,CPUExecutionProvider
219485,4.919801000141888,344.08062900001823,4.385967999041895,353.38689899981546,True,False,CPUExecutionProvider
532575,7.223362999866367,433.8472810013627,9.527785998216132,450.59919099912804,True,False,CPUExecutionProvider
489014,11.424944999816944,362.79510199892684,4.398372000650852,378.6190009996062,True,False,CPUExecutionProvider
289229,6.627163000302971,293.13755099974514,4.628975000741775,304.3941600008111,True,False,CPUExecutionProvider
281929,7.748236999759683,256.29098799981875,4.355852999651688,268.39550899967435,True,False,CPUExecutionProvider
257896,7.3789250000118045,320.734488999733,4.412860000229557,332.5267239997629,True,False,CPUExecutionProvider
203580,7.399904001431423,326.830998999867,4.50092499886523,338.7328799999523,True,False,CPUExecutionProvider
493284,7.587095000417321,339.8228240002936,4.5328950000111945,351.9437659997493,True,False,CPUExecutionProvider
28449,6.963033998545143,326.2470539993956,4.5653060005861335,337.775984999098,True,False,CPUExecutionProvider
179174,6.113880999691901,394.9713679994602,11.952525999731733,413.0383459996665,True,False,CPUExecutionProvider
393115,7.719302999248612,271.2952830006543,4.413149999891175,283.4282469993923,True,False,CPUExecutionProvider
370813,7.7059079994796775,363.82618300012837,10.389163000581902,381.92210600027465,True,False,CPUExecutionProvider
442746,10.817115999088855,446.2972000001173,7.367412999883527,464.4821799993224,True,False,CPUExecutionProvider
236592,6.638685999860172,259.8414549993322,4.437917001268943,270.9184280010959,True,False,CPUExecutionProvider
116589,6.409215000530821,249.24241000007896,4.466189000595477,260.1185950006766,True,False,CPUExecutionProvider
369541,6.881360999614117,287.83722299885994,4.559004000839195,299.27841999960947,True,False,CPUExecutionProvider
122969,3.794779999225284,259.3981449990679,4.295439000998158,267.4886940003489,True,False,CPUExecutionProvider
381971,7.5934269989375025,298.0427310012601,4.49249899975257,310.1291279999714,True,False,CPUExecutionProvider
236730,4.38510700041661,374.25525700018625,4.260473999238457,382.9015800001798,True,False,CPUExecutionProvider
396863,5.129274000864825,272.4214709996886,4.463685001610429,282.0148610007891,True,False,CPUExecutionProvider
576052,4.351195000708685,256.7101130007359,4.4292799993854715,265.4909379998571,True,False,CPUExecutionProvider
344888,4.998087999410927,386.6120129987394,4.679090001445729,396.28953200008254,True,False,CPUExecutionProvider
51712,7.04973699976108,309.2879739997443,4.718504000265966,321.05731699994067,True,False,CPUExecutionProvider
480275,7.438867000018945,259.78182699873287,4.479966000872082,271.70139200097765,True,False,CPUExecutionProvider
282037,8.079518998783897,326.4512089990603,5.64739600122266,340.17869499984954,True,False,CPUExecutionProvider
476770,4.55091900039406,307.1810520013969,4.663039999286411,316.39561200063326,True,False,CPUExecutionProvider
220764,5.08975999946415,284.1702180012362,4.44230499851983,293.70274399843765,True,False,CPUExecutionProvider
493799,7.491626000046381,343.8084070003242,5.514736998520675,356.8154409986164,True,False,CPUExecutionProvider
312720,6.665906999842264,278.1961710006726,4.444969999894965,289.30762900017726,True,False,CPUExecutionProvider
568981,7.451140001649037,300.1305260004301,4.44572099877405,312.0280980001553,True,False,CPUExecutionProvider
461009,8.31904900041991,316.2103369995748,4.619688001184841,329.14994500060857,True,False,CPUExecutionProvider
143998,7.282694001332857,271.4634610001667,4.440721999344532,283.187517999977,True,False,CPUExecutionProvider
546626,4.176627000560984,321.1757139997644,4.498971999055357,329.8519540003326,True,False,CPUExecutionProvider
563648,7.768335999571718,292.81629499928385,4.758999000841868,305.3442510008608,True,False,CPUExecutionProvider
532855,4.500193999774638,310.346476999257,4.438578000190319,319.28560999949696,True,False,CPUExecutionProvider
38210,7.359729001109372,349.87577500032785,4.347266998593113,361.5835729997343,True,False,CPUExecutionProvider
563349,6.514263001008658,292.3763710005005,4.3778039998869644,303.26949000118475,True,False,CPUExecutionProvider
311950,7.386489000055008,272.24901800036605,4.679870000472874,284.31597800044983,True,False,CPUExecutionProvider
10583,7.598937998409383,343.61175400044885,4.7315880001406185,355.94290100016224,True,False,CPUExecutionProvider
250901,5.9967219985992415,302.6390180002636,4.433288000655011,313.0700799993065,True,False,CPUExecutionProvider
74457,6.817651999881491,288.0526409990125,4.458125000383006,299.32880900014425,True,False,CPUExecutionProvider
190007,5.172625998966396,274.12909700069577,4.52923800003191,283.8313909996941,True,False,CPUExecutionProvider
177357,4.46339399968565,297.7277749996574,4.415765000885585,306.60722500033444,True,False,CPUExecutionProvider
185292,6.816168999648653,305.0221129997226,4.323121000197716,316.1621039998863,True,False,CPUExecutionProvider
493864,7.784035000440781,267.2168890003377,4.542803999356693,279.54425899952184,True,False,CPUExecutionProvider
102820,7.88349200047378,317.5046239994117,4.4703080002364,329.85905500027,True,False,CPUExecutionProvider
51976,7.353557000897126,254.82483899941144,4.476138001336949,266.6549750010745,True,False,CPUExecutionProvider
381360,6.955220000236295,268.4350159997848,4.507867999564041,279.89891600009287,True,False,CPUExecutionProvider
304812,7.580002000395325,295.274475000042,4.46639999972831,307.3215690001234,True,False,CPUExecutionProvider
333237,4.420053999638185,339.39544999884674,4.469356001209235,348.28514000037103,True,False,CPUExecutionProvider
74733,7.373215001280187,304.25819300035073,4.948744999637711,316.58078399959777,True,False,CPUExecutionProvider
258883,7.088030000886647,305.426114000511,4.669652000302449,317.18427700070606,True,False,CPUExecutionProvider
55950,6.918340999618522,271.189074999711,4.429872000400792,282.53797000070335,True,False,CPUExecutionProvider
175251,7.086997000442352,320.44392399984645,15.59755600101198,343.12886800034903,True,False,CPUExecutionProvider
467176,8.03104899932805,264.0167900008237,4.500623999774689,276.54916400024376,True,False,CPUExecutionProvider
368212,9.3575270002475,367.0484590002161,4.69886700011557,381.10545500057924,True,False,CPUExecutionProvider
190637,6.892542998684803,276.21287500005565,4.401096999572474,287.5070459995186,True,False,CPUExecutionProvider
300341,6.24434700148413,311.9323959999747,4.5790919994033175,322.75683700027,True,False,CPUExecutionProvider
445792,6.831337999756215,308.71154299893533,4.340604000390158,319.8841559988068,True,False,CPUExecutionProvider
239318,5.709032000595471,258.2155580003018,4.240726000716677,268.165786001191,True,False,CPUExecutionProvider
47769,3.6526240000966936,263.9847230002488,4.526873999566305,272.16450100058864,True,False,CPUExecutionProvider
1503,5.757442999311024,361.63701999976183,13.783372000034433,381.1786669994035,True,False,CPUExecutionProvider
284743,6.172411000079592,364.08462500003225,12.530310999864014,382.7878780011815,True,False,CPUExecutionProvider
65798,12.457664999601548,271.11031300046307,4.453707000720897,288.02243700010877,True,False,CPUExecutionProvider
312192,4.7658120001869975,321.5469900005701,5.5783770003472455,331.89168000171776,True,False,CPUExecutionProvider
154705,6.492713000625372,360.768905000441,4.46961600027862,371.7320350006048,True,False,CPUExecutionProvider
192904,6.68525299988687,381.4725929987617,13.813629000651417,401.9722169996385,True,False,CPUExecutionProvider
132375,14.665517999674194,539.7824579995358,5.392428000050131,559.8416459997679,True,False,CPUExecutionProvider
384661,3.6189700003887992,444.2195800002082,15.945639999699779,463.78456099955656,True,False,CPUExecutionProvider
341828,14.919605000613956,349.6699819988862,4.362025001682923,368.9526440011832,True,False,CPUExecutionProvider
282296,9.922327999447589,388.85410799957754,15.652549000151339,414.430196999092,True,False,CPUExecutionProvider
322959,11.469060000308673,274.5666640003037,5.641956999170361,291.67846199925407,True,False,CPUExecutionProvider
546976,3.5314960005052853,369.07938399963314,12.657811001190566,385.26906200058875,True,False,CPUExecutionProvider
52996,11.443071998655796,269.26606000051834,4.897508999420097,285.6074519986578,True,False,CPUExecutionProvider
522007,6.748682999386801,267.6188799996453,4.582477999065304,278.950771999007,True,False,CPUExecutionProvider
423123,6.34683899988886,275.64423799958604,4.628053000487853,286.6200320004282,True,False,CPUExecutionProvider
570736,6.796662999477121,255.98893800088263,4.453296000065166,267.23932800086914,True,False,CPUExecutionProvider
45596,7.090514000083203,254.31485700028134,4.5010959984210785,265.9072489987011,True,False,CPUExecutionProvider
232649,6.245369000680512,253.83096900077362,4.43557300059183,264.51242200164415,True,False,CPUExecutionProvider
70774,4.138676000366104,306.91844200009655,4.454377998627024,315.5121269992378,True,False,CPUExecutionProvider
172330,5.424127000878798,293.8749189997907,4.633514001397998,303.93291100153874,True,False,CPUExecutionProvider
123585,5.117512000651914,317.26657999934105,6.3432420010940405,328.7277150011505,True,False,CPUExecutionProvider
455981,5.01136300044891,273.6896540009184,4.40496500050358,283.1068530012999,True,False,CPUExecutionProvider
193926,7.782353000948206,266.3179430001037,4.722420999314636,278.8233579994994,True,False,CPUExecutionProvider
192699,4.980264999176143,285.77678500005277,4.491247000260046,295.24865799976396,True,False,CPUExecutionProvider
560312,12.119851999159437,331.40845699927013,12.553325001135818,356.0821350001788,True,False,CPUExecutionProvider
44652,9.466753999731736,316.0246030001872,4.478564000237384,329.97041099952185,True,False,CPUExecutionProvider
498857,4.965306998201413,255.7743509987631,4.454087000340223,265.19432599889114,True,False,CPUExecutionProvider
575187,4.97874200118531,253.92358799945214,4.399745999762672,263.3024370006751,True,False,CPUExecutionProvider
319607,7.307051000680076,345.5558059995383,4.618316001142375,357.4815130014031,True,False,CPUExecutionProvider
302452,6.686996999633266,292.9119259988511,4.534118001174647,304.13410300025134,True,False,CPUExecutionProvider
201934,5.979740000839229,396.97664200139116,12.70663200011768,415.6636460011214,True,False,CPUExecutionProvider
58393,10.15362200087111,339.66455399968254,5.29091799944581,355.1097050003591,True,False,CPUExecutionProvider
353180,6.829995998486993,392.6489040004526,4.495515000598971,403.9747759998136,True,False,CPUExecutionProvider
423519,7.367164000243065,266.0894089985959,4.41318100092758,277.8705649998301,True,False,CPUExecutionProvider
461573,7.645726998816826,270.8074130005116,4.526093000094988,282.979603000058,True,False,CPUExecutionProvider
516804,7.2331720002694055,331.8612849998317,4.386901999168913,343.48200999920664,True,False,CPUExecutionProvider
441468,7.443046000844333,337.81976499994926,4.6552050007449,349.91840700058674,True,False,CPUExecutionProvider
277005,5.236205000983318,308.5228340005415,4.780389999723411,318.5402199997043,True,False,CPUExecutionProvider
484893,4.720807999547105,411.2799980011914,12.666147000345518,428.66735400093603,True,False,CPUExecutionProvider
32811,10.879334000492236,282.7282730013394,4.52631299958739,298.1345110001712,True,False,CPUExecutionProvider
130386,4.694609000580385,273.5556719999295,4.8406229998363415,283.0918460003886,True,False,CPUExecutionProvider
417876,6.04148599995824,341.30444699985674,12.801520999346394,360.1481860005151,True,False,CPUExecutionProvider
173183,12.474568000470754,301.688010998987,4.219116000967915,318.38220600002387,True,False,CPUExecutionProvider
89271,7.44470000063302,301.8271229993843,4.577769999741577,313.8501939993148,True,False,CPUExecutionProvider
56545,7.966498000314459,309.91474900110916,4.192877999230404,322.074526000506,True,False,CPUExecutionProvider
221213,5.07198699961009,309.4964039992192,4.408692999277264,318.9774149996083,True,False,CPUExecutionProvider
534639,4.560758001389331,385.2092739998625,4.388544999528676,394.15890800046327,True,False,CPUExecutionProvider
560371,7.858646000386216,294.07907700078795,4.255173998899409,306.193397998868,True,False,CPUExecutionProvider
42178,6.2654770008521155,315.55973399918,4.319544999816571,326.1455270003353,True,False,CPUExecutionProvider
106281,6.937747999472776,332.9275750002125,4.397642000185442,344.2637560001458,True,False,CPUExecutionProvider
570664,6.769282999812276,342.9117790001328,4.46988800104009,354.1519620011968,True,False,CPUExecutionProvider
412887,5.91407800129673,315.84131399904436,4.544948000329896,326.3009610000154,True,False,CPUExecutionProvider
131938,7.360160998359788,352.07322200039926,4.436474999238271,363.87028899844154,True,False,CPUExecutionProvider
540928,7.178670999564929,274.54823199877865,4.458116000023438,286.1853689992131,True,False,CPUExecutionProvider
563702,8.35325499974715,265.8101450015238,4.530720998445759,278.6951229991246,True,False,CPUExecutionProvider
445722,3.6366839995025657,352.3688780005614,4.583751999234664,360.58956399938324,True,False,CPUExecutionProvider
115885,6.184854999446543,275.24419900146313,4.440131999217556,285.8696069997677,True,False,CPUExecutionProvider
496597,6.629110001085792,386.67536299908534,4.367294999610749,397.6723689993378,True,False,CPUExecutionProvider
237864,11.234891999265528,315.6157150006038,4.417338999701315,331.2685069995496,True,False,CPUExecutionProvider
389316,7.524860000557965,283.12598999946204,4.429712000273867,295.0809730009496,True,False,CPUExecutionProvider
21604,6.871554000099422,530.4279800002405,4.623725999408634,541.9237509995583,True,False,CPUExecutionProvider
267940,4.320287000155076,248.969008000131,4.3940249997831415,257.68366100055573,True,False,CPUExecutionProvider
255536,6.595466000362649,355.9967399996822,4.602938000971335,367.19563500082586,True,False,CPUExecutionProvider
455157,5.876967999938643,304.69624800025485,4.573803000312182,315.1474690002942,True,False,CPUExecutionProvider
486112,4.547944001387805,297.30797599950165,4.432757001268328,306.28902800162905,True,False,CPUExecutionProvider
259625,5.113825998705579,275.78461799930665,4.558643999189371,285.4574889988726,True,False,CPUExecutionProvider
103723,4.54707300013979,299.354355000105,4.457525001271279,308.359474000099,True,False,CPUExecutionProvider
530162,8.095040000625886,253.19698400016932,4.73300100020424,266.0255259997939,True,False,CPUExecutionProvider
273232,6.222106001587235,283.96359799990023,12.551451998660923,302.7379169998312,True,False,CPUExecutionProvider
292330,17.608170999665163,274.3786309983989,4.400187001010636,296.3872899999842,True,False,CPUExecutionProvider
266981,7.0700159994885325,350.56841900041036,5.649140000969055,363.28835700078344,True,False,CPUExecutionProvider
184611,7.811518000380602,306.5388199993322,4.793394999069278,319.1447449989937,True,False,CPUExecutionProvider
513484,4.675353000493487,299.1818959999364,4.311520000555902,308.1692190007743,True,False,CPUExecutionProvider
17029,6.099094998717192,284.0267779993155,4.477582000617986,294.6040560000256,True,False,CPUExecutionProvider
163118,6.44639700112748,326.83202199950756,4.359751001175027,337.63866100161977,True,False,CPUExecutionProvider
547502,5.559452001762111,277.8756459993019,4.6443650007859105,288.0798140013212,True,False,CPUExecutionProvider
90003,5.303201000060653,317.0834090014978,4.536462998657953,326.9233129994973,True,False,CPUExecutionProvider
6954,5.1657140011229785,273.4405159990274,4.563764001431991,283.1703540014132,True,False,CPUExecutionProvider
128654,10.62058900060947,294.54531900046277,4.52821699946071,309.6950969993486,True,False,CPUExecutionProvider
459195,4.297143001167569,287.92519600028754,4.582999999911408,296.80594999990717,True,False,CPUExecutionProvider
481582,6.93458200112218,298.27597999974387,15.60996099942713,320.82130500020867,True,False,CPUExecutionProvider
227898,15.325407999625895,388.551391000874,4.5274259991856525,408.40533699883963,True,False,CPUExecutionProvider
188465,8.54940300087037,300.2393149999989,4.635216999304248,313.424717000089,True,False,CPUExecutionProvider
411530,7.97530599993479,271.5938830006053,4.800898999747005,284.37083900098514,True,False,CPUExecutionProvider
191761,6.44841999928758,317.35366200155113,4.417047999595525,328.22040199971525,True,False,CPUExecutionProvider
542127,5.91126300059841,256.1745000002702,4.896747999737272,266.9834019998234,True,False,CPUExecutionProvider
386277,6.79402900095738,290.94070899918734,4.318803999922238,302.054372999919,True,False,CPUExecutionProvider
148707,7.679931999518885,266.268642999421,4.310117999921204,278.25906299949565,True,False,CPUExecutionProvider
130579,6.684392999886768,326.9982709989563,4.425946000992553,338.1090809998568,True,False,CPUExecutionProvider
451043,7.507176998842624,324.3416260011145,5.986924999888288,337.8366699998878,True,False,CPUExecutionProvider
434459,8.503185999870766,286.0726369999611,5.2348630015330855,299.81137700087857,True,False,CPUExecutionProvider
552842,7.1449980005127145,252.30518199896323,4.62218299981032,264.07320399994205,True,False,CPUExecutionProvider
447522,7.716268999502063,296.3504129984358,4.500134000409162,308.5674169997219,True,False,CPUExecutionProvider
190841,5.011803999877884,378.01673100148037,15.633786999387667,398.66291399994225,True,False,CPUExecutionProvider
38678,9.033060998262954,265.2966710011242,4.564214999845717,278.8948889992753,True,False,CPUExecutionProvider
34257,6.154970000352478,311.4904049998586,4.468965998967178,322.11479199941095,True,False,CPUExecutionProvider
161799,7.5765369983855635,258.7543059999007,4.467814000236103,270.7994079992204,True,False,CPUExecutionProvider
350148,7.891359000495868,255.75637000110873,5.772131999037811,269.4204620001983,True,False,CPUExecutionProvider
87476,4.747588000100222,310.5186330012657,4.9414929999329615,320.2082050011086,True,False,CPUExecutionProvider
490515,7.8782740001770435,316.40426800004207,4.485286999624805,328.7687399988499,True,False,CPUExecutionProvider
445602,7.567581000330392,284.7213349996309,4.4411340004444355,296.7308410006808,True,False,CPUExecutionProvider
37689,5.188074999750825,290.791536001052,4.6880270001565805,300.66804899979616,True,False,CPUExecutionProvider
400044,5.556647000048542,254.15808200159518,4.3581279987847665,264.0736190005555,True,False,CPUExecutionProvider
210230,7.165386001361185,323.8801389998116,5.498878999787848,336.54510599990317,True,False,CPUExecutionProvider
468505,7.168862999606063,253.48670499988657,4.699949000496417,265.3561480001372,True,False,CPUExecutionProvider
551822,8.325352999236202,288.62546300115355,4.602646999046556,301.5539739990345,True,False,CPUExecutionProvider
80273,7.034410999040119,308.24545199902786,4.384507999930065,319.66488099897106,True,False,CPUExecutionProvider
193429,6.688540999675752,296.1268109993398,4.489365001063561,307.3052079998888,True,False,CPUExecutionProvider
530146,5.699744999219547,304.1037300008611,4.6416999994107755,314.44551599997794,True,False,CPUExecutionProvider
69224,3.4502650014474057,257.83189999856404,4.835023000850924,266.1179490005452,True,False,CPUExecutionProvider
120853,6.494016000942793,254.27881399991747,4.834863000723999,265.60824400075944,True,False,CPUExecutionProvider
256518,3.9107789998524822,334.8899430002348,4.729714999484713,343.5311379998893,True,False,CPUExecutionProvider
517056,7.706380998570239,377.8524640001706,4.817750999791315,390.37755799836305,True,False,CPUExecutionProvider
187362,6.648345999565208,272.5012400005653,4.4296219984971685,283.5799799995584,True,False,CPUExecutionProvider
21879,8.746513000005507,375.18535100025474,4.5711980001215125,388.50395400004345,True,False,CPUExecutionProvider
252701,8.159942999554914,301.1586169996008,4.799066000487073,314.1187680012081,True,False,CPUExecutionProvider
398203,7.935401001304854,269.33194499906676,4.837067001062678,282.1051940009056,True,False,CPUExecutionProvider
518326,6.794200000513229,277.0943509985955,4.61965900103678,288.50930200133007,True,False,CPUExecutionProvider
463802,10.92542200058233,281.8621879996499,4.389145999084576,297.17756699938036,True,False,CPUExecutionProvider
96427,11.205308001080994,316.6137520001939,5.246083999736584,333.06626600096934,True,False,CPUExecutionProvider
189775,6.891523000376765,335.02173600027163,4.767366999658407,346.68101600072987,True,False,CPUExecutionProvider
376900,8.20257300074445,323.71169199905125,4.868235000685672,336.783111000841,True,False,CPUExecutionProvider
301421,7.081147999997484,301.26351800026896,4.63940699955856,312.98470399997314,True,False,CPUExecutionProvider
494913,6.602059000215377,280.89830199860444,4.787865000253078,292.28924800008826,True,False,CPUExecutionProvider
509824,5.401045000326121,325.89252599973406,12.949039999512024,344.24300200043945,True,False,CPUExecutionProvider
186282,10.891829000684083,250.30743800016353,4.459878999114153,265.65956699960225,True,False,CPUExecutionProvider
68765,6.440255001507467,268.6487669998314,4.51636499929009,279.6058780004387,True,False,CPUExecutionProvider
359540,7.4996240000473335,338.84874200157356,4.502308998780791,350.85142599928076,True,False,CPUExecutionProvider
427997,6.055363000996294,290.5468699991616,4.490257000725251,301.0930710006505,True,False,CPUExecutionProvider
340894,6.854934001239599,412.73161999924923,4.521725000813603,424.10866000136593,True,False,CPUExecutionProvider
425925,7.640978999916115,314.5117529984418,4.721591001725756,326.8752650001261,True,False,CPUExecutionProvider
174371,8.227859998442,279.3114380001498,4.5125379983801395,292.05241699855833,True,False,CPUExecutionProvider
28285,7.364749999396736,335.81373000015446,4.398774999572197,347.5778159991023,True,False,CPUExecutionProvider
168883,7.301602001462015,296.58873100015626,4.523729001448373,308.4147830013535,True,False,CPUExecutionProvider
207538,6.153127000288805,255.58783100132132,4.355211998699815,266.09699099935824,True,False,CPUExecutionProvider
376856,4.851073999816435,284.7608459996991,4.376143000627053,293.9885539999523,True,False,CPUExecutionProvider
51326,4.298727000787039,305.9165370013943,4.461913998966338,314.6774580000056,True,False,CPUExecutionProvider
391648,7.751185999950394,290.033121000306,4.520652999417507,302.3056909987645,True,False,CPUExecutionProvider
377670,7.707693999691401,387.5701890010532,4.722511999716517,400.0011660009477,True,False,CPUExecutionProvider
349480,6.396463999408297,322.03310300064913,5.788573000245378,334.21901099973184,True,False,CPUExecutionProvider
328030,7.304176999241463,334.6259249992727,4.40965500092716,346.3405380007316,True,False,CPUExecutionProvider
372718,7.374679000349715,290.95801999937976,4.631872001482407,302.9653020003025,True,False,CPUExecutionProvider
368982,7.132794999051839,264.6468439997989,4.480989000512636,276.26135900027293,True,False,CPUExecutionProvider
356424,4.3433310002001235,337.9776159999892,4.697284999565454,347.0185730002413,True,False,CPUExecutionProvider
496571,7.718193999608047,350.3448760002357,5.913626999245025,363.97705799936375,True,False,CPUExecutionProvider
30828,4.691894999268698,375.875466999787,4.600051999659627,385.16830499975185,True,False,CPUExecutionProvider
512476,11.985993000052986,387.0021780003299,4.586415998346638,403.57551899978716,True,False,CPUExecutionProvider
232348,7.236981000460219,348.7833879989921,12.624050001249998,368.64509000042744,True,False,CPUExecutionProvider
365766,12.166170999989845,286.4215690005949,4.567019999740296,303.15523100034625,True,False,CPUExecutionProvider
445658,7.381522000287077,362.1445520002453,4.712414000096032,374.23928000134765,True,False,CPUExecutionProvider
552883,3.8928450012463145,393.25021600052423,7.438789998559514,404.5824730001186,True,False,CPUExecutionProvider
492077,4.80245200014906,288.022695998734,4.71602000106941,297.5413980002486,True,False,CPUExecutionProvider
383606,6.569178000063403,250.6656519999524,4.4133219998911954,261.6488029998436,True,False,CPUExecutionProvider
561256,8.245963999797823,255.18560499949672,4.5344989994191565,267.96692999960214,True,False,CPUExecutionProvider
357737,7.292886000868748,357.628179999665,12.666540000282112,377.58822700016026,True,False,CPUExecutionProvider
354072,10.864077999940491,279.28341799997725,4.582859999572975,294.7307459999138,True,False,CPUExecutionProvider
289992,5.634663999444456,274.1986860000907,4.41929299995536,284.2536649986869,True,False,CPUExecutionProvider
209747,6.3730599995324155,255.98583799910557,4.486589001317043,266.84587800082227,True,False,CPUExecutionProvider
365642,6.266620001042611,279.9031520007702,4.4804680001107045,290.6507710013102,True,False,CPUExecutionProvider
104803,6.092572999477852,263.3188499985408,4.561741001452901,273.97389500038116,True,False,CPUExecutionProvider
410878,4.4437489996198565,301.0067169998365,4.4741759993485175,309.92528299975675,True,False,CPUExecutionProvider
27982,6.221204999746988,303.2264020002913,4.527275999862468,313.9754340008949,True,False,CPUExecutionProvider
149222,5.70347299981222,269.4136489990342,4.806339000424487,279.9239520008996,True,False,CPUExecutionProvider
48924,4.848598999160458,277.06678199865564,4.517597000813112,286.43332899991947,True,False,CPUExecutionProvider
341058,7.233694999740692,252.22857899825613,4.667519000577158,264.13070499984315,True,False,CPUExecutionProvider
140420,5.136859999765875,287.37012700003106,4.336839001553017,296.84448700027133,True,False,CPUExecutionProvider
466339,6.026569999448839,407.1000779986207,5.903769000724424,419.03117800029577,True,False,CPUExecutionProvider
459634,5.067349000455579,344.11217299930286,4.993591001039022,354.17360400060716,True,False,CPUExecutionProvider
488385,8.8085699990188,271.8741680000676,4.510655000558472,285.19410499939113,True,False,CPUExecutionProvider
566042,3.6918380010320107,273.4196000001248,4.546130998278386,281.6579299997102,True,False,CPUExecutionProvider
520009,6.840657999418909,313.730879999639,4.676656999436091,325.2485649991286,True,False,CPUExecutionProvider
362682,4.755283998747473,352.218787998936,4.565007000564947,361.5393389991368,True,False,CPUExecutionProvider
357501,5.10820599993167,355.6399600001896,16.046413998992648,376.7949409993889,True,False,CPUExecutionProvider
98261,6.933601000127965,272.79568100129836,4.349341999841272,284.0790050013311,True,False,CPUExecutionProvider
396518,6.1229099992488045,354.7136720007984,4.341586998634739,365.1786699992954,True,False,CPUExecutionProvider
65288,5.126331001520157,258.7421290008933,5.719904000216047,269.5887140016566,True,False,CPUExecutionProvider
207728,12.036968999382225,339.0233989994158,4.523719000644633,355.58478799976,True,False,CPUExecutionProvider
410712,5.692182001439505,320.3128250006557,4.430975999639486,330.43679500042344,True,False,CPUExecutionProvider
298697,7.77522200041858,273.8237939993269,4.386942000564886,285.9868790001201,True,False,CPUExecutionProvider
106881,7.7327710005192785,301.8625830009114,4.411908999827574,314.00786400081415,True,False,CPUExecutionProvider
290293,6.494957999166218,263.7635240007512,4.486829999223119,274.74576299937326,True,False,CPUExecutionProvider
474164,8.484081999995396,251.56123399938224,4.29531100053282,264.3415490001644,True,False,CPUExecutionProvider
356612,6.825970000136294,278.93867300008424,4.718385000160197,290.48409999995783,True,False,CPUExecutionProvider
435206,6.403556999430293,271.73486500032595,4.544178000287502,282.6830810008687,True,False,CPUExecutionProvider
106389,7.598669999424601,352.54936599994835,12.653416000830475,372.80248400020355,True,False,CPUExecutionProvider
300913,10.758209999039536,294.09233299884363,4.606174001310137,309.4573380003567,True,False,CPUExecutionProvider
416837,8.606671000961796,327.3266730011528,4.4486289989436045,340.38274500016996,True,False,CPUExecutionProvider
49810,7.215911999082891,302.85776300115685,4.374148998977034,314.4483449996187,True,False,CPUExecutionProvider
63552,7.829823998690699,284.5967049997853,4.473195000173291,296.9003549987974,True,False,CPUExecutionProvider
565962,3.2581249997747364,304.11258899948734,9.527219999654335,316.8985149986838,True,False,CPUExecutionProvider
112798,6.279735000134679,331.4153479986999,4.719507000118028,342.4154419990373,True,False,CPUExecutionProvider
217219,7.164505999753601,299.56054800095444,4.572522000671597,311.29824700110476,True,False,CPUExecutionProvider
61960,6.810259999838308,374.20569300047646,4.344352999396506,385.36092799949984,True,False,CPUExecutionProvider
565989,5.1585509991127765,320.32404399978986,4.440583999894443,329.9245719990722,True,False,CPUExecutionProvider
410612,6.255801001316286,285.5940890003694,4.351165998741635,296.20183699989866,True,False,CPUExecutionProvider
382030,6.448602000091341,315.26336899878515,4.481500000110827,326.19419299953734,True,False,CPUExecutionProvider
477689,11.503820000143605,283.38520400029665,4.552222999336664,299.44187799992505,True,False,CPUExecutionProvider
258541,5.898911000258522,285.37374699953943,4.566269000861212,295.83998899943253,True,False,CPUExecutionProvider
268375,7.6094609994470375,299.66884499845037,4.481550000491552,311.7607069998485,True,False,CPUExecutionProvider
423506,7.363278999036993,302.5268879991927,4.468004999580444,314.3589939991216,True,False,CPUExecutionProvider
510329,8.237369000198669,311.74788499993156,4.622114000085276,324.60810900010983,True,False,CPUExecutionProvider
139872,5.190502000914421,294.3623680002929,4.463155999474111,304.01637599970854,True,False,CPUExecutionProvider
308328,8.06012600151007,333.59687899974233,4.817211000045063,346.47474700068415,True,False,CPUExecutionProvider
339823,5.03370699880179,309.12198800069746,4.492301000937005,318.6483760000556,True,False,CPUExecutionProvider
55150,7.629839001310756,429.2288130000088,13.091519000226981,449.951073000193,True,False,CPUExecutionProvider
89880,9.950474001016119,371.5362319999258,4.442897999979323,385.9300140011328,True,False,CPUExecutionProvider
82807,8.611351000581635,284.9826980000216,4.523530000369647,298.1185299995559,True,False,CPUExecutionProvider
323799,7.916918000773876,294.3335469990416,4.679252000642009,306.9303480006056,True,False,CPUExecutionProvider
104603,11.851171000671457,322.2453990001668,4.57546699908562,338.6729190006008,True,False,CPUExecutionProvider
312586,5.299405000187107,299.2451250011072,4.5316949999687495,309.0766060013266,True,False,CPUExecutionProvider
352582,4.307904999222956,271.73724199928984,4.408283000884694,280.45385999939754,True,False,CPUExecutionProvider
250758,7.257098999616574,267.15006299855304,4.488003000005847,278.89565599980415,True,False,CPUExecutionProvider
166747,6.9635580002795905,276.8891710002208,4.646190000130446,288.49943000022904,True,False,CPUExecutionProvider
12748,5.850950999956694,294.5608159989206,4.461652999452781,304.87398100012797,True,False,CPUExecutionProvider
79014,5.532973998924717,284.61038200111943,4.454890999113559,294.5991389988194,True,False,CPUExecutionProvider
279769,7.082562000505277,311.64836499920057,4.492230000323616,323.2239090011717,True,False,CPUExecutionProvider
60886,6.106329999965965,278.6571409997123,4.72041899956821,289.4844109996484,True,False,CPUExecutionProvider
8844,6.378921998475562,271.420359998956,4.5561910010292195,282.35623399996257,True,False,CPUExecutionProvider
108495,6.143299000541447,290.68849999930535,4.41094800044084,301.2435290002031,True,False,CPUExecutionProvider
438955,6.545734999235719,348.11764000005496,4.911738000373589,359.5757940001931,True,False,CPUExecutionProvider
421060,7.169876000261866,304.17334900084825,4.376733999379212,315.72027999936836,True,False,CPUExecutionProvider
7977,7.395519000056083,272.697487998812,4.504775000896188,284.5985429994471,True,False,CPUExecutionProvider
489924,7.702544999119709,375.70000699997763,9.454372999243787,392.8579469993565,True,False,CPUExecutionProvider
231822,13.800761000311468,264.12356800028647,4.771174999405048,282.69616500074335,True,False,CPUExecutionProvider
15597,5.265019999569631,271.8975080006203,4.4521359995997045,281.6155759992398,True,False,CPUExecutionProvider
528314,6.576102001417894,303.75918400022783,4.575016000671894,314.91071300115436,True,False,CPUExecutionProvider
401250,6.449694999901112,281.8785809995461,4.447446999620297,292.7761739993002,True,False,CPUExecutionProvider
72281,6.714450999425026,290.87164900010976,4.528998999376199,302.1159309992072,True,False,CPUExecutionProvider
111207,4.687886999818147,439.39181300083874,12.674756999331294,456.75478799967095,True,False,CPUExecutionProvider
129812,8.890936000170768,269.1845790013758,4.450992999409209,282.5272700010828,True,False,CPUExecutionProvider
336209,9.207340001012199,286.4776440001151,4.425896999237011,300.11164200004714,True,False,CPUExecutionProvider
558213,7.263591998707852,279.3486150003446,4.505044998950325,291.11767199901806,True,False,CPUExecutionProvider
492968,3.5935139985667774,407.0882010000787,12.59933600158547,423.2813910002733,True,False,CPUExecutionProvider
23359,9.64801699956297,319.2420449995552,4.447658000572119,333.33818100072676,True,False,CPUExecutionProvider
63047,11.802209999586921,327.7030059998651,4.59103600041999,344.09712300112005,True,False,CPUExecutionProvider
377814,7.56432600064727,342.23990899954515,4.593571000441443,354.39831700023205,True,False,CPUExecutionProvider
426376,7.498973000110709,386.58706699970935,4.875570999502088,398.96203199896263,True,False,CPUExecutionProvider
364884,6.407625000065309,280.00317700025334,4.691223999543581,291.10285800015845,True,False,CPUExecutionProvider
132544,8.526532001269516,401.74605900028837,12.881626000307733,423.1549880005332,True,False,CPUExecutionProvider
327592,9.732235001138179,270.4389570008061,4.609592000633711,284.78119500141474,True,False,CPUExecutionProvider
108503,6.846169000709779,323.363806000998,12.899618999654194,343.1101149999449,True,False,CPUExecutionProvider
243199,10.218987999905949,327.7391079991503,4.498682999837911,342.4580020000576,True,False,CPUExecutionProvider
567011,6.80020300023898,338.10338900002535,4.465300000447314,349.36951300005603,True,False,CPUExecutionProvider
483050,7.044951000352739,286.09226799926546,4.351847001089482,297.4895570005174,True,False,CPUExecutionProvider
121586,6.846880000011879,352.8691819992673,5.572317999394727,365.2890319990547,True,False,CPUExecutionProvider
292024,8.240554998337757,314.16288999935205,6.4774769998621196,328.8817439988634,True,False,CPUExecutionProvider
302030,4.240798998580431,392.2944469995855,4.745446000015363,401.28131299934466,True,False,CPUExecutionProvider
104424,6.141727000795072,303.35750199992617,4.5793749995937105,314.0792550002516,True,False,CPUExecutionProvider
563281,4.578662999847438,390.2654689991323,4.5437780008796835,399.3884909996268,True,False,CPUExecutionProvider
325483,6.4940279989968985,301.71762600002694,4.64613000076497,312.85817500065605,True,False,CPUExecutionProvider
324258,7.224028000564431,266.9919750005647,4.632112999388482,278.84896700015815,True,False,CPUExecutionProvider
277197,6.884510999952909,270.87361899975804,4.667098999561858,282.42614999908255,True,False,CPUExecutionProvider
532901,6.36054700044042,260.27473799877043,12.998686001083115,279.6345620008651,True,False,CPUExecutionProvider
46031,11.456111000370583,323.9199269992241,4.616665000867215,339.9935440011177,True,False,CPUExecutionProvider
189820,6.511240000691032,377.4262759998237,5.029910000303062,388.96792700143124,True,False,CPUExecutionProvider
195754,6.700886000544415,329.5708639998338,5.548041999645648,341.82074399905105,True,False,CPUExecutionProvider
315219,5.3980809989297995,258.0753519996506,4.375010999865481,267.849034999017,True,False,CPUExecutionProvider
559348,6.720271998347016,355.4643910010782,4.756086000270443,366.9412700000976,True,False,CPUExecutionProvider
276804,4.810679000001983,351.4826790014922,4.5462829984899145,360.8398509986728,True,False,CPUExecutionProvider
427256,8.534547001545434,317.6719740004046,4.777737000040361,330.98530000097526,True,False,CPUExecutionProvider
434479,7.010707000517868,323.2803999999305,4.4035439987055724,334.6954030002962,True,False,CPUExecutionProvider
208363,7.608369000081439,347.1797849997529,4.899384999589529,359.68793999927584,True,False,CPUExecutionProvider
87742,7.442026999342488,274.46026600046025,4.643755999495625,286.5465499999118,True,False,CPUExecutionProvider
486040,5.549404999328544,315.99433699921065,4.530191999947419,326.0746449996077,True,False,CPUExecutionProvider
206218,7.034923000901472,378.1235619990184,12.671260999923106,397.8301269999065,True,False,CPUExecutionProvider
482970,8.880587000021478,277.3278290005692,4.51895100013644,290.72775799977535,True,False,CPUExecutionProvider
326970,4.677699000239954,328.9843980001024,4.443779998837272,338.10641799937,True,False,CPUExecutionProvider
478420,7.904785999926389,356.7134619988792,4.514463000305113,369.1336219999357,True,False,CPUExecutionProvider
411754,5.885865999516682,270.4463250011031,4.508240999712143,280.8408330001839,True,False,CPUExecutionProvider
369503,6.194064999363036,307.3275039987493,4.496549001487438,318.0187489997479,True,False,CPUExecutionProvider
802,6.089538999731303,307.29230900033144,4.488324000703869,317.8709929998149,True,False,CPUExecutionProvider
456662,7.303226000658469,354.2053869987285,15.673566000259598,377.18268000026,True,False,CPUExecutionProvider
525286,15.763556000820245,261.4931330008403,4.523309999058256,281.7808399995556,True,False,CPUExecutionProvider
330554,6.510229000923573,313.3875799994712,4.37058299939963,324.2689029993926,True,False,CPUExecutionProvider
530457,7.463697998900898,340.6035600000905,4.4767519993911264,352.5445609993767,True,False,CPUExecutionProvider
375078,4.842919001021073,298.87981200045033,6.280396999500226,310.0034190010774,True,False,CPUExecutionProvider
500716,7.3765449997154064,308.211356999891,4.342559999713558,319.9310929994681,True,False,CPUExecutionProvider
411938,5.090974998893216,254.11523900038446,4.69492099909985,263.90147599886404,True,False,CPUExecutionProvider
257169,6.682982999336673,291.6559559998859,4.48872500055586,302.8280439993978,True,False,CPUExecutionProvider
173091,7.807683999999426,355.9919239996816,4.335968000305002,368.13626700131863,True,False,CPUExecutionProvider
418062,4.422179999892251,358.17186599888373,4.503232001297874,367.0975390014064,True,False,CPUExecutionProvider
91615,5.576675999691361,391.68618700023217,4.681807000451954,401.94520099976216,True,False,CPUExecutionProvider
489339,10.490117998415371,423.34472599941364,4.336509000495425,438.1721739991917,True,False,CPUExecutionProvider
302760,6.269266001254437,367.8710919994046,4.586999000821379,378.72838900148054,True,False,CPUExecutionProvider
489091,6.2604800004919525,279.9982389988145,5.4139809999469435,291.67329099982453,True,False,CPUExecutionProvider
383443,7.710631000009016,267.93690400154446,4.674422998505179,280.3223489991069,True,False,CPUExecutionProvider
268831,4.967924000084167,272.0459049996862,4.435385000761016,281.44966500076407,True,False,CPUExecutionProvider
23666,6.83011900036945,361.18337200059614,5.671785000231466,373.6858270003722,True,False,CPUExecutionProvider
6213,6.439115000830498,264.5117360007134,4.308977000619052,275.260189000619,True,False,CPUExecutionProvider
560474,8.845541999107809,289.03872999944724,4.8193250004260335,302.7041780005675,True,False,CPUExecutionProvider
380706,7.015025999862701,440.69125700116274,4.558555998301017,452.26567099962267,True,False,CPUExecutionProvider
304560,4.716763000033097,323.5425689999829,4.373468000267167,332.6332110009389,True,False,CPUExecutionProvider
312340,4.288950000045588,304.2139530007262,4.48018899987801,312.98344200149586,True,False,CPUExecutionProvider
175387,6.824587999290088,315.3453949998948,4.483414999413071,326.65393899878836,True,False,CPUExecutionProvider
184762,6.935516001249198,289.8571389996505,4.436376000739983,301.2295120006456,True,False,CPUExecutionProvider
136715,7.151723000788479,399.68243399925996,16.314570000758977,423.1490580004902,True,False,CPUExecutionProvider
553094,7.259275000251364,308.7474120002298,4.4270289999985835,320.4341270011355,True,False,CPUExecutionProvider
479912,4.901648999293684,334.63742599997204,4.50138799897104,344.041174999802,True,False,CPUExecutionProvider
214205,6.556776001161779,384.3768700007786,4.562723999697482,395.49726100085536,True,False,CPUExecutionProvider
495054,5.003811998903984,317.26205500126525,4.507769999690936,326.7741780000506,True,False,CPUExecutionProvider
167540,7.031817998722545,273.99278600023536,4.503222000494134,285.52836699964246,True,False,CPUExecutionProvider
543528,7.490088000849937,331.62658699984604,4.478926000956562,343.596463000722,True,False,CPUExecutionProvider
424776,7.11931200021354,340.0171550001687,4.337690999818733,351.4749790010683,True,False,CPUExecutionProvider
162858,7.965940998474252,325.26076099929924,5.697393000446027,338.9248969997425,True,False,CPUExecutionProvider
255917,4.396771999381599,277.2863390000566,4.657711999243475,286.3412039987452,True,False,CPUExecutionProvider
232538,7.658784999875934,279.3764319994807,4.562353000437724,291.5983110015077,True,False,CPUExecutionProvider
13348,6.77981499939051,376.33032300072955,4.619060000550235,387.7298490006069,True,False,CPUExecutionProvider
545594,5.520280999917304,310.1071220007725,4.642211999453139,320.26985499942384,True,False,CPUExecutionProvider
303908,7.2058340010698885,322.16379000055895,4.557943999316194,333.92837999963376,True,False,CPUExecutionProvider
420472,7.17060799979663,271.9757340000797,4.327612999986741,283.47493699948245,True,False,CPUExecutionProvider
76416,8.316368999658152,262.9034370002046,4.727141998955631,275.9474889990088,True,False,CPUExecutionProvider
531036,5.452733999845805,327.76246899993566,4.358199999842327,337.5736539983336,True,False,CPUExecutionProvider
98392,7.350715999564272,310.9342560001096,4.559537999739405,322.84486100070353,True,False,CPUExecutionProvider
142472,7.890539000072749,331.466712999827,4.711723000582424,344.0696170000592,True,False,CPUExecutionProvider
516143,5.646789000820718,303.53809499865747,4.481441001189523,313.66666500071005,True,False,CPUExecutionProvider
42628,4.449490999832051,303.29257499943196,4.707715999757056,312.45002199830196,True,False,CPUExecutionProvider
369442,5.2561449992936105,290.7226939987595,4.915195000648964,300.89425400001346,True,False,CPUExecutionProvider
523194,7.66948499949649,264.37904900012654,4.450122998605366,276.49917799863033,True,False,CPUExecutionProvider
213593,6.436841000322602,348.30836500077567,4.518249999819091,359.2640879996907,True,False,CPUExecutionProvider
151657,7.339665999097633,285.717590000786,4.54310799977975,297.60109500057297,True,False,CPUExecutionProvider
495146,6.661873998382362,316.28518300021824,4.64270399970701,327.5906419985404,True,False,CPUExecutionProvider
134722,7.192380000560661,317.56022599984135,4.454449999684584,329.2076969992195,True,False,CPUExecutionProvider
184400,7.572092001282726,317.4876810007845,4.953787998601911,330.0140920000558,True,False,CPUExecutionProvider
478286,7.561341999462456,333.4149950005667,4.404466999403667,345.3815350003424,True,False,CPUExecutionProvider
217400,7.895769000242581,278.1130090006627,4.394347999550519,290.4037869993772,True,False,CPUExecutionProvider
252332,5.248299999948358,307.84102700090443,6.038212999555981,319.12803100021847,True,False,CPUExecutionProvider
519338,4.477332999158534,294.84483400119643,6.050986999980523,305.37375600033556,True,False,CPUExecutionProvider
352491,8.213125000111177,273.80936200097494,4.334455999924103,286.3576850013487,True,False,CPUExecutionProvider
377882,5.11500999891723,309.5508869992045,4.131915000471054,318.7983429997985,True,False,CPUExecutionProvider
64495,6.9177240002318285,324.4580560003669,5.530651000299258,336.90680200015777,True,False,CPUExecutionProvider
197528,4.716011000709841,295.91921199971694,4.341779000242241,304.97754300085944,True,False,CPUExecutionProvider
222863,4.964598001606646,363.95233499933966,4.385652000564733,373.30289500096114,True,False,CPUExecutionProvider
313454,3.9815029995224904,319.7670030003792,4.53891899996961,328.28777600116155,True,False,CPUExecutionProvider
229221,7.459980999556137,298.49214299974847,4.352989999460988,310.30588599969633,True,False,CPUExecutionProvider
20571,5.2568859991879435,435.83288099944184,12.949003999892739,454.03913199879753,True,False,CPUExecutionProvider
4134,15.923638000458595,464.8810519993276,5.007910000131233,485.8135009999387,True,False,CPUExecutionProvider
230362,6.918885999766644,335.17824099908466,4.545211000731797,346.6431400011061,True,False,CPUExecutionProvider
162543,7.389378999505425,352.8450519988837,4.565900000670808,364.80109200056177,True,False,CPUExecutionProvider
7108,7.928311000796384,326.45270499961043,4.421769001055509,338.8036070009548,True,False,CPUExecutionProvider
215072,8.830404000036651,276.3451380014885,4.57434599957196,289.7504590000608,True,False,CPUExecutionProvider
223955,7.089025999448495,274.7730179999053,4.434111999216839,286.29669699876104,True,False,CPUExecutionProvider
269316,7.149248000132502,337.1548739996797,4.549489000055473,348.85441299957165,True,False,CPUExecutionProvider
1818,7.575468000140972,329.7222450000845,12.532893000752665,349.8312669998995,True,False,CPUExecutionProvider
391290,11.669523000819026,270.14352999867697,4.602849001457798,286.4163030008058,True,False,CPUExecutionProvider
479596,6.444847000238951,410.81292600028974,5.239394000454922,422.4981290008145,True,False,CPUExecutionProvider
132931,4.43884100059222,309.1106589999981,4.408314000102109,317.95817500096746,True,False,CPUExecutionProvider
153669,4.316411999752745,290.5480190001981,4.936585999530507,299.8014980003063,True,False,CPUExecutionProvider
434548,4.636944000594667,318.83827799902065,4.364722000900656,327.8404150005372,True,False,CPUExecutionProvider
556158,7.222365999041358,269.1072969992092,4.335588000685675,280.66623300037463,True,False,CPUExecutionProvider
157138,5.746556000303826,404.89857899956405,4.662871999244089,415.3082680004445,True,False,CPUExecutionProvider
407002,5.988279001030605,380.4023020002205,4.517559000305482,390.90906199999154,True,False,CPUExecutionProvider
439290,7.916839000245091,313.36660099987057,4.3806220000988105,325.66530400072224,True,False,CPUExecutionProvider
493442,6.484019999334123,387.3652130005212,4.460581998500857,398.3104259987158,True,False,CPUExecutionProvider
559160,6.869403001473984,328.21580300151254,4.465099998924416,339.5510070004093,True,False,CPUExecutionProvider
186042,6.6510830001789145,383.07548299962946,11.21735400010948,400.9444009989238,True,False,CPUExecutionProvider
516871,7.547285998953157,295.5203059991618,6.232298001123127,309.300771999915,True,False,CPUExecutionProvider
443844,6.475513999248506,273.4660319983959,4.435355000168784,284.3775619985536,True,False,CPUExecutionProvider
359833,7.378899999821442,375.3814430001512,4.647333000320941,387.4084769995534,True,False,CPUExecutionProvider
188592,8.310839000841952,290.47260399966035,4.43091600027401,303.21492999974,True,False,CPUExecutionProvider
71877,4.205062999972142,416.53482699985034,12.620437999430578,433.3611389993166,True,False,CPUExecutionProvider
419408,16.16528200065659,281.6201989990077,4.663854000682477,302.44975500136206,True,False,CPUExecutionProvider
125472,8.087530000921106,373.04694300109986,4.512169000008726,385.6470730006549,True,False,CPUExecutionProvider
428111,7.176561000960646,269.3812679990515,4.497892001381842,281.056151001394,True,False,CPUExecutionProvider
145665,6.272582999372389,367.36543100050767,4.661308999857283,378.2998440001393,True,False,CPUExecutionProvider
551780,7.694001000345452,428.93134799851396,4.4209080006112345,441.0471890005283,True,False,CPUExecutionProvider
581206,5.159124000783777,336.17910599969036,4.466102998776478,345.80489399922953,True,False,CPUExecutionProvider
532481,5.000475999622722,341.2734890007414,4.604421999829356,350.8790180003416,True,False,CPUExecutionProvider
398742,7.16798400026164,343.10146999996505,4.380893000416108,354.65097800079093,True,False,CPUExecutionProvider
279730,6.836452001152793,346.62416399987706,9.656074000304216,363.11766100152454,True,False,CPUExecutionProvider
528399,6.953202000659076,293.57000200070615,4.819636000320315,305.34346100102994,True,False,CPUExecutionProvider
54605,7.083295000484213,297.7890620004473,4.798837000635103,309.6720860012283,True,False,CPUExecutionProvider
430286,4.586478000419447,407.9861799982609,12.570084001708892,425.1437540006009,True,False,CPUExecutionProvider
497628,14.491219999399618,286.5134889998444,4.4983129992033355,305.50406399925123,True,False,CPUExecutionProvider
248400,5.8722819994727615,271.7955030002486,4.549149000013131,282.21724499962875,True,False,CPUExecutionProvider
63965,6.587945999854128,297.6952379995055,4.348161999587319,308.63217699879897,True,False,CPUExecutionProvider
498807,7.056264999846462,266.3575890001084,4.457295999600319,277.87155999976676,True,False,CPUExecutionProvider
475191,6.625656998949125,336.2961319999158,4.504844999246416,347.42700399874593,True,False,CPUExecutionProvider
97994,6.80620499952056,313.5621910005284,4.765374998896732,325.13492299949576,True,False,CPUExecutionProvider
316404,4.2327540013502585,314.34711499969126,4.492582000239054,323.07280200075184,True,False,CPUExecutionProvider
467315,6.364576000123634,319.86710599994694,4.555109999273554,330.78712199858273,True,False,CPUExecutionProvider
261535,4.686606000177562,318.5136859992781,4.643496000426239,327.84451999941666,True,False,CPUExecutionProvider
203864,10.01818399890908,401.0146100008569,4.6934199999668635,415.7272960001137,True,False,CPUExecutionProvider
371749,6.807648000176414,329.94575500015344,4.433060999872396,341.18742600003316,True,False,CPUExecutionProvider
549674,6.79826099985803,269.9828759996308,4.557033000310184,281.3386010002432,True,False,CPUExecutionProvider
344621,6.27640999846335,288.03271600008884,4.57785300022806,298.8878910000494,True,False,CPUExecutionProvider
356432,6.806916999266832,330.10653800010914,6.2757899995631306,343.18990599967947,True,False,CPUExecutionProvider
382743,13.484340001014061,289.4557279996661,4.541705000519869,307.48270399999456,True,False,CPUExecutionProvider
357888,4.577231000439497,363.9147470003081,4.676888998801587,373.1692080000357,True,False,CPUExecutionProvider
124442,7.3389250010222895,302.81956200087734,4.397564000100829,314.5571330005623,True,False,CPUExecutionProvider
93261,6.25220499932766,284.8561049995624,4.7230660002242075,295.8319070003199,True,False,CPUExecutionProvider
57725,4.929573000481469,252.57844100087823,4.38011099868163,261.88886599993566,True,False,CPUExecutionProvider
474344,8.381421999729355,333.56673599882924,4.405499001222779,346.35482900011993,True,False,CPUExecutionProvider
264968,9.350790998723824,301.2891510006739,4.641642999558826,315.28252699899895,True,False,CPUExecutionProvider
357430,7.286165999175864,307.6219589984248,4.362629000752349,319.2712449999817,True,False,CPUExecutionProvider
369757,6.918997001776006,267.6780139991024,4.674694999266649,279.2727380001452,True,False,CPUExecutionProvider
167353,7.903344001533696,287.28213100112043,4.470562000278733,299.6565780013043,True,False,CPUExecutionProvider
88345,4.012302000774071,297.07562499970663,4.580056000122568,305.6682130008994,True,False,CPUExecutionProvider
371699,5.17111600129283,299.65160000028845,4.717544999948586,309.5409230008954,True,False,CPUExecutionProvider
6771,6.635884999923292,295.4544519998308,4.580807999445824,306.6719569997076,True,False,CPUExecutionProvider
273712,7.339896999837947,315.9712030010269,4.518891999396146,327.83074399958423,True,False,CPUExecutionProvider
545100,6.104417998358258,336.32688199941185,4.506938999838894,346.9388599987724,True,False,CPUExecutionProvider
66886,7.227426000099513,303.7939860005281,4.7081779994186945,315.73011100044823,True,False,CPUExecutionProvider
526256,4.680374999225023,293.58244000104605,4.553386999759823,302.8165329997137,True,False,CPUExecutionProvider
240250,7.252964000144857,337.0259450002777,4.872334999163286,349.15179499876103,True,False,CPUExecutionProvider
344614,4.973686000084854,311.3232710002194,4.348643000412267,320.6462910002301,True,False,CPUExecutionProvider
522638,6.2147849985194625,322.2071509990201,4.919073000564822,333.3417809990351,True,False,CPUExecutionProvider
537802,7.376575998932822,303.48704400057613,5.423089000032633,316.2878309994994,True,False,CPUExecutionProvider
435205,5.960767999567906,403.6584880013834,8.584723998865229,418.2045609995839,True,False,CPUExecutionProvider
428867,5.02194600085204,329.98712600056024,12.815595999200013,347.8253190005489,True,False,CPUExecutionProvider
146155,15.142892998483148,375.48454600073455,5.716620999010047,396.34442099850276,True,False,CPUExecutionProvider
485844,6.16127399916877,344.0009900004952,6.427043999792659,356.5900199992029,True,False,CPUExecutionProvider
508370,8.089003000350203,332.0105359998706,4.575688999466365,344.6761300001526,True,False,CPUExecutionProvider
311081,6.429238001146587,417.83529200074554,4.522508999798447,428.78766000103496,True,False,CPUExecutionProvider
577932,9.280629999921075,349.85877799954324,4.932488998747431,364.0724879987829,True,False,CPUExecutionProvider
409358,5.2401459997781785,358.5613539999031,4.976160998921841,368.77857299987227,True,False,CPUExecutionProvider
474786,3.6153860000922577,335.53613500043866,4.637644999093027,343.78952699989895,True,False,CPUExecutionProvider
187513,6.636406998950406,287.02908599916555,5.918199000007007,299.5841729989479,True,False,CPUExecutionProvider
67213,4.980428999260766,253.82843800070987,4.816079999727663,263.6255779998464,True,False,CPUExecutionProvider
342295,6.052650998753961,300.49648599924694,4.474598999877344,311.02435699904163,True,False,CPUExecutionProvider
102331,8.719196001038654,263.99144400056684,4.488104999836651,277.1996270003001,True,False,CPUExecutionProvider
37670,7.583515000078478,285.622326999146,4.492203001063899,297.6986860012403,True,False,CPUExecutionProvider
243495,7.1755789995222585,338.7016400010907,5.213215999901877,351.09146700051497,True,False,CPUExecutionProvider
190236,4.541976000837167,321.9700339996052,6.1243550007930025,332.6369260012143,True,False,CPUExecutionProvider
389812,5.0938109998242,269.87498000016785,5.312653000146383,280.28198500032886,True,False,CPUExecutionProvider
456292,13.788591999400523,322.9980850010179,4.444101999979466,341.2314699999115,True,False,CPUExecutionProvider
553776,5.46199299969885,306.01633900005254,4.269314000339364,315.74831699981587,True,False,CPUExecutionProvider
491090,7.362660000580945,369.1963929995836,4.558415999781573,381.11785000000964,True,False,CPUExecutionProvider
169076,6.951298000785755,316.9933059998584,4.688911001721863,328.6346470013086,True,False,CPUExecutionProvider
139871,6.694085999697563,301.11139499967976,4.308006000428577,312.11398699997517,True,False,CPUExecutionProvider
374052,6.26565099992149,439.0531499993813,15.974014000676107,461.2939069993445,True,False,CPUExecutionProvider
319534,14.604302999941865,331.3617969997722,4.60987299993576,350.5771760010248,True,False,CPUExecutionProvider
205282,11.391332000130205,329.0655680011696,4.683790999479243,345.1414320006734,True,False,CPUExecutionProvider
79188,7.251441000335035,294.97723299937206,4.3572680006036535,306.5870440004801,True,False,CPUExecutionProvider
577862,5.0989709998248145,339.9154039998393,4.3370010007492965,349.35173700068844,True,False,CPUExecutionProvider
460967,6.856410000182223,336.79499800018675,4.298118001315743,347.95017700162134,True,False,CPUExecutionProvider
183104,6.722709000314353,248.30655999903684,4.39847599955101,259.42813599976944,True,False,CPUExecutionProvider
181816,7.718027000009897,323.20369700028095,4.461133999939193,335.3834290010127,True,False,CPUExecutionProvider
52007,5.012128000089433,291.7208519993437,4.609071000231779,301.34230099974957,True,False,CPUExecutionProvider
300155,4.995646999304881,318.5043070006941,4.338753999036271,327.8389289989718,True,False,CPUExecutionProvider
283318,7.796334000886418,350.83497400046326,4.542527000012342,363.1747870003892,True,False,CPUExecutionProvider
335800,4.559399001664133,440.78245399941807,9.484954000072321,454.82716700098536,True,False,CPUExecutionProvider
49259,12.833218999730889,307.6590109994868,5.863095999302459,326.35584699892206,True,False,CPUExecutionProvider
278749,5.736949000493041,286.76822800116497,4.6827400001348,297.1882670008199,True,False,CPUExecutionProvider
505565,8.518609998645843,275.23554999970656,4.449762000149349,288.20497400010936,True,False,CPUExecutionProvider
419882,6.825692000347772,336.8272940006136,4.256099000485847,347.9096560004109,True,False,CPUExecutionProvider
550939,4.208520000247518,346.0691419986688,4.414897000970086,354.692808999971,True,False,CPUExecutionProvider
502229,4.792415000338224,264.42476800002623,4.4092970001656795,273.62669099966297,True,False,CPUExecutionProvider
333956,6.22708899936697,356.90545400029805,14.210474000719842,377.3437979998562,True,False,CPUExecutionProvider
401862,14.854413000648492,277.54668000125093,4.401000998768723,296.8032869994204,True,False,CPUExecutionProvider
366199,4.738535000797128,402.78328099884675,4.349034001279506,411.8713710013253,True,False,CPUExecutionProvider
155291,7.120936999854166,350.3968980003265,4.33010800043121,361.8483840000408,True,False,CPUExecutionProvider
267169,5.4685649993189145,274.02521099975274,4.321591999541852,283.8159799994173,True,False,CPUExecutionProvider
566282,4.139941000175895,248.4521879996464,4.729848998977104,257.3228099990956,True,False,CPUExecutionProvider
455872,8.43767800142814,318.96901599975536,4.393426999740768,331.80141400043794,True,False,CPUExecutionProvider
146363,6.693825000184006,367.5076679992344,4.559548999168328,378.7619739996444,True,False,CPUExecutionProvider
67534,6.242668001505081,398.6164939997252,4.586720000588684,409.4466630012903,True,False,CPUExecutionProvider
408120,7.1712110002408735,335.8539929995459,4.97235300099419,347.99829900111945,True,False,CPUExecutionProvider
250619,7.3632510011520935,307.7126890002546,4.471734000617289,319.54819500060694,True,False,CPUExecutionProvider
132796,4.9654209997243015,304.8700130002544,4.521457000009832,314.357392000602,True,False,CPUExecutionProvider
47585,6.932943999345298,262.86493499901553,4.795773000296322,274.5941129996936,True,False,CPUExecutionProvider
11699,8.16965500052902,401.59004799897957,13.07535400155757,422.83556800066435,True,False,CPUExecutionProvider
198489,8.000637999430182,307.0178069992835,5.449820000649197,320.46894599989173,True,False,CPUExecutionProvider
9448,5.6648029985808535,261.7322009991767,4.41393500113918,271.811290000187,True,False,CPUExecutionProvider
30494,4.8888569999689935,309.42147899986594,4.533549999905517,318.8442070004385,True,False,CPUExecutionProvider
367082,7.980078999025864,357.56268600016483,4.459110999960103,370.00299799910863,True,False,CPUExecutionProvider
96960,5.045351001172094,259.5751120006753,5.479276000187383,270.1000600009138,True,False,CPUExecutionProvider
309938,4.198852000627085,269.11352800016175,5.324934998498065,278.6378759992658,True,False,CPUExecutionProvider
283412,4.949471000145422,261.43205799962743,4.476984000575612,270.8591840000736,True,False,CPUExecutionProvider
320632,7.857758999307407,265.1160549994529,4.387957000290044,277.3626130001503,True,False,CPUExecutionProvider
221693,6.41028300015023,301.8469840008038,4.453560000911239,312.71117700089235,True,False,CPUExecutionProvider
82986,4.539690999081358,301.0980369999743,4.638798000087263,310.2767769996717,True,False,CPUExecutionProvider
25139,4.615843999999925,330.86350099983974,4.313527000704198,339.79347400054394,True,False,CPUExecutionProvider
252216,11.069087999203475,267.52203199976066,4.435767001268687,283.02782900027523,True,False,CPUExecutionProvider
348488,11.131956000099308,325.1340679998975,4.1990319987235125,340.4661179993127,True,False,CPUExecutionProvider
406570,7.530326000050991,360.9954240000661,16.037886000049184,384.5648680016893,True,False,CPUExecutionProvider
470952,9.14415400075086,287.13667299962253,4.6385870009544306,300.9199960015394,True,False,CPUExecutionProvider
50149,6.969071999264997,330.2362659997016,4.555031000563758,341.76090999972075,True,False,CPUExecutionProvider
506279,7.68421399880026,274.1585909989226,4.34865399984119,286.19203099879087,True,False,CPUExecutionProvider
271471,4.975298999852384,373.0194069994468,4.375664000690449,382.3711020013434,True,False,CPUExecutionProvider
172935,6.207312000697129,317.5721860006888,4.319287998441723,328.0993669995951,True,False,CPUExecutionProvider
447465,4.403426000862964,328.5827249983413,4.340387000411283,337.3267679999117,True,False,CPUExecutionProvider
397351,11.337291998643195,324.3213370005833,4.419987000801484,340.07904600002803,True,False,CPUExecutionProvider
33104,6.703803999698721,328.82211500145786,4.487854999752017,340.01411400095094,True,False,CPUExecutionProvider
161781,9.210229000018444,305.15110099986487,4.380252001283225,318.74245400103973,True,False,CPUExecutionProvider
288762,4.315160000260221,393.9599690002069,4.618189001121209,402.8943800003617,True,False,CPUExecutionProvider
313783,4.364974000054644,339.89936000034504,5.1990989995829295,349.464454999179,True,False,CPUExecutionProvider
466256,6.41028300015023,333.7139400009619,4.366045999631751,344.49080000013055,True,False,CPUExecutionProvider
24567,7.757642000797205,259.0287660004833,4.5043549998808885,271.2915240008442,True,False,CPUExecutionProvider
480936,7.3455980000289856,349.7280609990412,4.549580000457354,361.62392100050056,True,False,CPUExecutionProvider
364557,4.439192998688668,333.21092699952715,4.54482100030873,342.19517199926486,True,False,CPUExecutionProvider
257624,5.178921001061099,291.8553970011999,4.423313999723177,301.45818300115934,True,False,CPUExecutionProvider
450100,4.475091000131215,252.2965190000832,4.396383001221693,261.1687240005267,True,False,CPUExecutionProvider
10995,4.6865380008966895,331.5094140016299,4.30570299977262,340.5023160012206,True,False,CPUExecutionProvider
1993,7.257663999553188,307.7443640013371,4.479508999793325,319.48241899954155,True,False,CPUExecutionProvider
149770,4.467667000426445,448.29115200082015,13.67358799870999,466.43277799921634,True,False,CPUExecutionProvider
240023,14.025388001755346,309.7837939985766,4.512100000283681,328.32278500063694,True,False,CPUExecutionProvider
292446,4.736541000966099,337.18724499885866,4.979126000762335,346.9036940005026,True,False,CPUExecutionProvider
117744,6.641326999670127,276.0705090004194,4.420667999511352,287.13307499856455,True,False,CPUExecutionProvider
271402,4.468597999220947,475.3314350000437,12.786543000402162,492.5870669994765,True,False,CPUExecutionProvider
122962,15.843942001083633,306.395956000415,6.305636999968556,328.5468670001137,True,False,CPUExecutionProvider
289059,4.240841000864748,262.22270600010233,4.339795999840135,270.8037630000035,True,False,CPUExecutionProvider
488166,3.9576190010848222,335.1902489994245,4.580578000968671,343.7288670011185,True,False,CPUExecutionProvider
371042,5.306101000314811,332.36960400063253,4.734457999802544,342.41102400119416,True,False,CPUExecutionProvider
406129,6.9583919994329335,343.979257000683,4.422972999236663,355.3612229989085,True,False,CPUExecutionProvider
327701,7.048220999422483,345.29168200060667,4.549440000118921,356.8901750004443,True,False,CPUExecutionProvider
541664,4.054540999277378,264.37462700050673,4.5599099994433345,272.9893589985295,True,False,CPUExecutionProvider
575081,6.084521999582648,307.1295650006505,4.55453999893507,317.7691579985549,True,False,CPUExecutionProvider
458663,7.577374000902637,330.1621629998408,4.738104000352905,342.4783330010541,True,False,CPUExecutionProvider
144984,6.611431001147139,311.8438359997526,4.45115600086865,322.90723500045715,True,False,CPUExecutionProvider
540962,6.478401001004386,262.45597599881876,5.236781000348856,274.1715390002355,True,False,CPUExecutionProvider
74646,6.702732000121614,258.39432300017506,4.495107999900938,269.5929140008957,True,False,CPUExecutionProvider
7784,8.09044699963124,288.88879700025427,4.243104998749914,301.22288999882585,True,False,CPUExecutionProvider
22705,6.5731089998735115,286.6032660003839,4.558316999464296,297.7352229991084,True,False,CPUExecutionProvider
187734,8.15188200067496,307.5326150010369,4.665196998757892,320.3503559998353,True,False,CPUExecutionProvider
546717,8.977211999081192,374.73626999963017,4.5327690004342,388.24703200043587,True,False,CPUExecutionProvider
294162,6.749901000148384,371.3611339990166,4.457768000065698,382.5695649993577,True,False,CPUExecutionProvider
492110,4.257882999809226,384.25238499985426,4.673061999710626,393.18353999988176,True,False,CPUExecutionProvider
477805,5.857936999746016,371.28913999913493,4.988515000150073,382.1364639989042,True,False,CPUExecutionProvider
160556,11.481403000288992,286.85364900047716,4.71095300054003,303.04697700012184,True,False,CPUExecutionProvider
462643,3.8766479992773384,330.05065900033514,4.276137000488234,338.2036439998046,True,False,CPUExecutionProvider
554838,4.600226000547991,360.5352850008785,4.633988999557914,369.7700110005826,True,False,CPUExecutionProvider
505789,8.147624999764957,423.70462600047176,4.61195800016867,436.46501100010937,True,False,CPUExecutionProvider
243034,6.751635000910028,339.78909100005694,4.4972230007260805,351.038430000699,True,False,CPUExecutionProvider
58655,7.178294999903301,341.11200500046834,4.49239400040824,352.7837060009915,True,False,CPUExecutionProvider
265518,4.4380309991538525,291.20460000012827,4.614000999936252,300.25685200052976,True,False,CPUExecutionProvider
66706,12.764961998982471,455.21360900056607,13.127763000738923,481.1074160006683,True,False,CPUExecutionProvider
336053,11.803577999671688,296.4762459996564,4.967986000337987,313.24861199937004,True,False,CPUExecutionProvider
386134,4.564377999486169,395.5378770006064,12.097900000298978,412.200656001005,True,False,CPUExecutionProvider
173371,16.099100999781513,525.6463080004323,13.992877000418957,555.7393979997869,True,False,CPUExecutionProvider
210520,14.685448000818724,269.06741700076964,4.753223000079743,288.5070590000396,True,False,CPUExecutionProvider
458768,8.609251000962104,384.22026299849676,12.985938001293107,405.8160830009001,True,False,CPUExecutionProvider
144333,12.931004001075053,369.4059040008142,7.938090999232372,390.2756799998315,True,False,CPUExecutionProvider
237316,6.258567998884246,410.3854919994774,13.497588000973337,430.1425300000119,True,False,CPUExecutionProvider
402473,10.507123999559553,269.88511300078244,4.510907998337643,284.90426699863747,True,False,CPUExecutionProvider
261888,7.313168000109727,312.2758400004386,4.611997001120471,324.2017060001672,True,False,CPUExecutionProvider
201775,6.7283199987286935,260.5597889996716,4.573665000862093,271.862424999199,True,False,CPUExecutionProvider
135670,6.19105200166814,349.97317700072017,4.608290999385645,360.7734720008011,True,False,CPUExecutionProvider
223789,10.563219999312423,310.4669650001597,4.4814429984398885,325.51239899839857,True,False,CPUExecutionProvider
515266,7.755157999781659,432.14495300162525,13.900033998652361,453.80049599953054,True,False,CPUExecutionProvider
107087,13.299316000484396,434.45027099915023,4.350356000941247,452.10085500002606,True,False,CPUExecutionProvider
141597,5.936724999628495,340.530633000526,4.360705999715719,350.82905600029335,True,False,CPUExecutionProvider
309495,6.9193090002954705,347.0536289987649,4.387185999803478,358.3606049996888,True,False,CPUExecutionProvider
206135,4.355024999313173,283.93691500059504,4.430036000485416,292.72296800081676,True,False,CPUExecutionProvider
480021,4.532579001534032,320.1978350007266,4.401472999234102,329.1320970001834,True,False,CPUExecutionProvider
472678,7.161733999964781,277.14491600090696,4.788008000105037,289.0957100007654,True,False,CPUExecutionProvider
187249,7.244149001053302,401.41894800035516,4.373449999548029,413.0369270005758,True,False,CPUExecutionProvider
133087,6.859356999484589,247.8558629991312,5.232662999333115,259.94829399860464,True,False,CPUExecutionProvider
130826,7.664548000320792,275.1972710011614,4.775724999490194,287.6384360006341,True,False,CPUExecutionProvider
537053,5.407280999861541,369.6272080014751,5.21945799846435,380.2544379996107,True,False,CPUExecutionProvider
551350,4.87844899907941,355.85884200008877,5.474727999171591,366.21245899914356,True,False,CPUExecutionProvider
558558,7.193674000518513,257.55722699977923,4.336972000601236,269.0886650016182,True,False,CPUExecutionProvider
500477,5.388334999224753,331.0037840001314,5.3344040006777504,341.7269040000974,True,False,CPUExecutionProvider
373353,5.054026998550398,403.99313300076756,5.854971999724512,414.9025429996982,True,False,CPUExecutionProvider
375493,11.430388000007952,314.7808209996583,4.362939998827642,330.57484999881126,True,False,CPUExecutionProvider
494188,7.16523099981714,302.8180640012579,5.367294999814476,315.35102099951473,True,False,CPUExecutionProvider
299720,6.283124999754364,304.1610359996412,4.302776998883928,314.747427999464,True,False,CPUExecutionProvider
324818,5.295501001455705,340.2528690003237,4.488325999773224,350.03750800024136,True,False,CPUExecutionProvider
221155,7.669147000342491,279.03481800058216,4.6008970002731076,291.3053830015997,True,False,CPUExecutionProvider
502910,7.278562999999849,509.24454999949376,12.441486000170698,528.9649299993471,True,False,CPUExecutionProvider
196754,13.98374099881039,318.281816000308,4.701194999142899,336.96785399843066,True,False,CPUExecutionProvider
91619,6.221318999450887,406.100594000236,4.384049998407136,416.7066349982633,True,False,CPUExecutionProvider
232646,4.645160001018667,273.8005350001913,4.4502640012069605,282.896309001444,True,False,CPUExecutionProvider
234757,5.176518001462682,279.6088380000583,4.369442000097479,289.15512900130125,True,False,CPUExecutionProvider
280325,7.432542999595171,278.67670800151245,4.577963998599444,290.6880659993476,True,False,CPUExecutionProvider
184338,4.598471999997855,270.43774200137705,4.4892979985888815,279.5257629986736,True,False,CPUExecutionProvider
417085,4.059441000208608,375.1301369993598,5.552864000492264,384.74279299953196,True,False,CPUExecutionProvider
15497,7.319100001041079,332.87128700067115,15.72222499999043,355.91334300079325,True,False,CPUExecutionProvider
60823,8.150449999448028,265.3951980009879,5.506716999661876,279.0533070001402,True,False,CPUExecutionProvider
344268,6.622662000154378,307.14342999999644,4.310140999223222,318.07657399986056,True,False,CPUExecutionProvider
81594,8.022500000151922,264.7845009996672,4.4546919998538215,277.2625050001807,True,False,CPUExecutionProvider
416991,6.318992000160506,275.22116399995866,4.64426899998216,286.18538699993223,True,False,CPUExecutionProvider
286503,5.194932999074808,319.29747799949837,4.463319000933552,328.9561199999298,True,False,CPUExecutionProvider
562207,7.2939530000439845,277.376631000152,4.428895001183264,289.10035000080825,True,False,CPUExecutionProvider
556765,7.854995999878156,290.7057740012533,4.304079999201349,302.86566100039636,True,False,CPUExecutionProvider
433374,4.489779001232819,275.7697359993472,4.47504099975049,284.7347959996114,True,False,CPUExecutionProvider
182805,6.505272000140394,316.8961510000372,4.658215000745258,328.06064000033075,True,False,CPUExecutionProvider
229997,8.686798000780982,271.51673099979234,4.505368000536691,284.7097690009832,True,False,CPUExecutionProvider
297830,5.376944000090589,250.6354929992085,4.515746999459225,260.5283840002812,True,False,CPUExecutionProvider
539962,7.839806999982102,291.82150100132276,4.772488999151392,304.43443799958914,True,False,CPUExecutionProvider
409198,4.673041999922134,293.3841840003879,4.498073998547625,302.5561319991539,True,False,CPUExecutionProvider
291619,10.760098999526235,250.36705899947265,4.372298000816954,265.50035800028127,True,False,CPUExecutionProvider
330396,6.96968400006881,263.31370400112064,4.6086219990684185,274.8925509986293,True,False,CPUExecutionProvider
17115,8.2280560000072,278.1886590000795,4.506220000621397,290.9235560000525,True,False,CPUExecutionProvider
49761,4.476433001400437,264.0319330002967,4.53376099903835,273.0426380003337,True,False,CPUExecutionProvider
268729,4.646162000426557,267.07641900065937,4.699232000348275,276.4220130011381,True,False,CPUExecutionProvider
241677,7.958379999763565,304.26903100124036,4.59962399872893,316.82785599878116,True,False,CPUExecutionProvider
356261,8.51223000063328,261.5908709994983,4.458540000996436,274.5624230010435,True,False,CPUExecutionProvider
275392,7.56795699999202,372.1432800011826,4.368411000541528,384.0801490005106,True,False,CPUExecutionProvider
88265,5.062182999608922,324.60834399898886,4.4083060001867125,334.0792839990172,True,False,CPUExecutionProvider
119452,4.531708000286017,267.86442900083784,4.3852019989572,276.78184999967925,True,False,CPUExecutionProvider
205333,5.163022000488127,281.83811199960473,4.689243000029819,291.6911890006304,True,False,CPUExecutionProvider
5529,4.966583999703289,336.42722299919114,4.4781770011468325,345.8726549997664,True,False,CPUExecutionProvider
327780,4.646944000342046,291.83669300073234,4.362710000350489,300.84658800114994,True,False,CPUExecutionProvider
186929,6.4623609996488085,288.2072299998981,4.355355998995947,299.0256089997274,True,False,CPUExecutionProvider
197658,7.744137999907252,335.40170900050725,4.311925000365591,347.4581130012666,True,False,CPUExecutionProvider
231527,7.284945999344927,557.3784970001725,12.895628999103792,577.5601839995943,True,False,CPUExecutionProvider
388903,10.67219499964267,294.7098000004189,5.524180000065826,310.9068459998525,True,False,CPUExecutionProvider
573258,8.266609000202152,375.7809950002411,7.330100999752176,391.3783059997513,True,False,CPUExecutionProvider
231097,9.791210999537725,385.34752399937133,4.672631999710575,399.8119289990427,True,False,CPUExecutionProvider
106266,4.7700449995318195,466.24514600080147,4.425457998877391,475.44094899967604,True,False,CPUExecutionProvider
130613,8.373990000109188,279.27707900016685,4.484518998651765,292.1365499987587,True,False,CPUExecutionProvider
107094,7.1451130006607855,286.0793889994966,4.4021850007993635,297.62751900125295,True,False,CPUExecutionProvider
400082,6.079183000110788,353.5403550013143,4.730209999252111,364.3508400000428,True,False,CPUExecutionProvider
336356,5.558655000641011,513.707007999983,13.160176000383217,532.4265300005209,True,False,CPUExecutionProvider
457559,11.012843999196775,383.95253000089724,4.601368000294315,399.5674939997116,True,False,CPUExecutionProvider
142238,12.643286001548404,443.79229900005157,13.115782001477783,469.5526490013435,True,False,CPUExecutionProvider
416343,10.533344000577927,327.0111440015171,4.672831999414484,342.2178710006847,True,False,CPUExecutionProvider
5193,6.5755840005294885,394.1101210002671,11.931199000173365,412.6174049997644,True,False,CPUExecutionProvider
242060,9.82820100034587,320.8207429997856,4.981801999747404,335.63163799954054,True,False,CPUExecutionProvider
479953,4.512731999056996,407.0656139992934,4.750518000946613,416.3292739995086,True,False,CPUExecutionProvider
409211,6.966278000618331,277.9434799995215,4.973647000952042,289.8841460009862,True,False,CPUExecutionProvider
127530,7.156686000598711,347.2005879993958,4.330388999733259,358.6881139999605,True,False,CPUExecutionProvider
223182,5.114121000588057,266.15791500080377,4.479769999306882,275.75217699995846,True,False,CPUExecutionProvider
362716,7.32572299966705,368.898683000225,5.840003999765031,382.0648210003128,True,False,CPUExecutionProvider
321790,6.6033659986715065,323.91251000080956,5.248653000307968,335.76549099961994,True,False,CPUExecutionProvider
463174,6.9348079996416345,259.61772899972857,4.305792999730329,270.8587209999678,True,False,CPUExecutionProvider
152686,4.064470000230358,368.18271100128186,4.418143998918822,376.66617700051575,True,False,CPUExecutionProvider
126137,5.128167998918798,295.035329001621,4.480570998566691,304.6446689986624,True,False,CPUExecutionProvider
183391,5.437437001091894,382.72229799986235,5.304017000526073,393.4643540014804,True,False,CPUExecutionProvider
444142,7.014810000327998,351.5741219998745,4.4726870000886265,363.06217000128527,True,False,CPUExecutionProvider
273760,7.551446000434225,326.55412100029935,4.363652999018086,338.4699519992864,True,False,CPUExecutionProvider
170474,7.800944998962223,362.3210299992934,4.399419000037597,374.5220349992451,True,False,CPUExecutionProvider
287347,6.531611999889719,328.52556400030153,4.6837730005790945,339.74166000007244,True,False,CPUExecutionProvider
179642,7.227158001114731,241.26250200060895,4.57611099955102,253.06623200049216,True,False,CPUExecutionProvider
382009,7.934806000776007,243.2472290001897,4.418505001012818,255.60138200125948,True,False,CPUExecutionProvider
75612,4.9738079997041496,328.5406940012763,4.651942999771563,338.1670260005194,True,False,CPUExecutionProvider
383842,6.410464999135002,308.297830999436,4.7274150001612725,319.43633199989563,True,False,CPUExecutionProvider
154358,7.367872000031639,316.3635439996142,4.8564270000497345,328.5885850000341,True,False,CPUExecutionProvider
463918,6.220608000148786,303.8024330016924,4.4978739988437155,314.521665999564,True,False,CPUExecutionProvider
449579,6.798111999160028,373.09952699979476,4.362530000435072,384.2606199996226,True,False,CPUExecutionProvider
186345,7.443603999490733,278.70138000071165,4.396383999846876,290.54207999979553,True,False,CPUExecutionProvider
527215,4.931127999952878,360.93389999950887,4.483546999836108,370.34877500082075,True,False,CPUExecutionProvider
283717,10.781671000586357,313.52024800071376,4.546726000626222,328.84946600097464,True,False,CPUExecutionProvider
468965,7.664088001547498,329.143920000206,4.684954999902402,341.49378500114835,True,False,CPUExecutionProvider
262227,6.508218999442761,336.4676990004227,4.609263000020292,347.5858120000339,True,False,CPUExecutionProvider
405279,7.834488000298734,334.352238000065,4.711855999630643,346.8993030001002,True,False,CPUExecutionProvider
528578,6.657278001512168,375.54637500034005,10.603656999592204,392.80781100023887,True,False,CPUExecutionProvider
216296,4.492924999794923,265.99402700048813,4.3619989992293995,274.849400999301,True,False,CPUExecutionProvider
248616,7.058450999466004,288.2590160006657,4.420748999109492,299.7385969993047,True,False,CPUExecutionProvider
482487,6.559174000358325,287.08604500025103,4.4692599985864945,298.1151399999362,True,False,CPUExecutionProvider
402334,6.49346099999093,270.39057100046193,4.396704000100726,281.2817680005537,True,False,CPUExecutionProvider
19742,6.2806709993310506,309.07493499944394,4.477065000173752,319.83326299996406,True,False,CPUExecutionProvider
300233,4.335058998549357,374.9419229989144,10.615799001243431,389.8931319999974,True,False,CPUExecutionProvider
7818,6.895696000356111,337.439226999777,4.387928000141983,348.7235930006136,True,False,CPUExecutionProvider
216419,4.752032000396866,276.00236699981906,4.4290549994912,285.1844059987343,True,False,CPUExecutionProvider
484978,4.441559000042616,392.0165600011387,13.117475999024464,409.57609599900024,True,False,CPUExecutionProvider
147205,16.587110001637484,343.91031800078053,4.662883999117184,365.1611730001605,True,False,CPUExecutionProvider
25394,6.795847999455873,288.79919299834,5.106928001623601,300.70263000015984,True,False,CPUExecutionProvider
550714,7.265430000188644,325.9766209994268,4.595436999807134,337.83818899973994,True,False,CPUExecutionProvider
453302,3.7609709997923346,336.1348810012714,4.734718999316101,344.6309219998511,True,False,CPUExecutionProvider
464476,6.574471999556408,473.44561600039015,12.552334999782033,492.57286399915756,True,False,CPUExecutionProvider
11149,13.343762000658899,317.9174509987206,4.3915850001212675,335.6539500000508,True,False,CPUExecutionProvider
382734,7.039404999886756,336.4887970001291,4.591529999743216,348.12081400013994,True,False,CPUExecutionProvider
259640,13.689639999938663,389.34037999933935,4.7397380003531,407.7705599993351,True,False,CPUExecutionProvider
163258,7.638601000508061,392.56591699995624,4.475010999158258,404.6801399999822,True,False,CPUExecutionProvider
336232,8.468508000078145,301.3144630003808,4.961474000083399,314.7453170004155,True,False,CPUExecutionProvider
17207,7.673415999306599,320.6673260010575,9.629708998545539,337.97134299857134,True,False,CPUExecutionProvider
394328,6.79772200055595,262.28380800057494,4.299841999454657,273.38197300014144,True,False,CPUExecutionProvider
244833,6.934339000508771,333.9436509995721,4.958018000252196,345.83709000071394,True,False,CPUExecutionProvider
393569,7.673496000279556,304.2398069992487,4.519293999692309,316.4333379991149,True,False,CPUExecutionProvider
136772,10.968972999762627,311.29904000044917,13.042626000242308,335.3117110000312,True,False,CPUExecutionProvider
8211,13.499674001650419,406.04525600065244,4.647805999411503,424.19377800069924,True,False,CPUExecutionProvider
31817,8.007454000107828,331.80472899948654,4.551575000732555,344.36413799994625,True,False,CPUExecutionProvider
363875,7.982666000316385,365.6829209994612,4.96397000097204,378.6300480005593,True,False,CPUExecutionProvider
488075,6.223414000487537,384.92270200003986,4.686207999839098,395.8330460009165,True,False,CPUExecutionProvider
366884,6.814123000367545,293.9489489999687,4.602320999765652,305.3658839999116,True,False,CPUExecutionProvider
18737,6.82321000022057,342.5672659996053,4.4624270012718625,353.8540350000403,True,False,CPUExecutionProvider
498709,7.39197700022487,268.1996080009412,4.607970999131794,280.20043799915584,True,False,CPUExecutionProvider
551794,7.480835000023944,342.22442300051625,4.630402998373029,354.33598199961125,True,False,CPUExecutionProvider
575205,4.9138149988721125,288.241325000854,4.450624999662978,297.6065969996853,True,False,CPUExecutionProvider
361142,6.954376000066986,327.38084600168804,4.990308998458204,339.3262319987116,True,False,CPUExecutionProvider
118515,6.529588999910629,364.0657200012356,4.656651999539463,375.2526019998186,True,False,CPUExecutionProvider
546829,6.978482000704389,358.81411000082153,4.439674999957788,370.2326370002993,True,False,CPUExecutionProvider
94326,6.939508000868955,305.1699590014323,4.576040999381803,316.6864400009217,True,False,CPUExecutionProvider
306136,6.86166200102889,355.8309210002335,4.579657999784104,367.2728720011946,True,False,CPUExecutionProvider
209222,4.052238000440411,364.08543799916515,4.7291480004787445,372.867275000317,True,False,CPUExecutionProvider
221281,7.462950999979512,262.0744020005077,4.549551998934476,274.08769599969673,True,False,CPUExecutionProvider
112634,4.756359001476085,406.42365499843436,4.311986000175239,415.4923810001492,True,False,CPUExecutionProvider
474881,8.213058999899658,488.2586039984744,16.070280000349157,512.5427749990195,True,False,CPUExecutionProvider
224200,12.79741599864792,295.22801600069215,4.529413999989629,312.5551869998162,True,False,CPUExecutionProvider
88848,5.76589600132138,275.6895140009874,4.676249998738058,286.13199000028544,True,False,CPUExecutionProvider
29397,4.877827999735018,315.546522000659,4.518624000411364,324.9434650006151,True,False,CPUExecutionProvider
389684,6.9321150003816,313.04335400091077,4.350727998826187,324.326697998913,True,False,CPUExecutionProvider
527616,7.382219999271911,250.7433709997713,4.333726001277682,262.4598180009343,True,False,CPUExecutionProvider
151516,6.0233980002522,287.52376300144533,4.440867000084836,297.9886800003442,True,False,CPUExecutionProvider
500613,6.770069998310646,407.4587729992345,12.695174000327825,426.92494899893063,True,False,CPUExecutionProvider
344611,15.019278000181657,294.050648000848,4.117159000088577,313.18751600156247,True,False,CPUExecutionProvider
252294,5.956462999165524,287.2809390009934,4.488936998313875,297.72692999904393,True,False,CPUExecutionProvider
1353,6.391941000401857,289.83854099897144,4.5530280003731605,300.7841910002753,True,False,CPUExecutionProvider
185472,7.506541998736793,348.8631059990439,4.758654000397655,361.1289839991514,True,False,CPUExecutionProvider
259854,6.366343000991037,354.54626600039774,4.0532789989811135,364.9662480002007,True,False,CPUExecutionProvider
15751,6.687515000521671,366.37925200011523,15.534846001173719,388.6021640009858,True,False,CPUExecutionProvider
57149,12.271338999198633,297.3004619998392,4.457618999367696,314.0296799992939,True,False,CPUExecutionProvider
127135,6.240495999008999,317.33135799913725,4.566624000290176,328.13881899892294,True,False,CPUExecutionProvider
155341,7.810322998921038,277.90279500004544,4.779904000315582,290.49349299930327,True,False,CPUExecutionProvider
492284,11.800514999777079,286.76048400120635,4.461856999114389,303.0237479997595,True,False,CPUExecutionProvider
389451,7.076244999552728,263.6892899990926,4.779183000209741,275.5453289992147,True,False,CPUExecutionProvider
365745,8.089065999229206,351.6389699998399,4.466555999897537,364.19535399909364,True,False,CPUExecutionProvider
478474,8.261840999693959,257.35506899945904,4.406312000355683,270.0235230004182,True,False,CPUExecutionProvider
172648,8.31897799980652,369.38467799882346,7.358565000686212,385.06326300012006,True,False,CPUExecutionProvider
399764,4.592642999341479,345.90944499905163,4.354365000835969,354.85740500007523,True,False,CPUExecutionProvider
425390,11.036280000553234,306.99248100063414,4.402335000122548,322.43161699989287,True,False,CPUExecutionProvider
396580,5.093292000310612,358.5751250011526,4.533861998424982,368.2024800000363,True,False,CPUExecutionProvider
151938,4.623810998964473,310.2769889992487,4.529313000602997,319.4304429998738,True,False,CPUExecutionProvider
232244,6.129116998636164,319.08082799964177,4.410621000715764,329.62095699986094,True,False,CPUExecutionProvider
411953,6.432245998439612,374.5663390000118,4.7543159998895135,385.7533619993774,True,False,CPUExecutionProvider
580197,7.216137999421335,343.99702699920454,5.200213001444354,356.41410000062024,True,False,CPUExecutionProvider
491757,8.052608000070904,347.2134570001799,4.353663998699631,359.6203799988871,True,False,CPUExecutionProvider
114049,6.8770010002481285,291.8905110000196,4.65733300006832,303.42575699978624,True,False,CPUExecutionProvider
320743,7.4795519994950155,270.5053509998834,4.790383998624748,282.77602899834164,True,False,CPUExecutionProvider
167128,6.752387998858467,417.95134499989217,13.554226999985985,438.25848099913856,True,False,CPUExecutionProvider
453001,13.128628999766079,327.684842999588,4.781688001457951,345.5961820000084,True,False,CPUExecutionProvider
292155,5.462204999275855,316.083615000025,4.313137000281131,325.8595580009569,True,False,CPUExecutionProvider
521259,7.626918999449117,306.79616700035695,4.761700000017299,319.1851369992946,True,False,CPUExecutionProvider
88485,6.990103000134695,378.34008800018637,4.500449000261142,389.831292000963,True,False,CPUExecutionProvider
81766,7.917083999927854,415.2038700012781,12.500528999225935,435.62187399948016,True,False,CPUExecutionProvider
376278,12.522700999397784,301.5894230011327,4.5903579994046595,318.70398499995645,True,False,CPUExecutionProvider
22892,6.940531000509509,320.1719519984181,4.482836000534007,331.59570899988466,True,False,CPUExecutionProvider
127263,4.5015510004304815,370.69729099857796,4.433534000781947,379.6327170002769,True,False,CPUExecutionProvider
464872,7.409109999571228,309.1001659995527,4.4630989996221615,320.9728059991903,True,False,CPUExecutionProvider
562443,5.984505998640088,311.1995669987664,4.3279660003463505,321.512589998747,True,False,CPUExecutionProvider
242724,5.022810000809841,342.5333960003627,4.6469249991787365,352.20346200003405,True,False,CPUExecutionProvider
206838,7.811776999005815,342.3069520013087,4.6286199994938215,354.74779899959685,True,False,CPUExecutionProvider
60770,4.367679999631946,379.7122490013862,12.59905400002026,396.6798950004886,True,False,CPUExecutionProvider
129054,10.751425001217285,366.2840289998712,4.844045000936603,381.88011000056576,True,False,CPUExecutionProvider
380203,7.429117998981383,347.76773500016134,4.539281999313971,359.73677599940856,True,False,CPUExecutionProvider
367818,6.442625999625307,329.7871880004095,4.648266998628969,340.87854199970025,True,False,CPUExecutionProvider
54931,4.581791999953566,282.73347499998636,4.496892999668489,291.8128119999892,True,False,CPUExecutionProvider
550471,4.214051999952062,308.3768609994877,4.399278999699163,316.99064299937163,True,False,CPUExecutionProvider
554328,4.74314500024775,320.6859420006367,4.486162999455701,329.9154500000441,True,False,CPUExecutionProvider
470779,4.968768000253476,285.1973229990108,4.413014999954612,294.5794669994939,True,False,CPUExecutionProvider
32735,6.477291000919649,315.48317299893824,4.297569001209922,326.258544000666,True,False,CPUExecutionProvider
407298,7.771200000206591,321.4222360002168,4.2686340002546785,333.46273100141843,True,False,CPUExecutionProvider
463542,4.495268998653046,338.6999449994619,5.074837999927695,348.27053299886757,True,False,CPUExecutionProvider
455267,7.422685999699752,340.93999000106123,4.641543999241549,353.00467100023525,True,False,CPUExecutionProvider
544052,8.044232999964152,273.04039999944507,4.383510000479873,285.46918500069296,True,False,CPUExecutionProvider
384666,3.8448590003099525,329.59817700066196,4.57309600096778,338.0167730010726,True,False,CPUExecutionProvider
43581,10.46678100101417,279.8445249991346,4.51486700148962,294.8271550012578,True,False,CPUExecutionProvider
54592,5.821038999783923,264.0000980009063,4.584967999107903,274.4067660005385,True,False,CPUExecutionProvider
256868,6.476560000010068,335.8090589990752,4.919707000226481,347.2058669995022,True,False,CPUExecutionProvider
230983,6.372313999236212,303.67509799907566,4.650611001125071,314.6986640003888,True,False,CPUExecutionProvider
92053,7.336324000789318,299.8061050002434,4.739277999760816,311.8824579996726,True,False,CPUExecutionProvider
35682,9.078465000129654,362.23569699905056,4.83889499992074,376.15405799988366,True,False,CPUExecutionProvider
368684,7.1315200002572965,276.1112480002339,4.498836999118794,287.7424959988275,True,False,CPUExecutionProvider
61333,6.1148810000304366,267.96554400061723,5.949410000539501,280.0303960011661,True,False,CPUExecutionProvider
49759,8.418256000368274,284.82468799847993,5.090478000056464,298.3342329989682,True,False,CPUExecutionProvider
232692,8.019396000236156,373.30591199861374,4.5119410006009275,385.838201000297,True,False,CPUExecutionProvider
180101,5.004946999179083,288.0546430005779,4.972515998815652,298.03263599933416,True,False,CPUExecutionProvider
468577,7.203305000075488,327.1477509988472,4.423464999490534,338.77515199856134,True,False,CPUExecutionProvider
44877,6.557872999110259,278.2382030000008,4.483277998588164,289.2800149984396,True,False,CPUExecutionProvider
386879,7.518174999859184,326.4605409985961,4.540876001556171,338.5205840004346,True,False,CPUExecutionProvider
229111,6.364849999954458,387.03812700077833,15.672233999794116,409.07573199910985,True,False,CPUExecutionProvider
139684,9.711564000099315,307.94597000021895,4.604915999152581,322.2634220001055,True,False,CPUExecutionProvider
492905,6.255684998905053,416.52292599974317,4.581110999424709,427.3609639985807,True,False,CPUExecutionProvider
579970,6.182588000228861,416.58967200055486,4.485702000238234,427.2586130009586,True,False,CPUExecutionProvider
242934,3.0984370005171513,369.21443400024145,4.719892000139225,377.0331340001576,True,False,CPUExecutionProvider
407868,4.254106999724172,380.7181140000466,4.55151499954809,389.52417699874786,True,False,CPUExecutionProvider
293200,4.978787999789347,317.3342399986723,4.8222040004475275,327.1361930001149,True,False,CPUExecutionProvider
433515,4.8840100007510046,279.65788200162933,4.723497999293613,289.2656200001511,True,False,CPUExecutionProvider
549738,6.088300999181229,272.82824000030814,4.585889999361825,283.50313199916855,True,False,CPUExecutionProvider
466416,5.820778000270366,313.72810099855997,4.523082001469447,324.07253200108244,True,False,CPUExecutionProvider
2153,7.139865001590806,375.0616649995209,4.404320001412998,386.60651100144605,True,False,CPUExecutionProvider
50638,8.274014999187784,289.1815349994431,4.500148999795783,301.956760999019,True,False,CPUExecutionProvider
5001,4.883259000052931,347.7809470005013,13.174866000554175,365.83940200034704,True,False,CPUExecutionProvider
207585,12.218159999974887,290.243086999908,4.481424000914558,306.9431820003956,True,False,CPUExecutionProvider
256407,6.691914999464643,308.81055899953935,4.4692209994536825,319.9723259986058,True,False,CPUExecutionProvider
426253,12.147446999733802,299.32332699900144,4.544563000308699,316.01614899955166,True,False,CPUExecutionProvider
249180,4.758454000693746,324.345776998598,4.463270000996999,333.56797200030996,True,False,CPUExecutionProvider
35326,5.0584370001161005,325.4973900002369,4.588816000250517,335.14489399931335,True,False,CPUExecutionProvider
398377,6.702304001009907,367.48982300014177,4.433362999407109,378.62591100019927,True,False,CPUExecutionProvider
48564,6.658332000370137,366.2520489997405,4.295114000342437,377.2061660001782,True,False,CPUExecutionProvider
336628,6.663902000582311,270.31637799882446,4.481955000301241,281.46315699996194,True,False,CPUExecutionProvider
553731,7.572026999696391,380.5693409995001,15.783234000991797,403.9253130013094,True,False,CPUExecutionProvider
73533,11.155886000778992,268.02390400007425,4.545825000604964,283.72669700002007,True,False,CPUExecutionProvider
164363,5.625281999527942,324.80256900089444,4.47030299983453,334.89889500015124,True,False,CPUExecutionProvider
468233,7.387641000605072,329.1930819996196,4.456697999557946,341.038041999127,True,False,CPUExecutionProvider
125572,4.132689999096328,299.4892719998461,5.1314039992576,308.75414699949033,True,False,CPUExecutionProvider
170595,6.821357999797328,287.93337599927327,4.414609000377823,299.16997399959655,True,False,CPUExecutionProvider
295797,10.951180998745258,304.7082020002563,4.511130000537378,320.1712840000255,True,False,CPUExecutionProvider
262631,7.079471999531961,400.00083800077846,12.718559000859386,419.7993300003873,True,False,CPUExecutionProvider
335954,11.17986099961854,406.88783999939915,4.388309000205481,422.4562599993078,True,False,CPUExecutionProvider
347335,7.982748000358697,268.5309690004942,4.553468999802135,281.06755599947064,True,False,CPUExecutionProvider
305609,7.547891000285745,367.9244840004685,4.577425001116353,380.0501510013419,True,False,CPUExecutionProvider
546219,6.668079000519356,272.18095299940614,5.076231000202824,283.92618500038225,True,False,CPUExecutionProvider
180751,7.35169300060079,257.1518549993925,5.224880000241683,269.7290790001716,True,False,CPUExecutionProvider
191845,7.195248999778414,369.15782100004435,5.379350001021521,381.73322200054827,True,False,CPUExecutionProvider
507081,10.62324600025022,299.8362479993375,4.405592000694014,314.86604699966847,True,False,CPUExecutionProvider
129113,5.497261001437437,310.10876500113227,4.262032000042382,319.8682690017449,True,False,CPUExecutionProvider
407614,15.5660460004583,260.4613989988138,4.812205001144321,280.8404220013472,True,False,CPUExecutionProvider
415194,7.61690100080159,305.3615630014974,4.729538999526994,317.70886500089546,True,False,CPUExecutionProvider
228436,8.567515998947783,314.1479900004924,4.736692999358638,327.4526099994546,True,False,CPUExecutionProvider
350833,5.253474000710412,255.9641570005624,4.5824839999113465,265.80048499999975,True,False,CPUExecutionProvider
286907,6.830995000200346,396.87182899979234,15.891005999947083,419.59461199985526,True,False,CPUExecutionProvider
482719,13.233756999397883,266.66655100052594,4.502824998780852,284.4041449989163,True,False,CPUExecutionProvider
532129,7.602053001392051,365.1205250007479,5.338472999937949,378.06142200133763,True,False,CPUExecutionProvider
386457,6.925653000507737,256.1592740003107,4.358883999884711,267.4448030011263,True,False,CPUExecutionProvider
463037,13.928381000368972,267.644890000156,4.407585000080871,285.98174800026754,True,False,CPUExecutionProvider
110359,6.27703499958443,305.33789999935834,4.305705000660964,315.92127200019604,True,False,CPUExecutionProvider
383676,7.446411000273656,336.37271100087673,4.272821999620646,348.09259500070766,True,False,CPUExecutionProvider
215723,4.692700998930377,264.77211699966574,4.672492999816313,274.1377919992374,True,False,CPUExecutionProvider
279145,5.81026899999415,357.051147000675,4.597762999765109,367.4594390013226,True,False,CPUExecutionProvider
261161,4.639250999389333,348.9163939993887,4.62508400050865,358.1810089999635,True,False,CPUExecutionProvider
545407,6.997177999437554,386.5033460006089,12.414349001119263,405.9153640009754,True,False,CPUExecutionProvider
490413,12.101070000426262,293.8974330008932,4.449033000128111,310.44797700087656,True,False,CPUExecutionProvider
171298,7.78782300039893,312.7077709996229,4.386636001072475,324.8830810007348,True,False,CPUExecutionProvider
443498,7.657067000764073,279.4012360009219,4.489278999244561,291.54822300006344,True,False,CPUExecutionProvider
486046,8.257903999037808,319.0652079993015,6.171287001052406,333.49519100011094,True,False,CPUExecutionProvider
282912,4.863480999119929,440.46331199933775,4.353182999693672,449.68033699842636,True,False,CPUExecutionProvider
506454,4.4766359987988835,315.668060000462,4.496944000493386,324.6421410003677,True,False,CPUExecutionProvider
448448,4.721634999441449,297.0259689991508,4.317105000154697,306.06527000054484,True,False,CPUExecutionProvider
365655,6.963183999687317,293.12421399845334,4.436530000020866,304.52428799981135,True,False,CPUExecutionProvider
464824,5.149478998646373,264.60073799898964,4.523032999713905,274.2735809988517,True,False,CPUExecutionProvider
165713,4.5030049986962695,407.04697299952386,4.248115999871516,415.79831399940304,True,False,CPUExecutionProvider
222458,7.236917999762227,304.59945000075095,4.591491000610404,316.4285809998546,True,False,CPUExecutionProvider
180011,5.316573000527569,290.9958780001034,5.759685000157333,302.07303799943475,True,False,CPUExecutionProvider
334521,4.4471399996837135,416.40785100025823,8.103484999082866,428.95912699896144,True,False,CPUExecutionProvider
182441,11.541158999534673,377.74764399910055,7.427996999467723,396.7174609988433,True,False,CPUExecutionProvider
161128,6.343189999824972,280.318361999889,4.700334999142797,291.36274899974524,True,False,CPUExecutionProvider
492282,7.871298999816645,350.40367300098296,15.221820998704061,373.4974740000325,True,False,CPUExecutionProvider
514376,13.597170000139158,283.986480000749,4.501031000472722,302.0852820009168,True,False,CPUExecutionProvider
572462,7.915543001217884,260.4570010007592,4.569609998725355,272.9429049995815,True,False,CPUExecutionProvider
236845,5.772689000878017,404.6594339997682,12.850899000113714,423.2837830004428,True,False,CPUExecutionProvider
385205,7.78912499845319,306.42238699874724,4.576082001221948,318.78830499954347,True,False,CPUExecutionProvider
515025,5.278951999571291,267.19120599955204,4.76982600048359,277.2408059990994,True,False,CPUExecutionProvider
135872,8.19347400101833,363.23394600003667,4.669927999202628,376.098329999877,True,False,CPUExecutionProvider
125072,6.95218299915723,361.35134200048924,4.392065999127226,372.6965329988161,True,False,CPUExecutionProvider
118594,7.4209230006090365,390.71127799979877,4.303611000068486,402.4363730004552,True,False,CPUExecutionProvider
406417,8.927823000703938,344.89443299935374,4.554691000521416,358.37780899964855,True,False,CPUExecutionProvider
531495,4.630814999472932,296.01533800087054,4.479900999285746,305.1265449994389,True,False,CPUExecutionProvider
391144,7.667445999686606,345.707680000487,4.509637999944971,357.88542599948414,True,False,CPUExecutionProvider
210708,6.269502000577631,274.81901999999536,4.394551000586944,285.48369400050433,True,False,CPUExecutionProvider
568814,6.177277999086073,338.7875279986474,4.674998001064523,349.64042600040557,True,False,CPUExecutionProvider
472298,6.77399900087039,316.81770800059894,4.563528000289807,328.156237001167,True,False,CPUExecutionProvider
6763,6.940702000065357,344.207586000266,4.7723499992571305,355.92161000022315,True,False,CPUExecutionProvider
474170,4.905371000859304,303.1126259993471,4.540154999631341,312.55876300019736,True,False,CPUExecutionProvider
407943,6.38141200033715,282.95247399910295,4.4358890008879825,293.7700849997782,True,False,CPUExecutionProvider
180296,4.334548999395338,368.0643300012889,4.479740999158821,376.87922099939897,True,False,CPUExecutionProvider
181969,9.029152999573853,319.6526029987581,4.437933001099736,333.1201700002566,True,False,CPUExecutionProvider
343803,6.62372700026026,313.8243590001366,4.4078869996155845,324.85637399986445,True,False,CPUExecutionProvider
361180,5.152996000106214,315.19057500008785,4.415781000716379,324.7603240015451,True,False,CPUExecutionProvider
151962,6.6494450002210215,327.2843529994134,10.818844000823447,344.7532130012405,True,False,CPUExecutionProvider
262938,4.586721999658039,316.63223299983656,4.174298001089483,325.3936140008591,True,False,CPUExecutionProvider
364166,6.824213000072632,262.9836919986701,5.266118001600262,275.07452400095644,True,False,CPUExecutionProvider
350488,6.863156999315834,333.90463500109036,4.4716560005326755,345.24017900002946,True,False,CPUExecutionProvider
298251,2.726278999034548,308.24209099955624,4.635905001123319,315.60459499996796,True,False,CPUExecutionProvider
51309,7.820132999768248,264.3697860003158,12.898789000246325,285.0893390004785,True,False,CPUExecutionProvider
400794,14.530943999488954,309.82295000103477,4.655029999412363,329.00967499881517,True,False,CPUExecutionProvider
308793,4.562726999211009,319.4452669995371,5.091349999929662,329.09980499971425,True,False,CPUExecutionProvider
561889,4.648488000384532,282.87632499996107,5.177270999411121,292.70242399979907,True,False,CPUExecutionProvider
280779,7.608607000292977,337.4982240002282,4.37934299952758,349.4867350000277,True,False,CPUExecutionProvider
3501,7.141078000131529,298.2550810011162,4.319039999245433,309.7157399988646,True,False,CPUExecutionProvider
52591,6.298084999798448,402.13619000132894,4.559811999570229,412.99525999966136,True,False,CPUExecutionProvider
458325,7.637380000232952,383.332444998814,4.9231140001211315,395.8937409988721,True,False,CPUExecutionProvider
83540,7.091876001140918,307.1578889994271,4.319229999964591,318.56969600084994,True,False,CPUExecutionProvider
213255,11.44866600043315,283.53558399976464,4.5690989991271636,299.55404099928273,True,False,CPUExecutionProvider
29675,9.31299599869817,351.2499070002377,4.517241999565158,365.0811369989242,True,False,CPUExecutionProvider
36539,6.8132329997752095,306.2698020003154,4.540534999250667,317.62395099940477,True,False,CPUExecutionProvider
430973,5.480631001773872,320.4230869996536,4.668585999752395,330.5727740007569,True,False,CPUExecutionProvider
109992,3.765911000300548,290.8813989997725,4.4316610001260415,299.0793820008548,True,False,CPUExecutionProvider
395903,7.538274001490208,394.2897520009865,4.439626000021235,406.2684230011655,True,False,CPUExecutionProvider
204329,7.541069000581047,255.76248899960774,4.558188000373775,267.862246999357,True,False,CPUExecutionProvider
331604,6.6360799992253305,367.58826700133795,4.5606530002260115,378.785531000176,True,False,CPUExecutionProvider
121673,4.723889998786035,257.98877899978834,4.4940589996258495,267.2072789991944,True,False,CPUExecutionProvider
312489,7.101364000845933,291.90248800114205,4.37565500033088,303.38023800140945,True,False,CPUExecutionProvider
521509,8.198132998586516,278.80194000135816,4.600317999575054,291.60133299956215,True,False,CPUExecutionProvider
549055,10.992591000103857,278.7074330008181,4.334948998803156,294.03597399868886,True,False,CPUExecutionProvider
464358,7.009191000179271,365.6182100003207,12.6905680008349,385.31841000076383,True,False,CPUExecutionProvider
180878,10.769511000034981,276.77507500084175,4.3992699993395945,291.94506800013187,True,False,CPUExecutionProvider
32570,5.3383129998110235,389.70386599976337,11.501335000502877,406.5441050006484,True,False,CPUExecutionProvider
334530,18.772176999846124,339.975773000333,12.529195999377407,371.27844899987394,True,False,CPUExecutionProvider
376206,14.322332999654463,282.18888099945616,4.474631999983103,300.98656699919957,True,False,CPUExecutionProvider
515350,9.594896000635345,350.9904769998684,4.522010000073351,365.1084150005772,True,False,CPUExecutionProvider
50943,7.095742999808863,327.1031439999206,6.171037000967772,340.3708360001474,True,False,CPUExecutionProvider
460333,4.741562999697635,340.71932100050617,4.476936999708414,349.93830200073717,True,False,CPUExecutionProvider
312552,5.511127999852761,338.7555249992147,4.412776001117891,348.6799800011795,True,False,CPUExecutionProvider
436315,5.174685999008943,350.4253970004356,4.412534999573836,360.0131490002241,True,False,CPUExecutionProvider
24144,5.686698001227342,373.69527100054256,4.333306998887565,383.71560599989607,True,False,CPUExecutionProvider
509699,6.554027000674978,262.34675600062474,4.546095999103272,273.4475100005511,True,False,CPUExecutionProvider
489764,6.622344999414054,338.87900799891213,4.4002419999742415,349.9024359989562,True,False,CPUExecutionProvider
308587,7.232660998852225,276.54594799969345,4.639381999368197,288.4185719995003,True,False,CPUExecutionProvider
208423,6.624858999202843,392.9094300001452,13.076041999738663,412.610682000377,True,False,CPUExecutionProvider
553669,14.758650999283418,324.96684699981415,4.738577999887639,344.46508799919684,True,False,CPUExecutionProvider
36678,7.458735000909655,372.0211689997086,12.850650000473252,392.33096499992826,True,False,CPUExecutionProvider
270474,10.75191900054051,464.98785900075745,4.368263000287698,480.10851200160687,True,False,CPUExecutionProvider
62355,4.8174759995163186,341.32072600004904,4.501232000620803,350.6396640004823,True,False,CPUExecutionProvider
25424,6.74626799991529,371.5471610012173,4.389241999888327,382.68358200002695,True,False,CPUExecutionProvider
269121,6.6196489988215035,347.43318400069256,4.912103000606294,358.9656969998032,True,False,CPUExecutionProvider
351331,7.58234699969762,277.14904399908846,4.376337001303909,289.10850000102073,True,False,CPUExecutionProvider
132329,6.475239000792499,309.0969210006733,4.528293000475969,320.10109400107467,True,False,CPUExecutionProvider
486573,7.114218000424444,302.2661249997327,4.4463790000008885,313.82712300001003,True,False,CPUExecutionProvider
335081,7.63003599968215,282.5966740001604,4.521639999438776,294.7488509998948,True,False,CPUExecutionProvider
398652,5.258203998891986,325.50270700085093,5.177250999622629,335.9388129993022,True,False,CPUExecutionProvider
320706,7.278185999894049,361.6017999993346,4.49216500055627,373.3727420003561,True,False,CPUExecutionProvider
125129,6.585255001482437,454.6779680003965,4.411242000060156,465.6752660011989,True,False,CPUExecutionProvider
292488,6.3826139994489495,317.46400500014715,4.374183001345955,328.2214530008787,True,False,CPUExecutionProvider
22623,7.47684899943124,331.420259000879,4.369254998891847,343.2667239994771,True,False,CPUExecutionProvider
119516,6.455580998590449,293.7719189994823,4.52618899907975,304.75435099833703,True,False,CPUExecutionProvider
269866,5.208831000345526,335.066227000425,4.431100000147126,344.70688900000823,True,False,CPUExecutionProvider
498463,7.44442799987155,268.18926300074963,4.355998999017174,279.99022099902504,True,False,CPUExecutionProvider
64574,6.9335690004663775,300.7045680005831,4.4261709990678355,312.06493900026544,True,False,CPUExecutionProvider
459272,6.9732239990116796,299.14720300075714,4.541927999525797,310.66294599986577,True,False,CPUExecutionProvider
292060,4.454504000023007,349.608612999873,4.747044000396272,358.81071199946746,True,False,CPUExecutionProvider
40471,4.723018999357009,360.9503810002934,4.6303740000439575,370.3043749992503,True,False,CPUExecutionProvider
480122,5.567653999605682,344.6632089999184,4.994307999368175,355.2255319991673,True,False,CPUExecutionProvider
97022,5.006781000702176,254.7379980005644,4.681940999944345,264.4273410005553,True,False,CPUExecutionProvider
525083,4.324871000790154,309.9151240003266,5.5238120003195945,319.76427800145757,True,False,CPUExecutionProvider
84241,6.853738999780035,286.55433999847446,4.841922000196064,298.25062199961394,True,False,CPUExecutionProvider
361621,6.895538001117529,386.16603900118207,4.645813000024646,397.7082720011822,True,False,CPUExecutionProvider
186632,7.605720998981269,262.6679189997958,4.6991439994599205,274.97355599916773,True,False,CPUExecutionProvider
446574,6.499834998976439,276.75998999984586,4.422875001182547,287.68328099977225,True,False,CPUExecutionProvider
210855,7.528787000410375,316.42288500006543,4.516320001130225,328.46875300128886,True,False,CPUExecutionProvider
488592,5.023192001317511,275.86903699921095,4.6573850013373885,285.5499650013371,True,False,CPUExecutionProvider
365207,5.05690499994671,323.2303579989093,4.272723001122358,332.56049699957657,True,False,CPUExecutionProvider
110042,11.219016001632554,391.28604600045946,4.717907999292947,407.22357100094086,True,False,CPUExecutionProvider
346703,7.7251650000107475,263.38694100013527,4.881085000306484,275.99380199899315,True,False,CPUExecutionProvider
185802,6.890317999932449,334.85034800105495,4.572224999719765,346.31373199954396,True,False,CPUExecutionProvider
529966,7.630527999936021,275.9635660004278,4.761000000144122,288.3557950008253,True,False,CPUExecutionProvider
144003,7.291331001397339,257.22513099935895,4.6189330005290685,269.13590600088355,True,False,CPUExecutionProvider
50896,5.778561000624904,277.9499770003895,4.713810998509871,288.4429599998839,True,False,CPUExecutionProvider
1761,4.018074001578498,276.9118079995678,4.3923869998252485,285.3227400009928,True,False,CPUExecutionProvider
400367,4.076744999110815,314.3570690008346,4.62046499887947,323.0550909993326,True,False,CPUExecutionProvider
463199,7.8741950001131045,269.89707599932444,4.762503000165452,282.53437599960307,True,False,CPUExecutionProvider
392933,4.359506001492264,336.18149900030403,4.51294400045299,345.05432000150904,True,False,CPUExecutionProvider
350023,7.551680000688066,295.5622379995475,4.81638400015072,307.9313739999634,True,False,CPUExecutionProvider
527960,4.607853001289186,335.16475100077514,5.775224999524653,345.5486300008488,True,False,CPUExecutionProvider
142585,7.2499329999118345,287.0392360000551,4.5981340008438565,298.8880049997533,True,False,CPUExecutionProvider
574425,6.068826000046101,310.5695790000027,4.427714000485139,321.0670200005552,True,False,CPUExecutionProvider
449909,6.895046999488841,311.73467700136825,4.239329999109032,322.8695849993528,True,False,CPUExecutionProvider
128051,7.013088999883621,301.80612500043935,4.654528998798924,313.4742139991431,True,False,CPUExecutionProvider
286849,6.537375000334578,269.00819900038186,4.467558999749599,280.0138250004238,True,False,CPUExecutionProvider
373705,6.837267999799224,286.81271099958394,4.554331999315764,298.2052829993336,True,False,CPUExecutionProvider
548780,5.194584000491886,296.69732299953466,4.711626999778673,306.6042959999322,True,False,CPUExecutionProvider
499768,6.911538001077133,253.08426999981748,4.532601000391878,264.52920000156155,True,False,CPUExecutionProvider
293071,6.38893599898438,310.1129040005617,4.531287999270717,321.0336689990072,True,False,CPUExecutionProvider
101780,7.9307619998871814,264.34779000010167,4.527451999820187,276.80705599959765,True,False,CPUExecutionProvider
222235,5.418834998636157,251.5695969996159,4.4105720007792115,261.3992339993274,True,False,CPUExecutionProvider
509008,7.018078000328387,312.8397450000193,4.417263999130228,324.2758179985685,True,False,CPUExecutionProvider
157098,6.9377069994516205,265.08365200061235,4.487706999498187,276.50993799943535,True,False,CPUExecutionProvider
275791,4.773853999722633,290.00334500051395,4.57599199944525,299.3535620007606,True,False,CPUExecutionProvider
270297,5.22935900153243,289.41380900141667,15.610791999279172,310.2545710007689,True,False,CPUExecutionProvider
115118,14.881473000059486,279.6097899990855,4.371507999167079,298.86331199850247,True,False,CPUExecutionProvider
198915,6.133948001661338,346.11865499937267,4.191791000266676,356.445175000772,True,False,CPUExecutionProvider
192716,8.600639001087984,297.5438050016237,4.4669679991784506,310.61231400053657,True,False,CPUExecutionProvider
90155,4.878010000538779,285.06687699882605,4.463421000764356,294.40854800122906,True,False,CPUExecutionProvider
344816,5.05509199865628,275.87201300048037,4.409789999044733,285.337144998266,True,False,CPUExecutionProvider
130566,5.426018999060034,286.74596100063354,4.362110999863944,296.53443099959986,True,False,CPUExecutionProvider
137727,7.240996999826166,273.3563490000961,4.763313998410013,285.36135099966486,True,False,CPUExecutionProvider
256195,9.683041998869157,281.16926999973657,4.451017999599571,295.3044619989669,True,False,CPUExecutionProvider
193162,6.8968100003985455,323.8921720003418,4.515189000812825,335.30501300083415,True,False,CPUExecutionProvider
219440,8.520860001226538,402.8067520011973,12.40895099908812,423.7373350006237,True,False,CPUExecutionProvider
580418,17.509046998384292,268.88263000000734,4.405972998938523,290.79827099849354,True,False,CPUExecutionProvider
577976,7.526953000706271,273.5150379994593,4.550535000817035,285.5929270008346,True,False,CPUExecutionProvider
231831,6.590574999790988,276.20849599952635,5.563877000895445,288.3633990004455,True,False,CPUExecutionProvider
14888,11.602797001614817,380.91624899971066,5.967054999928223,398.4869930009154,True,False,CPUExecutionProvider
4795,7.106484001269564,349.1877229989768,4.935406999720726,361.23080600009416,True,False,CPUExecutionProvider
316015,5.363580999983242,281.5136480003275,4.530727999735973,291.40867900059675,True,False,CPUExecutionProvider
119828,4.485592999117216,298.31756300154666,4.398799999762559,307.2025769997708,True,False,CPUExecutionProvider
357941,6.190083999172202,313.97209799979464,4.419739001605194,324.58255200072017,True,False,CPUExecutionProvider
312213,7.045620001008501,345.7503399986308,4.3479240011947695,357.14467500110914,True,False,CPUExecutionProvider
1675,7.567710001239902,315.3351479995763,4.5388329999696,327.4422120011877,True,False,CPUExecutionProvider
39769,7.837907998691662,296.4896410012443,4.457240000192542,308.78544000006514,True,False,CPUExecutionProvider
503823,7.199548999778926,327.31538400003046,4.490141000133008,339.00595599880035,True,False,CPUExecutionProvider
172877,6.894676000229083,310.48565299897746,4.62605699976848,322.0071769992501,True,False,CPUExecutionProvider
310862,7.2043479995045345,273.2449650011404,4.524164998656488,284.9744199993438,True,False,CPUExecutionProvider
427649,6.677387998934137,269.07593599935353,4.527331000645063,280.2814570004557,True,False,CPUExecutionProvider
383921,5.604534000667627,325.5670620001183,4.686349999246886,335.85848700022325,True,False,CPUExecutionProvider
20333,8.232439000494196,403.89143700122077,4.656863999116467,416.7813109997951,True,False,CPUExecutionProvider
477288,4.889511001238134,296.7362460003642,4.678676001276472,306.3047940013348,True,False,CPUExecutionProvider
420230,6.828732000940363,365.29242799952044,5.7547659998817835,377.8768880001735,True,False,CPUExecutionProvider
451090,5.449502999908873,396.94688800045697,12.698774999080342,415.0961479990656,True,False,CPUExecutionProvider
12280,12.199187000078382,402.59505399990303,4.610748001141474,419.4059310011653,True,False,CPUExecutionProvider
57027,7.112235000022338,360.48691699943447,4.340380000940058,371.94019300113723,True,False,CPUExecutionProvider
108864,7.291251000424381,395.6492620000063,4.409961000419571,407.3511860005965,True,False,CPUExecutionProvider
405972,8.169018999979016,279.8588369987556,4.456668000784703,292.48502500013274,True,False,CPUExecutionProvider
294855,7.182387000284507,364.031724000597,4.4697529992845375,375.68452499908744,True,False,CPUExecutionProvider
125952,5.641773999741417,302.62560799928906,4.4524010008899495,312.7203540007031,True,False,CPUExecutionProvider
400815,4.528553999989526,339.263165000375,6.471601998782717,350.2640719998453,True,False,CPUExecutionProvider
437351,11.921655999685754,268.4779279989016,4.5579079996969085,284.95792299872846,True,False,CPUExecutionProvider
251572,6.682969000394223,265.6238180006767,4.3597669991868315,276.6672559992003,True,False,CPUExecutionProvider
194506,5.079828000816633,311.81652700070117,4.4975660002819495,321.3942620004673,True,False,CPUExecutionProvider
153229,7.371421999778249,315.9784830004355,6.181156999446102,329.531653000231,True,False,CPUExecutionProvider
482800,7.155395998779568,334.38320300047053,4.5569569992949255,346.09654799896816,True,False,CPUExecutionProvider
25057,7.545698999820161,283.3840589992178,4.437423000126728,295.3678319991013,True,False,CPUExecutionProvider
481413,4.107302000193158,332.1340010006679,4.455045000213431,340.6968590006727,True,False,CPUExecutionProvider
113354,5.407323000326869,331.8254510013503,5.185918000279344,342.41892300087784,True,False,CPUExecutionProvider
546823,4.76148100096907,305.46550399958505,4.925369001284707,315.15273400145816,True,False,CPUExecutionProvider
290833,5.101779999677092,288.77561400076956,4.530587000772357,298.40859300020384,True,False,CPUExecutionProvider
372307,8.120227999825147,270.6340389995603,4.482215999814798,283.23704399917915,True,False,CPUExecutionProvider
189078,6.683370000246214,295.14184900108376,4.624743998647318,306.4503639998293,True,False,CPUExecutionProvider
575500,4.522802999417763,353.57360099988,4.42340600056923,362.5203909996344,True,False,CPUExecutionProvider
463283,7.446552999681444,312.2648829994432,4.462720000447007,324.1750380002486,True,False,CPUExecutionProvider
562197,5.756970000220463,314.7539670007973,4.295355998692685,324.80698399922403,True,False,CPUExecutionProvider
194940,6.145680999907199,329.10636799897475,4.704925000623916,339.9575450002885,True,False,CPUExecutionProvider
127494,4.544313000224065,301.59810400073184,4.327917000409798,310.4709150011331,True,False,CPUExecutionProvider
61658,8.145406000039657,401.900310000201,12.307470999076031,422.35408799933793,True,False,CPUExecutionProvider
304180,13.575983000919223,270.08803599892417,4.512814000918297,288.177975000508,True,False,CPUExecutionProvider
452784,6.34344200079795,306.22955200124125,4.526018999968073,317.09972400130937,True,False,CPUExecutionProvider
330818,4.922102998534683,291.72704000120575,4.630594999980531,301.2799879998056,True,False,CPUExecutionProvider
426203,10.02787000106764,361.6999740006577,4.846771000302397,376.5756370012241,True,False,CPUExecutionProvider
84492,7.163411999499658,263.0743170011556,4.5395139986794675,274.7777739987214,True,False,CPUExecutionProvider
132703,6.676147000689525,308.07708199972694,4.426281999258208,319.1800519998651,True,False,CPUExecutionProvider
326462,7.538276000559563,341.8348220002372,4.402246999234194,353.77585599962913,True,False,CPUExecutionProvider
245311,7.323421999899438,362.6567419996718,4.785996999999043,374.76712300122017,True,False,CPUExecutionProvider
328117,4.9219729989999905,330.2124689998891,4.808419000255526,339.9435720002657,True,False,CPUExecutionProvider
374083,4.483569000512944,320.6730260008044,4.5620069995493395,329.71933400040143,True,False,CPUExecutionProvider
95707,10.877476001041941,354.47045200089633,4.750410000269767,370.0990890010871,True,False,CPUExecutionProvider
463842,7.556339998700423,286.3498859987885,5.065311001089867,298.97198700018635,True,False,CPUExecutionProvider
332351,4.111910999199608,268.8083960001677,4.853944999922533,277.774842999861,True,False,CPUExecutionProvider
10092,6.602578001547954,280.03213299962226,4.570993000015733,291.2061850001919,True,False,CPUExecutionProvider
551804,4.912925000098767,330.7149339998432,4.491584999414044,340.1197749990388,True,False,CPUExecutionProvider
402615,4.9848309990920825,265.94771500094794,4.456048000065493,275.3888139995979,True,False,CPUExecutionProvider
166165,5.290765000609099,353.3077599986427,4.423667000082787,363.02267300015956,True,False,CPUExecutionProvider
410496,4.348065000158385,320.29930599856016,12.939699001435656,337.58742100144445,True,False,CPUExecutionProvider
357903,10.477955000169459,392.7545229998941,4.856259000007412,408.089418999225,True,False,CPUExecutionProvider
500565,6.550840998897911,339.0670999997383,9.511330999885104,355.13015299875406,True,False,CPUExecutionProvider
365385,6.959137999729137,295.6976810000924,4.418426999109215,307.0758369995019,True,False,CPUExecutionProvider
570456,7.622584000273491,330.76995000010356,4.712840000138385,343.10627600098087,True,False,CPUExecutionProvider
395701,6.193530000018654,323.06110500030627,4.630976000044029,333.88635300070746,True,False,CPUExecutionProvider
372466,6.382355000823736,348.9025210001273,4.390003001390141,359.67558000083955,True,False,CPUExecutionProvider
125778,4.418165999595658,347.8150290011399,4.548270999293891,356.7817559996911,True,False,CPUExecutionProvider
24027,6.001149000439909,321.24646800002665,4.458452000108082,331.70670100116695,True,False,CPUExecutionProvider
530470,6.70268700014276,390.8392499997717,4.379914998935419,401.9222529987019,True,False,CPUExecutionProvider
370375,6.540120999488863,521.1792450008943,4.339527999036363,532.0594049990177,True,False,CPUExecutionProvider
328430,4.213853000692325,289.1503289993125,4.5822749998478685,297.94680700069875,True,False,CPUExecutionProvider
562581,6.291313999099657,263.41400199999043,4.456348000530852,274.1623849997268,True,False,CPUExecutionProvider
451435,6.683471001451835,342.5051500016707,4.465094998522545,353.654237000228,True,False,CPUExecutionProvider
75393,6.523378999190754,289.2078479999327,4.536409000138519,300.26800699852174,True,False,CPUExecutionProvider
345397,6.319276999420254,272.4458529992262,4.457490000277176,283.2230399999389,True,False,CPUExecutionProvider
94157,7.53514000098221,283.0430419999175,4.502584999499959,295.08125800020935,True,False,CPUExecutionProvider
105455,6.874468999740202,333.92450899918913,4.758506000143825,345.55830499994045,True,False,CPUExecutionProvider
348012,6.8165299999236595,417.5934929990035,4.8514909994992195,429.26197499946284,True,False,CPUExecutionProvider
173008,7.02732600075251,316.5089460017043,6.488734999948065,330.0257290011359,True,False,CPUExecutionProvider
262682,4.108193999854848,367.3836289999599,4.8002040002756985,376.2923779995617,True,False,CPUExecutionProvider
507893,4.02297500113491,280.01338399917586,4.568369000480743,288.605109000855,True,False,CPUExecutionProvider
227044,4.1080539995164145,299.6409420011332,4.674877998695592,308.42436499915493,True,False,CPUExecutionProvider
167122,4.64012300108152,305.56564799917396,4.2938229998981114,314.4999950000056,True,False,CPUExecutionProvider
154718,6.400820000635576,309.20185600007244,4.579950000334065,320.1836070002173,True,False,CPUExecutionProvider
479126,4.487395999603905,414.257431999431,4.507515001023421,423.25324500052375,True,False,CPUExecutionProvider
504074,6.542064998939168,304.7106129997701,4.575552000460448,315.82880099995236,True,False,CPUExecutionProvider
180792,6.285853000008501,305.9861080000701,4.367320998426294,316.6404949988646,True,False,CPUExecutionProvider
490936,8.059223999225651,298.12499699983164,4.904429999442073,311.08914199830906,True,False,CPUExecutionProvider
445846,6.518670999867027,308.0732080015878,4.697470998507924,319.2898409997724,True,False,CPUExecutionProvider
197870,4.115167999771074,290.4715050008235,4.387659000713029,298.9747230003559,True,False,CPUExecutionProvider
332901,4.291568999178708,298.28218299917353,4.503797999859671,307.07834199893114,True,False,CPUExecutionProvider
445675,7.619026999236667,335.2183739989414,4.4551660012075445,347.29288699963945,True,False,CPUExecutionProvider
287291,7.340685000599478,396.9569279997813,12.88080799895397,417.1791419994406,True,False,CPUExecutionProvider
525600,8.321837000039523,294.01303799932066,4.512354000326013,306.84752900015155,True,False,CPUExecutionProvider
504580,7.1801930007495685,338.082342999769,4.326074000346125,349.5896919994266,True,False,CPUExecutionProvider
347544,6.941345000086585,327.06434200008516,4.548380999040091,338.5552199997619,True,False,CPUExecutionProvider
255718,5.287338999551139,289.34694700001273,4.434616999787977,299.069132999648,True,False,CPUExecutionProvider
528524,6.66245100001106,303.68762600119226,4.340369998317328,314.69082799958414,True,False,CPUExecutionProvider
90208,4.7766389998287195,340.20342599978903,4.356089999419055,349.3367569990369,True,False,CPUExecutionProvider
240049,7.164073000240023,329.92536699930497,4.839757999434369,341.92957899904286,True,False,CPUExecutionProvider
537355,7.734324000921333,272.66809700086014,4.633601000023191,285.0367130013183,True,False,CPUExecutionProvider
434247,6.1549380006908905,364.0892410003289,4.691410000305041,374.93597000138834,True,False,CPUExecutionProvider
542776,6.351457999699051,388.4317240008386,4.872929999692133,399.657092999405,True,False,CPUExecutionProvider
117525,6.354232000376214,287.0955199996388,4.319079998822417,297.7697039987106,True,False,CPUExecutionProvider
268000,6.533056999614928,315.54273900110275,4.404971999974805,326.4819609994447,True,False,CPUExecutionProvider
6040,4.015270000309101,353.6356740005431,4.473820999919553,362.1252459997777,True,False,CPUExecutionProvider
49060,7.50299999890558,316.3833189992147,4.807497000001604,328.6947479991795,True,False,CPUExecutionProvider
159684,6.90357299936295,298.2962049991329,4.575402001137263,309.7757110008388,True,False,CPUExecutionProvider
500423,6.854821998786065,361.4855650012032,4.685909998443094,373.0270179985382,True,False,CPUExecutionProvider
463647,6.963466001252527,284.080620000168,4.415412000525976,295.4603300004237,True,False,CPUExecutionProvider
146825,3.613335000409279,277.0785509983398,4.524507001406164,285.2168340014032,True,False,CPUExecutionProvider
328683,4.541918999166228,322.1975790002034,5.023542998969788,331.76356199874135,True,False,CPUExecutionProvider
459396,4.579770000418648,318.056432000958,5.365195000194944,328.0017280012544,True,False,CPUExecutionProvider
119038,6.757340001058765,272.58964300017396,4.552939999484806,283.90072399997734,True,False,CPUExecutionProvider
494634,6.422631000532419,472.82631900088745,12.922064999656868,492.1713860003365,True,False,CPUExecutionProvider
378139,12.81787999869266,370.05961800059595,4.863332000240916,387.741210999593,True,False,CPUExecutionProvider
41635,4.504148000705754,296.66333999921335,4.388622000988107,305.55644100059,True,False,CPUExecutionProvider
396205,9.432963999643107,336.6133519994037,4.4820660004916135,350.52926400021533,True,False,CPUExecutionProvider
180487,7.80706100158568,290.1305240011425,4.55831900035264,302.49707600160036,True,False,CPUExecutionProvider
421757,7.248622001498006,319.3585900007747,5.723569000110729,332.33164200100873,True,False,CPUExecutionProvider
370478,6.893884999954025,270.70636799908243,5.571393001446268,283.1722280006943,True,False,CPUExecutionProvider
149568,7.623316001627245,369.2898449990025,4.611089001627988,381.52494100177137,True,False,CPUExecutionProvider
377368,7.895255999756046,507.9006570013007,4.561735999232042,520.3583509992313,True,False,CPUExecutionProvider
200961,6.587931000467506,277.5511230011034,4.614776000380516,288.7544010009151,True,False,CPUExecutionProvider
243075,7.950229999551084,314.906029998383,4.3650070001604035,327.22185799866566,True,False,CPUExecutionProvider
367195,6.960199998502503,338.4940159994585,4.470294999919133,349.9253329991916,True,False,CPUExecutionProvider
562561,6.864531000246643,346.34491900033026,4.555003999485052,357.7651049999986,True,False,CPUExecutionProvider
269113,5.7093710001936415,273.34458400036965,4.495882998526213,283.5500589990261,True,False,CPUExecutionProvider
259097,6.850584000858362,294.34399899946584,4.359496999313706,305.5549319997226,True,False,CPUExecutionProvider
64499,4.707099000370363,392.7822229998128,6.888144998811185,404.37782799926936,True,False,CPUExecutionProvider
201676,7.579743998576305,379.22595700001693,4.6136130004015286,391.41995499994664,True,False,CPUExecutionProvider
121242,5.248325998763903,329.5541999996203,4.699896000602166,339.5033439992403,True,False,CPUExecutionProvider
427655,6.033219999153516,370.43531999916013,4.700998000771506,381.1704199997621,True,False,CPUExecutionProvider
191614,4.962488999808556,295.09992000021157,4.5386929996311665,304.6013029997994,True,False,CPUExecutionProvider
304291,5.188813998756814,282.4885179998091,4.5665460002055624,292.2443489987927,True,False,CPUExecutionProvider
500478,10.623840000334894,347.24048399948515,5.1278500013722805,362.993106000431,True,False,CPUExecutionProvider
509014,3.470937999736634,324.71198799976264,5.195136000111233,333.37858300001244,True,False,CPUExecutionProvider
90891,6.092460998843308,405.1233520003734,4.566755998894223,415.7832099990628,True,False,CPUExecutionProvider
434297,4.574581000269973,307.7350090006803,4.560973999105045,316.8709450001188,True,False,CPUExecutionProvider
474854,5.9161090011912165,294.31042000032903,4.430278999279835,304.65735899997526,True,False,CPUExecutionProvider
501005,7.1012849984981585,298.47878700093133,4.398439999931725,309.9793839992344,True,False,CPUExecutionProvider
38118,6.638365999606322,274.8487529988779,4.427032999956282,285.91492399937124,True,False,CPUExecutionProvider
350388,4.58981900010258,263.8845940000465,4.274367000107304,272.7491709993046,True,False,CPUExecutionProvider
19221,6.583903999853646,256.60639699890453,4.329310000684927,267.52024199959124,True,False,CPUExecutionProvider
473406,6.620603000556002,251.74423700082116,5.244979000053718,263.610169000458,True,False,CPUExecutionProvider
161879,6.429334000131348,269.504166999468,4.4398579993867315,280.37392999976873,True,False,CPUExecutionProvider
65350,7.2764639990055,282.5965840002027,4.358484000476892,294.23252400010824,True,False,CPUExecutionProvider
148662,4.958540999723482,366.377045000263,5.134160999659798,376.47009799911757,True,False,CPUExecutionProvider
255912,5.099988000438316,317.2093329994823,4.598786001224653,326.90866800112417,True,False,CPUExecutionProvider
41990,7.100214001184213,347.50813100072264,4.40270799845166,359.0120349999779,True,False,CPUExecutionProvider
175535,8.090553001238732,306.2882949998311,4.507034000198473,318.88647400046466,True,False,CPUExecutionProvider
297427,4.849135999393184,282.5144309990719,4.460445999939111,291.82431399931374,True,False,CPUExecutionProvider
577864,7.3941760001616785,321.5043500003958,5.527389999770094,334.4266770000104,True,False,CPUExecutionProvider
287959,9.985451999455108,286.4041859993449,5.2866280002490385,301.6769169989857,True,False,CPUExecutionProvider
162732,4.407577000165475,273.16698799950245,4.437874000359443,282.0126389997313,True,False,CPUExecutionProvider
4765,11.446165000961628,427.71055399862234,7.712684000580339,446.8701850000798,True,False,CPUExecutionProvider
380711,6.9237520001479425,386.34430400088604,12.64731099945493,405.9157770007005,True,False,CPUExecutionProvider
7278,13.886618000469753,328.06146499933675,4.409170000144513,346.35806400001456,True,False,CPUExecutionProvider
516318,6.547525999849313,294.6471870000096,4.5211899996502325,305.7163440007571,True,False,CPUExecutionProvider
60102,4.757183000037912,285.7677230003901,4.49075300093682,295.0160300006246,True,False,CPUExecutionProvider
22935,7.268499000929296,319.50748300005216,4.393179999169661,331.1695829997916,True,False,CPUExecutionProvider
292908,7.391219998680754,282.7141079997091,4.514276999543654,294.62051699920266,True,False,CPUExecutionProvider
209530,6.562423001014395,324.1618539996125,6.552344999363413,337.27725300013844,True,False,CPUExecutionProvider
565597,5.73292599983688,279.223543999251,12.904433000585414,297.86190499908116,True,False,CPUExecutionProvider
57232,15.770825999425142,308.672305998698,4.842182999709621,329.2864479990385,True,False,CPUExecutionProvider
345385,5.725261999032227,395.62946400110377,4.322547998526716,405.67797499898006,True,False,CPUExecutionProvider
266892,4.98348899964185,340.3425910000806,13.36382599947683,358.69025600004534,True,False,CPUExecutionProvider
345252,13.811386001179926,328.0054229999223,4.564390999803436,346.38213200014434,True,False,CPUExecutionProvider
197022,5.154589000085252,279.07197099921177,4.4671989999187645,288.69447099896206,True,False,CPUExecutionProvider
360393,7.726750000074389,286.35454700088303,4.487075999350054,298.5693350001384,True,False,CPUExecutionProvider
515828,5.04645599903597,267.5329920002696,4.545625999526237,277.1253949995298,True,False,CPUExecutionProvider
429761,6.988864999584621,295.1229339996644,4.40352900113794,306.5162300008524,True,False,CPUExecutionProvider
569059,7.223345000966219,369.80414899881,4.544044000795111,381.57194800078287,True,False,CPUExecutionProvider
160666,11.27584499954537,369.63294700035476,13.715376999243745,394.6251809993555,True,False,CPUExecutionProvider
294783,13.959314001112944,324.31815099880623,4.610117999618524,342.88821399968583,True,False,CPUExecutionProvider
563267,4.36336399980064,499.59886299984646,4.613884999344009,508.57703299880086,True,False,CPUExecutionProvider
568584,6.881622999571846,308.75571700016735,4.469001998586464,320.1069529986853,True,False,CPUExecutionProvider
335658,6.199852999998257,264.21059499989497,4.412115000377526,274.8234249993402,True,False,CPUExecutionProvider
580410,6.459872000050382,452.5089939997997,11.37791700057278,470.3471630000422,True,False,CPUExecutionProvider
568710,6.312253999567474,305.21905600107857,4.676862999986042,316.2090650002938,True,False,CPUExecutionProvider
414676,4.85441599994374,351.14473099929455,4.345661000115797,360.3455299999041,True,False,CPUExecutionProvider
134322,7.334363001064048,296.954105999248,4.700196001067525,308.9895070006605,True,False,CPUExecutionProvider
85911,4.01362800039351,285.38247600044997,4.698021999502089,294.09447599937266,True,False,CPUExecutionProvider
425227,3.626711000833893,311.0183579992736,4.4445860003179405,319.0901060006581,True,False,CPUExecutionProvider
116068,7.028078000075766,390.28622699879634,4.710977000286221,402.02578299977176,True,False,CPUExecutionProvider
370270,7.651247999092448,341.5114330000506,4.741032998936134,353.90462599934835,True,False,CPUExecutionProvider
408774,6.315488999462104,445.9250529998826,15.88211600028444,468.1233199989947,True,False,CPUExecutionProvider
357816,14.616398999351077,332.118783999249,4.481807000047411,351.2179819990706,True,False,CPUExecutionProvider
462031,6.853028999103117,377.615594999952,4.418647999045788,388.8877629997296,True,False,CPUExecutionProvider
223738,8.045128000958357,374.6309090001887,5.3361409991339315,388.0125590003445,True,False,CPUExecutionProvider
457884,7.215240000732592,311.34125700009463,4.575381999529782,323.13214900023013,True,False,CPUExecutionProvider
563470,7.119550000425079,274.61088999916683,12.82910200097831,294.5599230006337,True,False,CPUExecutionProvider
506707,12.91210800081899,268.3954830008588,4.4987709989072755,285.80725400024676,True,False,CPUExecutionProvider
27620,6.693454000924248,330.2393789999769,4.7835969999141525,341.7171809996944,True,False,CPUExecutionProvider
51610,6.982302000324125,423.4693850012263,4.882212999291369,435.3346520001651,True,False,CPUExecutionProvider
182202,6.322758999885991,320.2172809997137,4.4868680015497375,331.0275889998593,True,False,CPUExecutionProvider
60449,7.398175999696832,330.06674500029476,4.640467999706743,342.10596999946574,True,False,CPUExecutionProvider
42889,4.553582999506034,343.79701599937107,4.572579000523547,352.9238200007967,True,False,CPUExecutionProvider
322968,7.515186000091489,297.171525999147,6.331714999760152,311.0192690000986,True,False,CPUExecutionProvider
546475,6.827170000178739,297.5351290006074,4.476768999666092,308.8398190011503,True,False,CPUExecutionProvider
302882,3.509195001242915,367.1495529997628,4.469495001103496,375.1288140010729,True,False,CPUExecutionProvider
363188,7.496180998714408,407.994825998685,14.062759000808,429.55465799968806,True,False,CPUExecutionProvider
498747,8.21603700023843,270.01317699978244,4.551308998998138,282.78120399954787,True,False,CPUExecutionProvider
228981,6.373032998453709,275.35059800175077,4.529006999291596,286.2532889994327,True,False,CPUExecutionProvider
316666,6.662359000983997,345.1055660007114,4.9534469999343855,356.72185300063575,True,False,CPUExecutionProvider
251824,7.443350999892573,257.72364800104697,4.5956229987496044,269.76354399994307,True,False,CPUExecutionProvider
175443,6.662940000751405,352.3568310010887,4.45506799951545,363.4757210002135,True,False,CPUExecutionProvider
64084,7.3878060011338675,319.2346970008657,4.700830999354366,331.3240150000638,True,False,CPUExecutionProvider
177489,7.278779999978724,327.16576399980113,4.792153000380495,339.23752900045656,True,False,CPUExecutionProvider
450202,5.82726399989042,325.97712200004025,5.595888998868759,337.4007759994129,True,False,CPUExecutionProvider
445834,4.704397999375942,270.62661800118804,5.491740999786998,280.82330799952615,True,False,CPUExecutionProvider
30213,5.147723000845872,325.1558219999424,4.7950190000847215,335.09899500131723,True,False,CPUExecutionProvider
452793,6.878555999719538,271.28990500023065,4.535629999736557,282.7046420006809,True,False,CPUExecutionProvider
481386,4.913972999929683,346.8015029993694,4.921425999782514,356.63734300032957,True,False,CPUExecutionProvider
565045,5.893680001463508,352.3393589985062,4.456220000065514,362.68989000018337,True,False,CPUExecutionProvider
350122,5.01583400000527,329.1560980014765,4.876642999079195,339.04886600066675,True,False,CPUExecutionProvider
491071,6.131236999863177,329.5433690000209,4.529767998974421,340.20476499972574,True,False,CPUExecutionProvider
241319,8.165281999026774,281.4009489993623,4.6165320000000065,294.1831539992563,True,False,CPUExecutionProvider
537812,4.706472000179929,372.05066999922565,4.662548999476712,381.4199609987554,True,False,CPUExecutionProvider
228942,6.123322000348708,421.66943899974285,4.665314001613297,432.4584860005416,True,False,CPUExecutionProvider
65485,6.328518998998334,270.72647499880986,4.437034000147833,281.492869999056,True,False,CPUExecutionProvider
482100,7.320267999602947,372.06218800019997,4.452642999240197,383.8354999988951,True,False,CPUExecutionProvider
408112,7.794032000674633,381.57373600006395,12.712421999822254,402.08093100045517,True,False,CPUExecutionProvider
84752,11.723628000254394,271.53901499877975,4.48709800002689,287.7502720002667,True,False,CPUExecutionProvider
281693,8.39197900131694,264.4753900003707,4.570274999423418,277.43851500054006,True,False,CPUExecutionProvider
21839,4.857486001128564,369.0308200002619,4.572367999571725,378.4609550002642,True,False,CPUExecutionProvider
155451,6.938538999747834,384.30946600055904,13.75535799888894,405.0042039998516,True,False,CPUExecutionProvider
32941,9.215519999997923,362.4352639999415,4.6766449995629955,376.32817099984095,True,False,CPUExecutionProvider
517069,6.92635599989444,290.60485799891467,4.576637000354822,302.10839199935435,True,False,CPUExecutionProvider
453841,6.04314099837211,386.68374799999583,12.87487800072995,405.6023079992883,True,False,CPUExecutionProvider
571943,17.40061800046533,271.05274299901794,4.5333340003708145,292.9875669997273,True,False,CPUExecutionProvider
478862,6.663049000053434,342.8477990000829,4.9744560001272475,354.485845000454,True,False,CPUExecutionProvider
320554,8.14267799978552,358.98171799999545,4.446680999535602,371.571978999782,True,False,CPUExecutionProvider
433243,4.825424999580719,336.3654389995645,4.599730000336422,345.7909950011526,True,False,CPUExecutionProvider
186637,9.415026999704423,365.3042429996276,4.352264000772266,379.07194400031585,True,False,CPUExecutionProvider
22755,7.86821000110649,335.1172120001138,4.567680000036489,347.5538740003685,True,False,CPUExecutionProvider
283037,6.5450459987914655,394.75020399913774,4.269918999852962,405.5660309986706,True,False,CPUExecutionProvider
562448,6.365467999785324,264.7320709984342,4.36184200043499,275.4597909988661,True,False,CPUExecutionProvider
244379,7.114690999515005,386.79427500028396,5.354602999432245,399.2638990002888,True,False,CPUExecutionProvider
545219,4.406656000355724,323.13814999906754,12.766193000061321,340.3114299999288,True,False,CPUExecutionProvider
322829,11.658896000881214,274.19490499960375,6.116599000961287,291.97115100032534,True,False,CPUExecutionProvider
344029,7.0005449997552205,319.1119279999839,4.6391839987336425,330.75221800027066,True,False,CPUExecutionProvider
542625,4.94577199970081,386.8188470005407,12.707902998954523,404.4729119996191,True,False,CPUExecutionProvider
359937,10.564903999693342,285.78163200108975,4.232687999319751,300.5799749989819,True,False,CPUExecutionProvider
566758,4.899053999906755,279.3522629999643,4.51319700005115,288.7648750001972,True,False,CPUExecutionProvider
369812,6.418758001018432,277.19757100021525,4.553632999886759,288.1702030008455,True,False,CPUExecutionProvider
565563,4.434177999428357,352.63965699959954,4.9711000010574935,362.0453860003181,True,False,CPUExecutionProvider
101022,5.03447999835771,376.55899099991075,4.106881000552676,385.70071299909614,True,False,CPUExecutionProvider
357060,6.390636001015082,284.39950400024827,4.383973000585684,295.174634000432,True,False,CPUExecutionProvider
335177,6.791039999370696,358.22979000113264,4.512886000156868,369.5346580007026,True,False,CPUExecutionProvider
471023,7.779243000186398,271.1042920000182,4.758498998853611,283.6426849989948,True,False,CPUExecutionProvider
556498,5.103598999994574,269.8755959991104,4.094076000910718,279.0736420010944,True,False,CPUExecutionProvider
25181,3.746651998881134,287.9931719999149,4.436803001226508,296.1770780002553,True,False,CPUExecutionProvider
308391,7.071488000292447,405.4116069983138,7.08113700056856,419.5648139993864,True,False,CPUExecutionProvider
76625,10.684389000743977,268.0616439993173,5.817495000883355,284.56372800064855,True,False,CPUExecutionProvider
57244,4.589990998283611,275.66786900024454,6.093174999477924,286.35167599895794,True,False,CPUExecutionProvider
82085,9.146981001322274,336.04290499897616,4.684580000684946,349.87496600115264,True,False,CPUExecutionProvider
116825,5.990380999719491,289.0140529998462,4.627832999176462,299.63311899882683,True,False,CPUExecutionProvider
110784,8.367541000552592,404.1333109998959,4.501925001022755,417.0031680005195,True,False,CPUExecutionProvider
393226,4.758269000376458,332.18156399925647,4.502636000324856,341.4429900003597,True,False,CPUExecutionProvider
430073,8.432843998889439,313.5097909998876,5.034428999351803,326.97793599982106,True,False,CPUExecutionProvider
258911,7.7762769997207215,302.56164300044475,4.433465999682085,314.7720679990016,True,False,CPUExecutionProvider
171611,4.587657000229228,300.78528500052926,4.427976000442868,309.80124800043995,True,False,CPUExecutionProvider
329447,7.851619000575738,293.4501790005015,4.517994999332586,305.820744999437,True,False,CPUExecutionProvider
223188,4.534146000878536,254.44573200002196,4.331833999458468,263.3119729998725,True,False,CPUExecutionProvider
203639,6.098415000451496,371.96578299881367,4.458724000869552,382.5233730003674,True,False,CPUExecutionProvider
161875,6.78908600093564,355.96356200039736,4.616131000148016,367.3694700009946,True,False,CPUExecutionProvider
18770,10.453122000399162,311.3657329995476,4.554715000267606,326.3739510002779,True,False,CPUExecutionProvider
397303,7.195300999228493,290.2665959991282,4.858337000769097,302.321025999845,True,False,CPUExecutionProvider
330790,4.639655000573839,306.7043459996057,4.526991999227903,315.8714239998517,True,False,CPUExecutionProvider
144932,6.266741998842917,411.84464099933393,12.700317000053474,430.81222099863226,True,False,CPUExecutionProvider
368961,11.954752000747249,356.18276900095225,4.2964079984813,372.43431999922905,True,False,CPUExecutionProvider
369037,7.328964000407723,279.16980600093666,4.45037799909187,290.95000899906154,True,False,CPUExecutionProvider
210388,7.175583999924129,254.0340590003325,4.345450000982964,265.5558240003302,True,False,CPUExecutionProvider
32861,7.222643000204698,314.4318539998494,4.3903450005018385,326.04544300011185,True,False,CPUExecutionProvider
203546,5.6343699998251395,280.90773899930355,4.422325000632554,290.965354999571,True,False,CPUExecutionProvider
222299,6.974746000196319,282.78509600022517,4.660394000893575,294.4209770012094,True,False,CPUExecutionProvider
414261,4.326604999732808,478.82279900113645,4.73188899923116,487.88152399902174,True,False,CPUExecutionProvider
521231,5.295340000884607,437.7935080010502,13.658523999765748,456.7477630007488,True,False,CPUExecutionProvider
547519,10.179124999922351,488.41939300109516,12.545675999717787,511.14493500062963,True,False,CPUExecutionProvider
355240,10.566355000264593,280.45626200037077,4.533244000413106,295.5566130003717,True,False,CPUExecutionProvider
504635,6.82039499952225,446.6863329998887,4.590852999172057,458.09830199868884,True,False,CPUExecutionProvider
239857,6.539084999531042,362.67584300003364,4.940270999213681,374.155809999138,True,False,CPUExecutionProvider
445439,8.979353999166051,362.2715800011065,4.384693998872535,375.6362089989125,True,False,CPUExecutionProvider
38825,5.829757999890717,406.92704200046137,12.699015000180225,425.4565659994114,True,False,CPUExecutionProvider
319184,14.202959000613191,347.6811389991781,4.571456000121543,366.45614500048396,True,False,CPUExecutionProvider
336265,7.010262999756378,269.9416889990971,4.421212999659474,281.37398599938024,True,False,CPUExecutionProvider
568213,7.241469000291545,424.0844149990153,12.731716000416782,444.05825099966023,True,False,CPUExecutionProvider
163951,9.688089001429034,289.8955450000358,4.458142000657972,304.042568001023,True,False,CPUExecutionProvider
217753,4.6391439991566585,273.9005880011973,4.690499999924214,283.23055200053204,True,False,CPUExecutionProvider
409424,5.118275999848265,279.18074799890746,5.615053001747583,289.91448800115904,True,False,CPUExecutionProvider
376307,6.700567999359919,391.2445869991643,4.591043001710204,402.53710000069987,True,False,CPUExecutionProvider
567740,5.120290999911958,269.7644300005777,4.586503999234992,279.47208600016893,True,False,CPUExecutionProvider
216516,4.8802479996084,337.3706469992612,4.541099000562099,346.7925950008066,True,False,CPUExecutionProvider
551660,4.44044899995788,332.76999600093404,4.62793199949374,341.8388279987994,True,False,CPUExecutionProvider
191580,5.295079999996233,303.92121299883,4.666243999963626,313.8828779992764,True,False,CPUExecutionProvider
576031,5.560960000366322,273.79555300103675,4.511041999649024,283.8683170011791,True,False,CPUExecutionProvider
404249,8.251582001321367,310.2197820007859,4.434156999195693,322.9063420003513,True,False,CPUExecutionProvider
572620,8.052807001149631,289.7193850003532,4.87444600003073,302.64750000060303,True,False,CPUExecutionProvider
561958,6.975195999984862,314.8160219989222,4.8753190003480995,326.6670379998686,True,False,CPUExecutionProvider
491130,7.306419998712954,303.05628899986914,4.507424999246723,314.870684998823,True,False,CPUExecutionProvider
534041,3.7426639992190758,273.0455470009474,4.535819000011543,281.32439100045303,True,False,CPUExecutionProvider
283268,5.926900999838836,278.15468400149257,4.522604000158026,288.60490000079153,True,False,CPUExecutionProvider
526197,11.55844399909256,324.4088890005514,4.852935999224428,340.82076999948185,True,False,CPUExecutionProvider
350679,4.526901999270194,294.94364600031986,4.951872999299667,304.4227909995243,True,False,CPUExecutionProvider
244181,6.847045000540675,299.76037200140127,4.498027999943588,311.1057650003204,True,False,CPUExecutionProvider
574520,4.713252999863471,301.5381619989057,4.48341000083019,310.7354160001705,True,False,CPUExecutionProvider
122672,4.627080999853206,284.53457500108925,4.3886309995286865,293.5511889991176,True,False,CPUExecutionProvider
199442,7.386330998997437,353.73152700049104,4.382199000247056,365.5010090005817,True,False,CPUExecutionProvider
391722,5.618409000817337,272.31152700005623,4.758527999001672,282.6887640003406,True,False,CPUExecutionProvider
190648,7.020701999863377,384.3120599995018,4.43563000044378,395.7687829988572,True,False,CPUExecutionProvider
210915,10.035432998847682,281.6339750006591,4.472708998946473,296.1430589984957,True,False,CPUExecutionProvider
356505,8.31795700105431,387.918674001412,4.410221999933128,400.6477140010247,True,False,CPUExecutionProvider
375469,5.853532000401174,273.1226929990953,4.5068130002619,283.4836189995258,True,False,CPUExecutionProvider
468245,7.469025998943835,312.04283199986094,4.54903399986506,324.0616939983738,True,False,CPUExecutionProvider
112298,6.136494999736897,262.40307800071605,4.602424000040628,273.1426080008532,True,False,CPUExecutionProvider
133244,4.074299000421888,408.99512299984053,11.865933000080986,424.93578500034346,True,False,CPUExecutionProvider
325347,6.992788999923505,279.4508050010336,4.611852000380168,291.0561870012316,True,False,CPUExecutionProvider
376093,7.566079000753234,400.690417000078,13.042009000855614,421.2992570010101,True,False,CPUExecutionProvider
195842,10.92313700064551,309.29451900010463,6.001661000482272,326.21956700131705,True,False,CPUExecutionProvider
454067,4.15763499950117,284.9015639985737,4.728051000711275,293.78797199933615,True,False,CPUExecutionProvider
305317,6.430139001167845,267.71124600054463,4.451459999472718,278.59334599997965,True,False,CPUExecutionProvider
94185,5.536865000976832,273.053794999214,4.568610000205808,283.1601819998468,True,False,CPUExecutionProvider
383339,7.011023999439203,293.460803999551,4.78058999942732,305.25309899894637,True,False,CPUExecutionProvider
253433,6.717180000123335,270.0050179992104,4.439987000296242,281.162655001026,True,False,CPUExecutionProvider
288430,5.837380998855224,269.58186000047135,4.549994999251794,279.96976699978404,True,False,CPUExecutionProvider
12639,5.542745999264298,272.510198999953,4.948916001012549,283.0022519992781,True,False,CPUExecutionProvider
510095,5.445433000204503,268.48142400012875,4.3974170002911706,278.3247349998419,True,False,CPUExecutionProvider
128748,4.15822700051649,270.33432600001106,4.599668000082602,279.09244100010255,True,False,CPUExecutionProvider
160864,6.371667999701458,267.2204770005919,4.9138300000777235,278.5068070006673,True,False,CPUExecutionProvider
5586,6.003014001180418,330.62845499989635,4.468631999770878,341.10072200019204,True,False,CPUExecutionProvider
12670,7.562120999864419,396.67907200055197,7.747190998998121,411.98908600017603,True,False,CPUExecutionProvider
508312,8.976516999609885,347.78846300105215,15.877152000030037,372.64248300016334,True,False,CPUExecutionProvider
537270,9.804707999137463,459.98380400124006,4.668157998821698,474.45741099909355,True,False,CPUExecutionProvider
14038,7.0712569995521335,281.285699998989,4.688635999627877,293.046503998994,True,False,CPUExecutionProvider
73326,4.310612999688601,260.0557200003095,4.83660499958205,269.2032790000667,True,False,CPUExecutionProvider
25386,4.536328999165562,293.78973199891334,4.6065210008237045,302.93320400051016,True,False,CPUExecutionProvider
106563,7.924995001303614,450.8596530013165,5.290801998853567,464.07649200045853,True,False,CPUExecutionProvider
156292,5.056770000010147,311.4559149998968,4.703044000052614,321.2162600011652,True,False,CPUExecutionProvider
249129,4.532941999059403,279.3519200004084,4.705206998551148,288.5906109986536,True,False,CPUExecutionProvider
338905,3.5196129992982605,354.09639200042875,4.901026000879938,362.51723100031086,True,False,CPUExecutionProvider
512929,7.331707000048482,280.07939099916257,4.612672999428469,292.0241009996971,True,False,CPUExecutionProvider
25986,12.14099100070598,328.75958000113314,4.709995999292005,345.61101799954486,True,False,CPUExecutionProvider
32334,7.230455999888363,332.67228299882845,4.631699001038214,344.53537999979744,True,False,CPUExecutionProvider
22371,6.080248998841853,276.2460150006518,4.5688699992751935,286.89561399914965,True,False,CPUExecutionProvider
530836,7.45011999970302,268.8259389997256,4.63567599945236,280.9123159986484,True,False,CPUExecutionProvider
437898,7.414984000206459,290.0155810002616,4.652817999158287,302.08412499996484,True,False,CPUExecutionProvider
295809,5.109518999233842,366.6325810008857,4.906455998934689,376.6490469988639,True,False,CPUExecutionProvider
424162,7.441604000632651,378.1556739995722,4.6910599994589575,390.28915999915625,True,False,CPUExecutionProvider
212453,13.650695998876472,447.5142430001142,4.623573999197106,465.7894239990128,True,False,CPUExecutionProvider
287714,7.198486000561388,408.28130500085535,7.0800829998916015,422.56054500103346,True,False,CPUExecutionProvider
242287,8.996885000669863,322.1332840003015,4.52638000024308,335.6575409998186,True,False,CPUExecutionProvider
363784,7.260663000124623,385.77868600077636,4.361458999483148,397.40205999987666,True,False,CPUExecutionProvider
259830,5.270682000627858,348.74179600046773,4.498226999203325,358.5110660005739,True,False,CPUExecutionProvider
262440,5.062120000729919,353.5141480006132,4.661815999497776,363.2385550008621,True,False,CPUExecutionProvider
492937,4.752687000291189,374.71080499926757,4.450287000508979,383.914279000237,True,False,CPUExecutionProvider
351362,6.871348999993643,315.45183600064775,4.515268999966793,326.83927600010065,True,False,CPUExecutionProvider
376284,6.207958998857066,300.73847899984685,4.6516860002157046,311.5994159998081,True,False,CPUExecutionProvider
267903,4.617562000930775,287.7506730001187,4.645854998670984,297.0144299997628,True,False,CPUExecutionProvider
484760,7.072278000123333,318.08190000083414,4.515850998359383,329.67046999874583,True,False,CPUExecutionProvider
3661,6.222586000149022,402.0798250003281,15.888091998931486,424.19099399921834,True,False,CPUExecutionProvider
210502,7.448977999956696,304.35071399915614,4.440929000338656,316.2416220002342,True,False,CPUExecutionProvider
376365,7.151927999075269,350.68920599951525,4.428484999152715,362.2705709985894,True,False,CPUExecutionProvider
570782,6.297256999459933,353.9909980008815,4.855279999901541,365.1443270009622,True,False,CPUExecutionProvider
572956,6.524104999698466,379.3109519992868,4.463061000933521,390.29860899972846,True,False,CPUExecutionProvider
466835,8.421439999438007,347.45698099868605,4.55467400024645,360.43390699887823,True,False,CPUExecutionProvider
293245,5.044717001510435,293.45875200124283,4.629664999811212,303.13359400133777,True,False,CPUExecutionProvider
571264,6.452820000049542,310.590155000682,4.464483999981894,321.50818000081927,True,False,CPUExecutionProvider
462756,5.806473000120604,295.77624699959415,4.598416000590078,306.1815060009394,True,False,CPUExecutionProvider
183500,6.259005000174511,283.7448640002549,4.450346999874455,294.45457700057887,True,False,CPUExecutionProvider
109900,5.299827000271762,281.78896799909126,4.796208000698243,291.8853539995325,True,False,CPUExecutionProvider
477441,4.876168999544461,301.1455030009529,4.378921999887098,310.40117500015185,True,False,CPUExecutionProvider
245102,6.243697000172688,273.35466099975747,4.459062998648733,284.0584019995731,True,False,CPUExecutionProvider
237984,6.69407500026864,344.3425269997533,4.6371380012715235,355.6743910012301,True,False,CPUExecutionProvider
137950,6.618072000492248,386.33310299883306,4.352302001279895,397.3038780004572,True,False,CPUExecutionProvider
290592,5.328250999809825,328.91476999975566,4.713833001005696,338.9573450003809,True,False,CPUExecutionProvider
307074,6.565092000528239,330.04274599989003,4.5935760008433135,341.202035000606,True,False,CPUExecutionProvider
110282,7.235283999762032,296.70786399947247,4.457369999727234,308.40114999955404,True,False,CPUExecutionProvider
395575,5.348358001356246,324.62415199915995,4.410863000885001,334.3839740009571,True,False,CPUExecutionProvider
211674,9.429118999833008,296.83366199969896,4.6787570008746115,310.9426499995607,True,False,CPUExecutionProvider
338191,6.348482998873806,294.9773410000489,5.644917000608984,306.9711019998067,True,False,CPUExecutionProvider
28993,5.25844000003417,293.5491700009152,5.567370999415289,304.37522099964553,True,False,CPUExecutionProvider
124798,7.305547000214574,336.5144749986939,4.7424170006706845,348.5630300001503,True,False,CPUExecutionProvider
443969,8.174574000804569,283.33467899938114,4.455936999875121,295.96560100071656,True,False,CPUExecutionProvider
428562,5.631983000057517,261.03735099968617,4.609184999935678,271.27904999906605,True,False,CPUExecutionProvider
502336,4.466777001653099,278.40139199906844,4.5682580002903705,287.43706900058896,True,False,CPUExecutionProvider
297681,7.272204000400961,284.3813899999077,4.243646000759327,295.8980720013642,True,False,CPUExecutionProvider
25593,8.104262000415474,300.0637109998934,4.442691999429371,312.6113260004786,True,False,CPUExecutionProvider
409268,7.989756000824855,286.0781359995599,4.466526999749476,298.53489000015543,True,False,CPUExecutionProvider
1268,7.071325999277178,283.20454000095197,4.740833999676397,295.01771200011717,True,False,CPUExecutionProvider
227399,5.03304400081106,318.57165499968687,4.888090999884298,328.49309099947277,True,False,CPUExecutionProvider
546659,7.379144999504206,268.7631249991682,4.497334000916453,280.6404359998851,True,False,CPUExecutionProvider
303863,8.219909999752417,312.59454199971515,4.8844140001165215,325.6994969997322,True,False,CPUExecutionProvider
571008,5.996390000291285,326.1212599991268,4.257853001035983,336.3759929998196,True,False,CPUExecutionProvider
186624,4.921163001199602,360.7490920003329,4.722730000139563,370.3933460001281,True,False,CPUExecutionProvider
572303,7.462481999027659,283.5915550003847,4.419557999426615,295.4745369988814,True,False,CPUExecutionProvider
283038,6.08877400009078,264.38190400040185,4.524054998910287,274.9951339992549,True,False,CPUExecutionProvider
230450,5.008396999983233,338.14914200047497,4.438082998603932,347.5958429989987,True,False,CPUExecutionProvider
568147,10.830499000803684,368.0846629995358,4.7486179992120015,383.6648319993401,True,False,CPUExecutionProvider
246454,7.372112000666675,294.8682109999936,5.442255000161822,307.6837600001454,True,False,CPUExecutionProvider
401446,5.568303000472952,380.0308909994783,4.408888000398292,390.0091439991229,True,False,CPUExecutionProvider
432468,6.514184999105055,272.3967950005317,4.432873000041582,283.34472499955154,True,False,CPUExecutionProvider
161609,7.602826000947971,247.68657899949176,4.873964999205782,260.1641019991803,True,False,CPUExecutionProvider
329319,7.085871999152005,284.10413399979006,4.463441000552848,295.65416799960076,True,False,CPUExecutionProvider
398810,4.377979999844683,264.31615500041516,4.412354999658419,273.106941000151,True,False,CPUExecutionProvider
174231,6.188982999447035,278.91631700003927,4.3801440006063785,289.4857850005792,True,False,CPUExecutionProvider
387148,5.781042998933117,325.3066220004257,4.7338200001831865,335.8220869995421,True,False,CPUExecutionProvider
364297,3.840135999780614,341.1815969993768,4.50941800045257,349.53151199988497,True,False,CPUExecutionProvider
209972,3.1763049992150627,292.7182629991876,4.456458000277053,300.35139699975844,True,False,CPUExecutionProvider
270883,7.416765998641495,299.3403500004206,4.426560999490903,311.1842179987434,True,False,CPUExecutionProvider
379533,7.392470999548095,296.2472210001579,4.558549999273964,308.19878299917036,True,False,CPUExecutionProvider
245915,6.164626000099815,272.0301270001073,4.895504998785327,283.0910100001347,True,False,CPUExecutionProvider
114884,7.375037999736378,312.8567269995983,5.040619000283186,325.27302499875077,True,False,CPUExecutionProvider
155571,4.942664001646335,325.9308630003943,4.339187000368838,335.21310500145773,True,False,CPUExecutionProvider
347456,4.108101000383613,290.0203640001564,4.395502999614109,298.52450999896973,True,False,CPUExecutionProvider
263860,4.142394998780219,281.622378000975,4.358522999609704,290.12365699963993,True,False,CPUExecutionProvider
346232,7.310756000151741,271.10978800010344,4.696641000919044,283.1176760009839,True,False,CPUExecutionProvider
85665,3.9153179986897158,281.9697120012279,4.363873000329477,290.2494840000145,True,False,CPUExecutionProvider
377239,11.543320999408024,343.90434799934155,4.724522999822511,360.1726429988048,True,False,CPUExecutionProvider
47819,7.045325999570196,300.64364799909526,4.506862000198453,312.1966170001542,True,False,CPUExecutionProvider
132622,4.809283000213327,288.2363179996901,4.272330999810947,297.318142000222,True,False,CPUExecutionProvider
222317,7.585893999930704,295.1266020008916,4.494548998991377,307.2074759984389,True,False,CPUExecutionProvider
338901,6.607209999856423,291.5099239999108,4.722579000372207,302.84073499933584,True,False,CPUExecutionProvider
298738,7.215585999801988,290.82252900116146,4.45744899843703,302.49631599872373,True,False,CPUExecutionProvider
273642,6.69159900098748,305.5406829989806,4.544503999568406,316.7776469999808,True,False,CPUExecutionProvider
170278,7.789768000293407,272.1364959998027,4.421912999532651,284.3488079997769,True,False,CPUExecutionProvider
20247,4.494428998441435,326.21875499899033,4.471906999242492,335.18576199821837,True,False,CPUExecutionProvider
325991,6.212645999767119,298.5026189999189,4.378339999675518,309.0941959999327,True,False,CPUExecutionProvider
102805,7.10810400050832,276.4137340000161,4.6318580007209675,288.15423700143583,True,False,CPUExecutionProvider
34452,4.858836000494193,278.9544300012494,4.582554998705746,288.39643199899,True,False,CPUExecutionProvider
356968,5.725938999603386,297.17351100043743,4.436309000084293,307.3360100006539,True,False,CPUExecutionProvider
15956,8.02204600040568,337.7624830009154,5.463203999170219,351.2484949987993,True,False,CPUExecutionProvider
98633,7.503429000280448,305.3195989996311,4.492214999118005,317.31612399926235,True,False,CPUExecutionProvider
196442,3.596276999815018,321.81904900062364,4.54617600007623,329.96214299964777,True,False,CPUExecutionProvider
378515,5.008979000194813,258.2135960001324,4.743067000163137,267.9662330010615,True,False,CPUExecutionProvider
535253,7.185218999438803,291.1160019993986,4.64413100053207,302.9458529999829,True,False,CPUExecutionProvider
84031,6.63056399935158,322.8277070011245,4.674146999605,334.1329289996793,True,False,CPUExecutionProvider
190853,4.334217999712564,302.6297070009605,4.454403999261558,311.4185689992155,True,False,CPUExecutionProvider
410934,6.184393001603894,266.7704860014055,4.3994400002702605,277.3549500016088,True,False,CPUExecutionProvider
236308,6.245568998565432,286.08320700004697,4.533291999905487,296.86281899921596,True,False,CPUExecutionProvider
362520,4.515589000220643,312.58034500024223,4.538301000138745,321.6344449992903,True,False,CPUExecutionProvider
463527,6.7138109989173245,335.8272969999234,4.550343999653705,347.0918429993617,True,False,CPUExecutionProvider
295138,3.9383709990943316,285.63462800048,4.4838590001745615,294.05781000059505,True,False,CPUExecutionProvider
438907,7.106270999429398,304.370663001464,4.467247999855317,315.9445319997758,True,False,CPUExecutionProvider
245320,7.199195000794134,265.2741519996198,4.526749999058666,277.00031799940916,True,False,CPUExecutionProvider
416885,3.885331001583836,282.6831750007841,4.561695999655058,291.13061200041557,True,False,CPUExecutionProvider
187585,7.477188999473583,337.5304519995552,4.466086000320502,349.47411800021655,True,False,CPUExecutionProvider
34417,5.512346999239526,291.9147389984573,4.981326001143316,302.40894300004584,True,False,CPUExecutionProvider
553221,7.018423999397783,316.33734699971683,4.597101999024744,327.9533339991758,True,False,CPUExecutionProvider
344795,7.487347998903715,292.7349930014316,5.464866999318474,305.68818999927316,True,False,CPUExecutionProvider
300276,4.563569000310963,393.4071959993162,8.068663000813103,406.0403100011172,True,False,CPUExecutionProvider
189451,4.333725999458693,297.6752790000319,4.55982199855498,306.569287999082,True,False,CPUExecutionProvider
25228,7.092955000189249,281.61399599957804,4.459583000425482,293.16764599934686,True,False,CPUExecutionProvider
193674,7.728743001280236,279.0348759990593,4.5065820013405755,291.2708920011937,True,False,CPUExecutionProvider
27972,6.995220999669982,303.87473799964937,4.5685280001634965,315.4390079998848,True,False,CPUExecutionProvider
265777,7.1248450003622565,309.8999209996691,4.5943969998916145,321.6195040004095,True,False,CPUExecutionProvider
441491,7.134614001188311,344.40111000003526,4.440126000190503,355.9765410009277,True,False,CPUExecutionProvider
372349,7.431573001667857,286.49045000020124,4.562666999845533,298.48534100165125,True,False,CPUExecutionProvider
455937,7.786281001244788,351.2502930007031,4.736965998745291,363.77411099965684,True,False,CPUExecutionProvider
182162,4.4258090001676464,289.68316499958746,4.707490001237602,298.8170860007813,True,False,CPUExecutionProvider
471893,11.670739999317448,312.2276719986985,4.860529001234681,328.7598330007313,True,False,CPUExecutionProvider
543581,6.336549000479863,289.7973079998337,4.658677999032079,300.79293599919765,True,False,CPUExecutionProvider
115870,4.226893999657477,273.47309899960237,4.594306999933906,282.29466099946876,True,False,CPUExecutionProvider
189475,6.985251999140019,259.77154100110056,5.034726998928818,271.79240099940216,True,False,CPUExecutionProvider
520871,6.235588998606545,304.3294680010149,4.684006000388763,315.24978400011605,True,False,CPUExecutionProvider
166478,6.141882999145309,374.22112899912463,4.5806510006514145,384.944634999556,True,False,CPUExecutionProvider
136600,7.738440999673912,414.49517299952277,6.586499999684747,428.8210260001506,True,False,CPUExecutionProvider
195918,7.425391000651871,326.1854360007419,4.493456999625778,338.1051260003005,True,False,CPUExecutionProvider
428280,7.484040999770514,259.26263899964397,4.486031999476836,271.2334039988491,True,False,CPUExecutionProvider
248631,6.6956959999515675,299.97157200159563,4.416000998389791,311.08396999843535,True,False,CPUExecutionProvider
355610,6.457657000282779,270.9195509996789,4.549403000055463,281.9271820007998,True,False,CPUExecutionProvider
280918,5.572128999119741,299.08493099901534,4.631626999980654,309.2896889993426,True,False,CPUExecutionProvider
581317,7.18611000047531,314.89372800024285,4.516819999480504,326.5972890003468,True,False,CPUExecutionProvider
512330,6.481282000095234,293.5358630002156,4.732135999802267,304.75031300011324,True,False,CPUExecutionProvider
243344,7.257996001499123,294.8396589999902,4.490431001613615,306.5886070016859,True,False,CPUExecutionProvider
120572,4.635454000890604,286.7857239998557,4.449284000656917,295.87082200123405,True,False,CPUExecutionProvider
284764,6.69521499912662,381.3667809990875,4.761732001497876,392.82461000038893,True,False,CPUExecutionProvider
157767,4.432641000676085,265.4542489999585,4.8076789989863755,274.6949100001075,True,False,CPUExecutionProvider
268378,7.502477001253283,336.35931800017715,5.354278000595514,349.21680400111654,True,False,CPUExecutionProvider
156278,4.168985000433167,306.26074399879144,5.010501001379453,315.44052100070985,True,False,CPUExecutionProvider
170099,7.0508949993381975,285.5380780001724,4.448222000064561,297.0377359997656,True,False,CPUExecutionProvider
529568,4.8810770003910875,311.53765599992767,13.463027000398142,329.8821209991729,True,False,CPUExecutionProvider
575970,18.23152100041625,257.9318109983433,4.951009001160855,281.1153729999205,True,False,CPUExecutionProvider
241602,7.749271999273333,306.849169999623,4.567927000607597,319.1668489998847,True,False,CPUExecutionProvider
570834,4.684987001382979,318.5402079998312,4.606720000083442,327.83290699990175,True,False,CPUExecutionProvider
292997,6.860596999104018,270.5532099989796,4.767503000039142,282.1816109990323,True,False,CPUExecutionProvider
240940,6.642405000093277,277.16662000057113,4.541075999441091,288.3506929993018,True,False,CPUExecutionProvider
474095,6.28542300000845,324.46323600015603,4.448862999197445,335.19794199855824,True,False,CPUExecutionProvider
32817,4.5414159994834336,287.3983990011766,4.533000999799697,296.4733270000579,True,False,CPUExecutionProvider
203389,4.631787000107579,258.1362919991079,4.557256999760284,267.32572599939886,True,False,CPUExecutionProvider
204186,5.636860998492921,293.68423000050825,4.869155000051251,304.19049599913706,True,False,CPUExecutionProvider
222118,6.127806000222336,262.10162399911496,4.465522999453242,272.6958739986003,True,False,CPUExecutionProvider
509260,6.732474999807891,279.8779749991809,4.578927000693511,291.1900290000631,True,False,CPUExecutionProvider
239041,6.439573000534438,355.50897599932796,4.560011000648956,366.50918099985574,True,False,CPUExecutionProvider
90631,6.984009000007063,279.741117001322,4.449723999641719,291.1753910011612,True,False,CPUExecutionProvider
187745,6.385512000633753,314.27191700095136,4.322494000007282,324.9807640004292,True,False,CPUExecutionProvider
235252,6.97154500085162,301.1440099999163,4.489670000111801,312.60556599954725,True,False,CPUExecutionProvider
452891,7.149009999920963,318.9260340004694,4.5771650002279785,330.652740000005,True,False,CPUExecutionProvider
387387,7.588136999402195,431.229820000226,4.545424000752973,443.3640120005293,True,False,CPUExecutionProvider
253002,7.324270000026445,281.06891400057066,4.309298999942257,292.7030040009413,True,False,CPUExecutionProvider
198928,5.36266400013119,329.07072600028187,4.61965400063491,339.05395600049815,True,False,CPUExecutionProvider
364322,7.9165560000546975,283.44189299969,4.504877999352175,295.8637979991181,True,False,CPUExecutionProvider
343496,5.138592001458164,320.3115500000422,5.583318999924813,331.03417300117144,True,False,CPUExecutionProvider
147338,4.724242000520462,250.7348790004471,4.59005800075829,260.0495790011337,True,False,CPUExecutionProvider
117374,7.666464000067208,280.82596300009754,4.531157999736024,293.02409599949897,True,False,CPUExecutionProvider
82846,5.041598999014241,282.1173649990669,4.531287000645534,291.69060200001695,True,False,CPUExecutionProvider
276720,7.267943001352251,307.4338850001368,4.552005999357789,319.25430500086804,True,False,CPUExecutionProvider
46497,6.016805999024655,340.15749899845105,4.494759001318016,350.6694850002532,True,False,CPUExecutionProvider
333697,8.725570000024163,294.43777599954046,4.186508000202593,307.3508560009941,True,False,CPUExecutionProvider
11615,7.457560999682755,308.48276799952146,4.162432000157423,320.1032719989598,True,False,CPUExecutionProvider
275727,7.748769001409528,284.66950099937094,5.341043000953505,297.76002500148024,True,False,CPUExecutionProvider
241297,10.97794399902341,264.6392599999672,4.3971150007564574,280.015309999726,True,False,CPUExecutionProvider
323751,5.117833001349936,268.54370499859215,4.449664000276243,278.1115329999011,True,False,CPUExecutionProvider
14380,4.5623860005434835,281.8990390005638,4.345767998529482,290.8074429997214,True,False,CPUExecutionProvider
368038,3.9716239989502355,317.06280000071274,4.526407999946969,325.5614230001811,True,False,CPUExecutionProvider
477623,4.936520999763161,313.579966999896,4.399419000037597,322.9164579988719,True,False,CPUExecutionProvider
458702,10.809605999384075,292.2479349999776,4.416400999616599,307.47492400041665,True,False,CPUExecutionProvider
114907,4.512662999331951,334.1481080005906,5.069951999757905,343.7311439993209,True,False,CPUExecutionProvider
133778,8.675555000081658,291.7013420010335,5.3921899998385925,305.7699889996002,True,False,CPUExecutionProvider
311392,4.2846329997701105,298.9979300000414,4.5109700004104525,307.7937830003066,True,False,CPUExecutionProvider
520531,11.373047998858965,337.8035030000319,4.611719001331949,353.78883100020175,True,False,CPUExecutionProvider
78420,6.549889998495928,279.3453109989059,4.467678001674358,290.3634100002819,True,False,CPUExecutionProvider
224093,6.074775999877602,274.40318899971317,4.5285319993126905,285.0071479988401,True,False,CPUExecutionProvider
97230,7.640325000465964,275.983516999986,4.439664000528865,288.0643180014886,True,False,CPUExecutionProvider
330369,6.340025000099558,287.65703799945186,5.7128040007228265,299.7107789997244,True,False,CPUExecutionProvider
271116,4.270785999324289,323.7743560002855,4.975324000042747,333.0211379998218,True,False,CPUExecutionProvider
440171,6.772349001039402,304.478461999679,4.438231000676751,315.68960300137405,True,False,CPUExecutionProvider
166768,7.353314000283717,309.55421299950103,4.488525999477133,321.39651400029834,True,False,CPUExecutionProvider
514979,8.014971001102822,326.23198500004946,4.305350999857183,338.5531780004385,True,False,CPUExecutionProvider
413689,4.57801500124333,295.7362279994413,4.793551999682677,305.10828600017703,True,False,CPUExecutionProvider
53624,4.725853999843821,316.0777909997705,4.525516000285279,325.3296319999208,True,False,CPUExecutionProvider
313588,4.972868999175262,306.5528949991858,4.606188000252587,316.1327439993329,True,False,CPUExecutionProvider
310980,6.687880000754376,325.1379799985443,4.344325001511606,336.1709670007258,True,False,CPUExecutionProvider
200252,5.833440000060364,270.4399349986488,4.518873000051826,280.7927189987822,True,False,CPUExecutionProvider
235241,6.738034999216325,272.4123999996664,4.953412000759272,284.1044580000016,True,False,CPUExecutionProvider
9378,6.122064000010141,324.52996199936024,4.527240000243182,335.17972700065,True,False,CPUExecutionProvider
357459,4.684755998823675,327.29646299958404,4.652044999602367,336.6335249993426,True,False,CPUExecutionProvider
533493,5.580114000622416,324.2123219988571,4.550282001218875,334.3431180001062,True,False,CPUExecutionProvider
227482,9.32565000039176,352.60955299963825,4.380654001579387,366.31659800150373,True,False,CPUExecutionProvider
214753,5.22568500127818,396.95678300086,12.030285999571788,414.21363600056793,True,False,CPUExecutionProvider
226883,7.242564999614842,341.8687740013411,4.511950999585679,353.6238209999283,True,False,CPUExecutionProvider
118209,7.451419000062742,383.33926600171253,11.458768998636515,402.2497139994812,True,False,CPUExecutionProvider
529105,15.239401000144426,305.46587699973315,4.543060000287369,325.2494400003343,True,False,CPUExecutionProvider
377486,6.375552000463358,345.6298879991664,4.391283000586554,356.39751400049136,True,False,CPUExecutionProvider
308545,5.109687001095153,306.40339300043706,4.565872999592102,316.0800650002784,True,False,CPUExecutionProvider
454798,4.523743000390823,490.19739299910725,4.483687000174541,499.2051839999476,True,False,CPUExecutionProvider
6614,6.2137559998518554,359.22971699983464,4.675879999922472,370.1197239988687,True,False,CPUExecutionProvider
290081,8.356774000276346,406.5033900005801,4.499766999288113,419.360792999214,True,False,CPUExecutionProvider
496954,7.5128940006834455,395.87946299980104,15.739603999463725,419.1322909991868,True,False,CPUExecutionProvider
99053,17.125655000199913,325.2582810000604,4.486703001020942,346.87140099958924,True,False,CPUExecutionProvider
3255,6.430555000406457,318.79463200129976,4.422911999427015,329.6490709999489,True,False,CPUExecutionProvider
549167,6.746529999873019,314.1137630009325,4.482604999793693,325.34363999911875,True,False,CPUExecutionProvider
132116,7.205936000900692,509.8397300007491,12.551986999824294,529.5981540002686,True,False,CPUExecutionProvider
335427,10.931785000138916,449.8372739999468,7.8906260005169315,468.66080700056045,True,False,CPUExecutionProvider
31093,7.074398001350346,411.8060210003023,15.765201000249363,434.64648200097145,True,False,CPUExecutionProvider
30785,14.982295999288908,272.67870499963465,4.6342210007424,292.2961740005121,True,False,CPUExecutionProvider
74860,7.131595999453566,327.0955759999197,4.4831359991803765,338.7111889987864,True,False,CPUExecutionProvider
527695,4.851370000324096,261.7671669995616,4.5791270003974205,271.1982849996275,True,False,CPUExecutionProvider
361506,6.555230000230949,364.5858540003246,4.3508269991434645,375.4929930000799,True,False,CPUExecutionProvider
365521,6.473044999438571,449.36095900084183,12.96043699949223,468.79514200009,True,False,CPUExecutionProvider
288862,15.4628620002768,302.10287499903643,4.602410999723361,322.16931999937515,True,False,CPUExecutionProvider
18519,7.629464000274311,419.1667300001427,4.920519999359385,431.7172449991631,True,False,CPUExecutionProvider
560178,6.810932000007597,364.7736740003893,4.368690999399405,375.9543489995849,True,False,CPUExecutionProvider
119911,5.341783000403666,395.28579600118974,4.534472998784622,405.1628239994898,True,False,CPUExecutionProvider
350405,7.555012998636812,313.79152400040766,4.563227001199266,325.91079600024386,True,False,CPUExecutionProvider
425906,7.4692520011012675,357.9315509996377,4.454673000509501,369.856327000889,True,False,CPUExecutionProvider
157601,7.138799001040752,267.64821899996605,4.6295720003399765,279.4174410009873,True,False,CPUExecutionProvider
138241,4.3152700000064215,401.24622300027113,4.922723999698064,410.4846070003987,True,False,CPUExecutionProvider
383337,8.409432999542332,310.800866000136,4.618732000380987,323.82981199953065,True,False,CPUExecutionProvider
449603,7.131316000595689,282.6877709994733,4.509305001192843,294.3291930005216,True,False,CPUExecutionProvider
275058,7.552559000032488,428.51573299958545,12.668286999542033,448.73756100059836,True,False,CPUExecutionProvider
359677,9.066910999536049,355.3982619996532,4.416970999955083,368.8826050001808,True,False,CPUExecutionProvider
512985,4.242531998897903,391.38955599992187,5.097634000776452,400.7300329994905,True,False,CPUExecutionProvider
170613,10.713604000557098,267.72872599940456,4.513133000727976,282.9557940003724,True,False,CPUExecutionProvider
239717,7.671371999094845,260.17883100030303,4.604203999406309,272.455528998762,True,False,CPUExecutionProvider
326174,7.7371169991238276,370.233826999538,4.723219000879908,382.69492399922456,True,False,CPUExecutionProvider
432085,9.515697000097134,305.8126119994995,4.596009001033963,319.9252989998058,True,False,CPUExecutionProvider
48396,4.258593000486144,378.8259819993982,4.4414580006559845,387.52625300003274,True,False,CPUExecutionProvider
82765,6.921809999766992,432.55002399928344,4.236751999997068,443.7090969986457,True,False,CPUExecutionProvider
471756,7.205735000752611,283.13741099918843,4.584667000017362,294.9287749997893,True,False,CPUExecutionProvider
220584,4.458399000213831,424.89051099983044,10.746264999397681,440.09546499910357,True,False,CPUExecutionProvider
79031,13.601595001091482,298.71553699922515,4.572433999783243,316.8902870002057,True,False,CPUExecutionProvider
513524,9.358211000289884,386.65520699942135,12.697030000708764,408.71155000058934,True,False,CPUExecutionProvider
274460,10.234942001261516,313.01522399917303,5.02525699994294,328.2759140001872,True,False,CPUExecutionProvider
274066,7.182281000496005,349.5768729990232,4.54630500098574,361.3064500004839,True,False,CPUExecutionProvider
278973,7.530626999141532,340.28296200085606,4.464900999664678,352.2793920001277,True,False,CPUExecutionProvider
320696,7.044560999929672,336.38802399946144,5.1685369999177055,348.60229500009154,True,False,CPUExecutionProvider
485071,11.427077000917052,261.3863879996643,5.354586999601452,278.1690840001829,True,False,CPUExecutionProvider
71451,6.369448999976157,362.8529189991241,4.433723001056933,373.65687300007266,True,False,CPUExecutionProvider
342186,7.389750999209355,293.10640299991064,4.264444000000367,304.7613189992262,True,False,CPUExecutionProvider
202445,4.46550299966475,279.8655290007446,4.444271999091143,288.77554399878136,True,False,CPUExecutionProvider
133418,6.891562999953749,311.57821100168803,4.3711139987863135,322.84145899939176,True,False,CPUExecutionProvider
522156,4.392835000544437,385.9172070006025,4.27852999928291,394.5890129998588,True,False,CPUExecutionProvider
274411,6.725691000610823,456.2307289997989,12.546757001473452,475.50417900129105,True,False,CPUExecutionProvider
394559,13.820947000567685,260.90722900153196,4.320108999309014,279.04903600028774,True,False,CPUExecutionProvider
64523,6.8040980004298035,328.54792600119254,4.859083999690483,340.2117090008687,True,False,CPUExecutionProvider
62692,8.954318998803501,284.96042199913063,4.408275000969297,298.32378799983417,True,False,CPUExecutionProvider
359219,7.504667999455705,363.30337899926235,4.534804000286385,375.34341199898336,True,False,CPUExecutionProvider
512657,6.846719001259771,268.64559599925997,4.6045439994486514,280.09726900017995,True,False,CPUExecutionProvider
556193,5.779688000984606,376.06068200148,4.8055030001705745,386.64637400142965,True,False,CPUExecutionProvider
156924,6.484876999820699,387.1990019997611,4.4633090001298115,398.1476789995213,True,False,CPUExecutionProvider
164883,6.58093800120696,337.11349800069,4.403715998705593,348.09886299990467,True,False,CPUExecutionProvider
470173,7.420068999635987,316.37930699980643,4.680346999521134,328.48052400004235,True,False,CPUExecutionProvider
302107,7.650112000192166,304.68138799915323,4.422631000124966,316.75475200063374,True,False,CPUExecutionProvider
133969,4.457917999388883,324.74736899894197,4.776969000886311,333.9826970004651,True,False,CPUExecutionProvider
246308,6.941006000488414,301.6110230000777,4.7195210008794675,313.27223100015544,True,False,CPUExecutionProvider
138856,5.417165000835666,339.24458699948445,4.821862999961013,349.4838959995832,True,False,CPUExecutionProvider
207306,11.697967000145582,383.25897399954556,12.674638001044514,407.63262099972053,True,False,CPUExecutionProvider
565877,10.50747499903082,295.4209899999114,4.5253050011524465,310.4546209997352,True,False,CPUExecutionProvider
161642,11.281813000096008,374.14317799994024,4.51298199914163,389.9386239991145,True,False,CPUExecutionProvider
117197,5.111409000164713,410.5872529999033,4.347390000475571,420.04645300039556,True,False,CPUExecutionProvider
247806,5.957172999842442,379.96583499989356,9.574716999850352,395.49825599897304,True,False,CPUExecutionProvider
245173,12.405859999489621,290.72475800057873,12.725573000352597,315.85659200027294,True,False,CPUExecutionProvider
304396,9.226591999322409,294.34727300031227,4.457576998902368,308.0326139988756,True,False,CPUExecutionProvider
567886,6.884079000883503,327.925495999807,4.6287500008475035,339.4387860007555,True,False,CPUExecutionProvider
85089,6.8677380004373845,310.5059310000797,4.547387001366587,321.9217170008051,True,False,CPUExecutionProvider
233370,8.268567000413896,286.3564170002064,4.500737999478588,299.1261429997394,True,False,CPUExecutionProvider
554002,7.195263999165036,356.8852500011417,4.885704000116675,368.9671400006773,True,False,CPUExecutionProvider
465129,7.690668000577716,332.5226040014968,4.654267999285366,344.868251000662,True,False,CPUExecutionProvider
45229,6.785904000935261,311.4848629993503,5.764008001278853,324.03544600128953,True,False,CPUExecutionProvider
438774,7.952730999022606,361.13058400042064,4.954983998686657,374.0389109989337,True,False,CPUExecutionProvider
523100,4.438661999301985,301.75584300013725,4.642435000278056,310.83725999997114,True,False,CPUExecutionProvider
224051,6.749816000592546,282.9316219995235,4.411981000885135,294.0942500008532,True,False,CPUExecutionProvider
61108,6.673281999610481,382.9159110009641,4.492432999541052,394.0821969990793,True,False,CPUExecutionProvider
505169,4.859884998950292,354.22904000006383,4.770706998897367,363.86087399841927,True,False,CPUExecutionProvider
431140,7.537498999226955,482.28517200004717,12.86913300100423,502.692415000638,True,False,CPUExecutionProvider
536343,3.6291570013418095,459.5391809998546,4.5922610006527975,467.76098900045326,True,False,CPUExecutionProvider
147518,7.607290001033107,332.52796699889586,5.104114999994636,345.240313999966,True,False,CPUExecutionProvider
58539,4.226301000016974,340.2594790004514,4.720973000075901,349.2074049991061,True,False,CPUExecutionProvider
418696,5.529517000468331,395.34549900054117,4.486932000872912,405.3624390016921,True,False,CPUExecutionProvider
181542,8.778786999755539,316.3209819995245,5.040366000685026,330.1411169995845,True,False,CPUExecutionProvider
146667,8.183005000319099,396.87132200015185,5.083125999590266,410.1383850011189,True,False,CPUExecutionProvider
3156,6.536863998917397,328.7938480007142,5.547901000682032,340.8794240003772,True,False,CPUExecutionProvider
297147,8.30436300020665,349.864929999967,4.591169001287199,362.760973001059,True,False,CPUExecutionProvider
455716,7.882308998887311,340.1633320008841,4.588874999171821,352.63489699900674,True,False,CPUExecutionProvider
44590,6.789750999814714,448.445621999781,13.405773999693338,468.64185799859115,True,False,CPUExecutionProvider
129756,9.771868000825634,502.6252010011376,13.206006999098463,525.6038080005965,True,False,CPUExecutionProvider
163746,11.567239998839796,312.46577400088427,4.708741000285954,328.74258700030623,True,False,CPUExecutionProvider
335529,7.9634009998699185,333.394026998576,4.59831199987093,345.9564209988457,True,False,CPUExecutionProvider
543043,7.995511999979499,415.5825800007733,6.036139999196166,429.61550399923,True,False,CPUExecutionProvider
459757,8.616752000307315,326.3533629997255,4.505206999965594,339.4762339994486,True,False,CPUExecutionProvider
94751,6.480366999312537,299.68079600075725,4.567414000121062,310.7294590008678,True,False,CPUExecutionProvider
284725,5.099605999930645,322.2684759984986,4.906563000986353,332.27503600028285,True,False,CPUExecutionProvider
266082,6.291661999057396,441.39979999999923,12.689954999586917,460.3824989990244,True,False,CPUExecutionProvider
105912,11.19402699987404,293.03356200034614,4.840108000280452,309.0681270005007,True,False,CPUExecutionProvider
568290,4.92791299984674,351.748076000149,4.6113859989418415,361.28796599950874,True,False,CPUExecutionProvider
460379,5.008444999475614,338.1224069999007,4.620063000402297,347.7512959998421,True,False,CPUExecutionProvider
484404,6.902222001372138,359.45034100041084,4.490039000302204,370.8430130009219,True,False,CPUExecutionProvider
233727,4.360163999081124,516.6870660013956,12.964851999640814,534.0123719997791,True,False,CPUExecutionProvider
419201,11.894506000317051,322.5584550000349,4.885702999672503,339.33920500021486,True,False,CPUExecutionProvider
366178,6.193687000632053,548.7460019994614,5.522823999854154,560.463936000815,True,False,CPUExecutionProvider
264335,6.273298000451177,401.5002779997303,4.809879999811528,412.5840069991682,True,False,CPUExecutionProvider
384513,5.19889399947715,367.74701500144147,15.826793998712674,388.7735439984681,True,False,CPUExecutionProvider
176037,7.615986000018893,283.297265001238,4.609513000104926,295.5237260011927,True,False,CPUExecutionProvider
167902,3.8678959990647854,495.3707509994274,12.40165099989099,511.6409490001388,True,False,CPUExecutionProvider
126107,15.16908400117245,493.4083530006319,4.71553299939842,513.2933810000395,True,False,CPUExecutionProvider
250205,5.5850709995866055,365.55089300054533,12.682439999480266,383.81886500064866,True,False,CPUExecutionProvider
259382,16.055644000516622,326.71927599949413,4.589255000610137,347.36530700138246,True,False,CPUExecutionProvider
578236,9.632253999370732,335.1744819992746,4.683893001129036,349.491601000409,True,False,CPUExecutionProvider
311190,6.761385999197955,394.4367229996715,4.470100000617094,405.6690109991905,True,False,CPUExecutionProvider
477118,16.837507000673213,305.9114279985806,4.205250999802956,326.9548169992049,True,False,CPUExecutionProvider
558421,7.640783000169904,340.9548870004073,4.4683979995170375,353.0646090002847,True,False,CPUExecutionProvider
172856,7.42103899938229,379.6116239991534,4.338662000009208,391.3719369993487,True,False,CPUExecutionProvider
524742,6.300848999671871,403.8243129998591,4.252259999702801,414.37797300022794,True,False,CPUExecutionProvider
530466,7.05951799864124,310.4995459998463,4.3127939989062725,321.872729999086,True,False,CPUExecutionProvider
84650,7.684815998800332,433.1046459992649,12.869943000623607,453.6600659994292,True,False,CPUExecutionProvider
526706,15.818116999071208,491.82567699972424,9.425194000868942,517.0694179996644,True,False,CPUExecutionProvider
19924,13.74686499912059,311.36601499929384,4.501850000451668,329.6154010004102,True,False,CPUExecutionProvider
365098,4.110714000489679,364.15149700042093,11.768247000873089,380.03130900142423,True,False,CPUExecutionProvider
528980,16.80707899868139,277.0412369991391,5.242575000011129,299.09202299859317,True,False,CPUExecutionProvider
16598,5.027250001148786,372.4723079994874,6.695291000141879,384.1956100004609,True,False,CPUExecutionProvider
67315,6.748882999090711,365.2083639990451,4.4346739996399265,376.392271999066,True,False,CPUExecutionProvider
416256,6.857466998553718,302.2991820016614,4.460561998712365,313.6177019987372,True,False,CPUExecutionProvider
179392,6.931978001375683,314.8266900007002,4.490708999583148,326.2501280005381,True,False,CPUExecutionProvider
257566,11.401857000237214,296.57351700006984,4.800632999831578,312.777068998912,True,False,CPUExecutionProvider
127660,7.613161000335822,308.3131190014683,4.728886999146198,320.65608800076006,True,False,CPUExecutionProvider
575243,6.146809000711073,305.7098640001641,4.517580000538146,316.3747640010115,True,False,CPUExecutionProvider
449432,4.385641001135809,354.04834800101526,4.728826999780722,363.16318700119155,True,False,CPUExecutionProvider
461036,3.9054959997884,407.7195429999847,5.173515999558731,416.7988659992261,True,False,CPUExecutionProvider
7088,7.612118999531958,436.4301240002533,12.78073499997845,456.82372899864276,True,False,CPUExecutionProvider
165500,16.22797799973341,319.9853010009974,8.325282000441803,344.53921200110926,True,False,CPUExecutionProvider
508586,9.754124001119635,284.7683430009056,4.4694089992844965,298.9925870006118,True,False,CPUExecutionProvider
468632,4.843052998694475,286.3088150006661,4.586809998727404,295.7388879985956,True,False,CPUExecutionProvider
13774,7.244105001518619,382.32525499915937,4.2842300008487655,393.85406100154796,True,False,CPUExecutionProvider
509656,7.564017001641332,289.2616459994315,4.478285000004689,301.3043890005065,True,False,CPUExecutionProvider
335450,4.868801999691641,381.977648999964,12.641111999982968,399.48794299925794,True,False,CPUExecutionProvider
581781,19.020297999304603,434.0573259996745,5.012671999793383,458.09082699997816,True,False,CPUExecutionProvider
56288,10.127386998647125,317.7787990007346,4.452437000509235,332.35929399961606,True,False,CPUExecutionProvider
499031,7.605595999848447,359.4074319989886,4.5116180008335505,371.5255070001149,True,False,CPUExecutionProvider
457262,7.092699999702745,279.64544700080296,4.377055000077235,291.11601400109066,True,False,CPUExecutionProvider
574823,7.0706089991290355,391.7430080000486,4.613360000803368,403.42776800025604,True,False,CPUExecutionProvider
50331,6.616813001528499,320.3778010010865,4.373437999674934,331.36879400080943,True,False,CPUExecutionProvider
299355,6.194597999638063,388.09366100031184,4.296271999919554,398.58529299999645,True,False,CPUExecutionProvider
209757,4.5862189999752445,364.8402109993185,12.619139000889845,382.0457689998875,True,False,CPUExecutionProvider
464144,5.743829000493861,301.9240589983383,4.488685000978876,312.1576350004034,True,False,CPUExecutionProvider
402118,5.812368999613682,284.3907530004799,4.452926999874762,294.6564789999684,True,False,CPUExecutionProvider
496409,5.715536000934662,333.965892001288,4.527297998720314,344.20924699952593,True,False,CPUExecutionProvider
538458,4.581499999403604,473.45007399962924,12.924796001243521,490.95724200014956,True,False,CPUExecutionProvider
396200,13.016206999964197,389.748903000509,4.65875500049151,407.424577000711,True,False,CPUExecutionProvider
242946,6.931887000973802,314.6519609999814,4.87925999914296,326.46368899986555,True,False,CPUExecutionProvider
460929,7.719168999756221,338.295442999879,4.43773900042288,350.4531929993391,True,False,CPUExecutionProvider
289938,6.2326999996003,391.7352420012321,6.769691999579663,404.7385249996296,True,False,CPUExecutionProvider
303893,7.77806100086309,283.7002969990863,4.751459000544855,296.2304590000713,True,False,CPUExecutionProvider
399296,6.733973999871523,314.2568820003362,4.6186090003175195,325.6098560013925,True,False,CPUExecutionProvider
125257,6.009078000715817,333.4062009998888,4.54132400045637,343.95724500063807,True,False,CPUExecutionProvider
164969,4.072800998983439,290.4425649994664,4.333251999923959,298.8488489991141,True,False,CPUExecutionProvider
145597,8.000228999662795,366.953177999676,5.9684620009647915,380.9225200002402,True,False,CPUExecutionProvider
135604,4.757942000651383,284.5478800009005,4.5037630006845575,293.80979600136925,True,False,CPUExecutionProvider
225405,5.540776000998449,310.00359800054866,12.7964229995996,328.34111800002574,True,False,CPUExecutionProvider
455301,11.863847001222894,314.6779010003229,4.379578998850775,330.9221979998256,True,False,CPUExecutionProvider
505451,6.865702000141027,285.9436079997977,4.551101999823004,297.36131299978297,True,False,CPUExecutionProvider
231879,6.439528999180766,401.9486310007778,4.508582000198658,412.8974539999035,True,False,CPUExecutionProvider
429623,12.127271998906508,279.18511500138266,4.463437999220332,295.7768369997211,True,False,CPUExecutionProvider
222735,6.0685910011670785,274.5036569995136,4.342620000898023,284.9154190007539,True,False,CPUExecutionProvider
431693,7.455113000105484,296.9791020004777,4.511286999331787,308.9459220009303,True,False,CPUExecutionProvider
37740,5.814090998683241,353.3659370004898,4.5890040000813315,363.7698740003543,True,False,CPUExecutionProvider
327617,7.468096999218687,316.9997200002399,4.411619000165956,328.8797959994554,True,False,CPUExecutionProvider
124659,7.0605590008199215,303.0719260004844,4.628256998330471,314.7612829998252,True,False,CPUExecutionProvider
415741,6.286761999945156,427.55981299887935,16.395152000768576,450.2422379991913,True,False,CPUExecutionProvider
489611,8.761011000387953,316.09082499926444,4.550921999907587,329.40341999892553,True,False,CPUExecutionProvider
86582,6.917781000083778,318.38905299991893,4.612767999788048,329.9201230001927,True,False,CPUExecutionProvider
234366,5.2395389993762365,356.82238299887103,4.590336000546813,366.65282899957674,True,False,CPUExecutionProvider
322944,6.863037000584882,304.4327349998639,4.360402999736834,315.6565760000376,True,False,CPUExecutionProvider
154339,6.1071430009178584,337.1832600005291,4.339233999417047,347.63006799948926,True,False,CPUExecutionProvider
553664,6.753129999196972,279.3166849987756,4.494586000873824,290.56506199958676,True,False,CPUExecutionProvider
111036,6.964168000195059,419.1200610002852,12.854332000642898,438.9394620011444,True,False,CPUExecutionProvider
437110,12.591537000844255,398.3476229986991,4.884239000602975,415.82430100061174,True,False,CPUExecutionProvider
351096,6.133893000878743,325.65954199890257,4.367756000647205,336.1620830000902,True,False,CPUExecutionProvider
31296,4.648435999115463,283.4480250003253,5.463560999487527,293.56035199998587,True,False,CPUExecutionProvider
462576,7.049377998555428,439.74775900096574,12.838550999731524,459.6361589992739,True,False,CPUExecutionProvider
266768,14.960419000999536,282.51633800027776,4.943670999637106,302.4217199999839,True,False,CPUExecutionProvider
5600,6.056989001081092,316.682069998933,4.613720000634203,327.3532500006695,True,False,CPUExecutionProvider
105335,7.781877000525128,272.57946000099764,4.619380999429268,284.9817599999369,True,False,CPUExecutionProvider
436617,7.442998999977135,323.53823099947476,4.998915999749443,335.98117799920146,True,False,CPUExecutionProvider
404678,7.11595299981127,294.6167570007674,4.875152999375132,306.6085539994674,True,False,CPUExecutionProvider
267537,4.77908199900412,271.78978100164386,4.321889999118866,280.89099299904774,True,False,CPUExecutionProvider
297353,4.883358000370208,261.0423770001944,4.486390998863499,270.41273699978774,True,False,CPUExecutionProvider
398905,7.089512999300496,333.84561400089297,4.407881999213714,345.3434999992169,True,False,CPUExecutionProvider
2532,4.894458999842755,270.46348200019565,4.307352999603609,279.66565399947285,True,False,CPUExecutionProvider
319696,5.760841000665096,256.6650610006036,4.487271999096265,266.9140250000055,True,False,CPUExecutionProvider
338304,6.763409000996035,248.1022230003873,4.7885389994917205,259.65474199983873,True,False,CPUExecutionProvider
182611,4.0639939998072805,248.98150800072472,4.934384000080172,257.9804779998085,True,False,CPUExecutionProvider
395180,4.2155600003752625,262.3158539990982,4.513850999501301,271.0456349996093,True,False,CPUExecutionProvider
514914,9.344940999653772,256.28951200087613,4.57797200033383,270.2134470000601,True,False,CPUExecutionProvider
472623,6.51423999988765,262.5084250012151,4.562292999253259,273.58554899910814,True,False,CPUExecutionProvider
267670,6.125287000031676,277.32596500027284,4.569396000078996,288.02114899917797,True,False,CPUExecutionProvider
442009,7.281946000148309,258.17539200033934,4.644267000912805,270.10218600116787,True,False,CPUExecutionProvider
9772,4.718707999927574,269.10676099942066,4.692508000516682,278.5183079995477,True,False,CPUExecutionProvider
56350,7.240518001708551,254.58119200084184,4.493073000048753,266.3153040011821,True,False,CPUExecutionProvider
182417,7.165796998378937,254.21064399961324,4.72620199980156,266.10322399938013,True,False,CPUExecutionProvider
7386,4.449861000466626,317.0725220006716,4.5986109998921165,326.12188600069203,True,False,CPUExecutionProvider
272416,6.846484999186941,271.17829199960397,4.528980000031879,282.55494899894984,True,False,CPUExecutionProvider
534605,4.433680000147433,327.82375199894886,4.589854999721865,336.8477280000661,True,False,CPUExecutionProvider
179765,7.020843999271165,374.2727160006325,4.40070900003775,385.69495000047027,True,False,CPUExecutionProvider
433204,4.097156999705476,372.86969300112105,4.62824699934572,381.5954479996435,True,False,CPUExecutionProvider
245448,4.942047999065835,324.67173199984245,4.707906999101397,334.3222589992365,True,False,CPUExecutionProvider
213445,7.662411999262986,309.86918099915783,4.938400999890291,322.4709359983535,True,False,CPUExecutionProvider
224724,7.772680000925902,292.22748299980594,5.570142000578926,305.57109599976684,True,False,CPUExecutionProvider
163155,12.539516999822808,320.02981699952215,4.487643000175012,337.05777900104295,True,False,CPUExecutionProvider
255965,7.3400549990765285,295.64459799985343,4.39008799912699,307.37523099924147,True,False,CPUExecutionProvider
1532,4.361625000456115,277.99850100018375,12.65073700051289,295.0115450003068,True,False,CPUExecutionProvider
377723,9.327909001513035,325.246561998938,4.745227000967134,339.31998800107976,True,False,CPUExecutionProvider
354753,5.7916779987863265,345.3534199998103,4.342789001384517,355.48862900031963,True,False,CPUExecutionProvider
351559,6.2000879988772795,373.1389320000744,5.003644999305834,384.3432159992517,True,False,CPUExecutionProvider
165336,8.063076998951146,320.39368899859255,4.4210970008862205,332.878573999551,True,False,CPUExecutionProvider
293474,6.84235699918645,381.92207400061307,5.860326999027166,394.625538998298,True,False,CPUExecutionProvider
384616,7.5377369994384935,325.36122299825365,4.577040001095156,337.4769820002257,True,False,CPUExecutionProvider
552612,7.557282999187009,306.85839299985673,4.596066999511095,319.0123139993375,True,False,CPUExecutionProvider
333069,4.481429999941611,334.74360199943476,4.3470470009197015,343.5724700011633,True,False,CPUExecutionProvider
431876,5.231002000073204,330.1135820001946,13.179202000173973,348.5241269991093,True,False,CPUExecutionProvider
404568,15.787514999829,386.4317529987602,4.463296001631534,406.68310500041116,True,False,CPUExecutionProvider
284279,7.4114489998464705,405.9828449990164,4.352968000603141,417.7476730001217,True,False,CPUExecutionProvider
511076,4.686837999543059,434.2521170001419,6.6135260003648,445.5529620008747,True,False,CPUExecutionProvider
547383,7.682318999286508,332.07785800004785,4.643254998882185,344.40419299971836,True,False,CPUExecutionProvider
482585,7.684864000111702,376.87386800098466,4.522537999946508,389.0822110006411,True,False,CPUExecutionProvider
528977,7.301472000108333,308.7005360011972,4.557745000056457,320.5607340005372,True,False,CPUExecutionProvider
421834,8.027980000406387,434.752044000561,4.618679000486736,447.39946499976213,True,False,CPUExecutionProvider
464251,7.780924999678973,321.4065060001303,4.538908999165869,333.7269109997578,True,False,CPUExecutionProvider
343976,9.753148999152472,324.3001640003058,4.338370999903418,338.3925159996579,True,False,CPUExecutionProvider
126110,5.233255998973618,331.6229360007128,4.197225000098115,341.05393800018646,True,False,CPUExecutionProvider
276024,5.04708600055892,320.9100389995001,4.8234040004899725,330.78075900084514,True,False,CPUExecutionProvider
507667,7.474867999917478,435.1004650015966,13.738544999796432,456.3148600009299,True,False,CPUExecutionProvider
467776,8.08702100039227,327.78371299900755,4.717395000625402,340.5889000005118,True,False,CPUExecutionProvider
405306,6.684980999125401,369.37427399971057,4.415907000293373,380.47536199883325,True,False,CPUExecutionProvider
212800,6.764900999769452,342.5743070001772,5.12005299970042,354.4602929996472,True,False,CPUExecutionProvider
491867,7.462916000804398,409.0314830009447,4.691755999374436,421.18705699977,True,False,CPUExecutionProvider
535156,5.3562680004688445,397.4732820006466,4.395318999740994,407.2253100002854,True,False,CPUExecutionProvider
451308,6.60479899852362,369.37290799869515,5.218348000198603,381.19674599875,True,False,CPUExecutionProvider
309484,7.801392999681411,357.7518300007796,12.895777999801794,378.44968199897266,True,False,CPUExecutionProvider
417249,10.863288998734788,335.53389299959235,4.784732000189251,351.1823449989606,True,False,CPUExecutionProvider
390826,8.191237000573892,322.5084309997328,4.422277999765356,335.12245699967025,True,False,CPUExecutionProvider
190753,4.9768230001063785,312.8548889999365,4.90206199901877,322.7341649999289,True,False,CPUExecutionProvider
154004,8.57583099968906,410.81530500014196,13.092327999402187,432.48443599986786,True,False,CPUExecutionProvider
462904,14.697471000545193,319.5458789996337,6.065895000574528,340.3095450012188,True,False,CPUExecutionProvider
263966,4.929553999318159,345.42053999939526,4.48926399985794,354.8398589991848,True,False,CPUExecutionProvider
353051,7.62423899868736,423.9529850001418,10.731300999395899,442.30926699856354,True,False,CPUExecutionProvider
199236,16.11113299986755,295.61478499999794,4.921658999592182,316.64786799956346,True,False,CPUExecutionProvider
265816,4.329483999754302,444.7455519984942,13.875162001568242,462.95092000036675,True,False,CPUExecutionProvider
18491,8.123429999614018,288.5106640005688,4.69148599950131,301.32645099911315,True,False,CPUExecutionProvider
227491,6.404832000043825,399.9218720000499,13.947868999821367,420.27547500038054,True,False,CPUExecutionProvider
91495,13.667981000253349,390.9352549999312,4.36238600013894,408.96644399981597,True,False,CPUExecutionProvider
283070,4.360081999038812,438.3228930000769,12.852334999479353,455.5357009994623,True,False,CPUExecutionProvider
516601,13.156318000255851,298.02388699863513,4.621594000127516,315.80310099889175,True,False,CPUExecutionProvider
296634,4.52829799905885,313.54865499997686,4.459108000446577,322.5363519995881,True,False,CPUExecutionProvider
298994,5.12124600027164,399.019717999181,4.636441999537055,408.77787600038573,True,False,CPUExecutionProvider
451714,7.191775001047063,448.97995900100796,14.223156998923514,470.3955719996884,True,False,CPUExecutionProvider
292415,10.175564000746817,528.2164879990887,15.594520000377088,553.9879850002762,True,False,CPUExecutionProvider
407825,7.638065000719507,336.1811270006001,5.792508998638368,349.6119909996196,True,False,CPUExecutionProvider
170670,6.438035999963176,424.90403199917637,13.474236999172717,444.8170959985873,True,False,CPUExecutionProvider
377635,15.645825998944929,369.087880000734,4.444559999683406,389.1800189994683,True,False,CPUExecutionProvider
192964,3.8186919991858304,421.4265209993755,12.453553999876021,437.6996179998969,True,False,CPUExecutionProvider
450559,11.663105999105028,473.0496129996027,15.781150999828242,500.49505199967825,True,False,CPUExecutionProvider
422886,14.15545999952883,399.1708119992836,4.602188000717433,417.9288209998049,True,False,CPUExecutionProvider
407650,6.630887999563129,432.2722529996099,12.59754599959706,451.50144799845293,True,False,CPUExecutionProvider
167572,15.677444998800638,410.91627000059816,4.710541999884299,431.3053599998966,True,False,CPUExecutionProvider
39785,6.158668998978101,348.2866379999905,4.578493000735762,359.02429099951405,True,False,CPUExecutionProvider
177539,6.880196999190957,314.48291299966513,4.501106999668991,325.86541999990004,True,False,CPUExecutionProvider
245651,6.287922000410617,460.0455340005283,12.780569999449654,479.1145470007905,True,False,CPUExecutionProvider
378116,15.238938998663798,436.87732000034885,4.505826000240631,456.62288699895726,True,False,CPUExecutionProvider
213422,6.070902998544625,436.62981200031936,12.682013999437913,455.38313999895763,True,False,CPUExecutionProvider
52507,15.768326000397792,326.2371879991406,4.511777000516304,346.5180120001605,True,False,CPUExecutionProvider
68286,7.693098999880021,301.8814259994542,4.5161550006014295,314.09108099978766,True,False,CPUExecutionProvider
179214,7.929363000584999,339.87532100036333,4.443107000042801,352.2484519999125,True,False,CPUExecutionProvider
393056,4.448487999979989,323.0965610000567,4.379889000119874,331.92519799922593,True,False,CPUExecutionProvider
80932,7.541412000136916,433.6729180013208,13.113135999446968,454.3283679995511,True,False,CPUExecutionProvider
92091,14.221543999155983,409.77818700048374,4.657502000554814,428.6586649996025,True,False,CPUExecutionProvider
482319,6.3251120009226725,370.6186350009375,4.637443998944946,381.58180299978994,True,False,CPUExecutionProvider
435208,8.039480999286752,397.1472260000155,6.003205999149941,411.1906439993618,True,False,CPUExecutionProvider
515077,5.329396999513847,316.7894689995592,4.739976999189821,326.85966399913013,True,False,CPUExecutionProvider
289960,3.996266001195181,281.89534099874436,4.584584001349867,290.4764320010145,True,False,CPUExecutionProvider
357238,7.0094699985929765,327.6715599986346,4.338341001130175,339.0201029997115,True,False,CPUExecutionProvider
471789,7.315626999115921,332.2969219989318,12.813682000341942,352.42687199934153,True,False,CPUExecutionProvider
576654,9.557370000038645,296.70066200014844,4.442676001417567,310.70121900120284,True,False,CPUExecutionProvider
95862,8.517000000210828,316.44151900036377,4.573743999571889,329.5330840010138,True,False,CPUExecutionProvider
491464,8.654880000904086,289.1900970007555,4.492160000154399,302.3381890016026,True,False,CPUExecutionProvider
281409,6.89094799963641,314.88164000074903,4.845585999646573,326.6186849996302,True,False,CPUExecutionProvider
254516,7.048694000332034,272.6006020002387,4.466502001378103,284.1165300014836,True,False,CPUExecutionProvider
224337,4.705501998614636,303.4657400003198,4.386742000860977,312.5583849996474,True,False,CPUExecutionProvider
452515,5.644950999339926,313.9500740016956,4.643935999411042,324.23960300002364,True,False,CPUExecutionProvider
404922,6.415913001546869,256.068074999348,4.43856899983075,266.92306800032384,True,False,CPUExecutionProvider
340015,4.943889998685336,340.76121599900944,4.268108001269866,349.9740560000646,True,False,CPUExecutionProvider
273493,3.166923999742721,302.4086370005534,4.387922999740113,309.9638749990845,True,False,CPUExecutionProvider
211120,6.786088999433559,306.8603390001954,4.674793999583926,318.32184399900143,True,False,CPUExecutionProvider
53909,7.789971001329832,330.66883599894936,4.434852000485989,342.8941500005749,True,False,CPUExecutionProvider
499266,6.859638000605628,444.8160249994544,12.569151000207057,464.24554599980183,True,False,CPUExecutionProvider
446005,14.85547599986603,419.3576289999328,4.628115999366855,438.8416120000329,True,False,CPUExecutionProvider
150930,8.73140400108241,390.98176900006365,4.355171999122831,404.0695769999729,True,False,CPUExecutionProvider
60899,6.692864000797272,465.5825890004053,16.009420000045793,488.2858950004447,True,False,CPUExecutionProvider
130465,10.564464999333723,400.0521990001289,4.4525350003823405,415.069479999147,True,False,CPUExecutionProvider
470773,8.041956001761719,264.48528100081603,6.049763000191888,278.5775910015218,True,False,CPUExecutionProvider
375430,8.680869001182145,369.64260800050397,4.444770000191056,382.76890800079855,True,False,CPUExecutionProvider
484351,8.031716000914457,311.3746250000986,5.2607369998440845,324.6681800010265,True,False,CPUExecutionProvider
541634,4.983164999430301,414.8368979986117,5.9463080015120795,425.76712200025213,True,False,CPUExecutionProvider
233238,18.112368999936734,312.1668040002987,5.155920000106562,335.4357650005113,True,False,CPUExecutionProvider
559513,7.070063998980913,280.1883819993236,4.532877001111046,291.7918439998175,True,False,CPUExecutionProvider
412362,7.300919000044814,420.2318349998677,4.87288600015745,432.40617099945666,True,False,CPUExecutionProvider
70739,6.781650999982958,307.1098399996117,4.61391899989394,318.506071000229,True,False,CPUExecutionProvider
210299,7.4684339997475035,295.39855400071247,4.642112000510679,307.51006200080155,True,False,CPUExecutionProvider
78748,8.085166000455501,291.3348190013494,4.8085559992614435,304.2293329999666,True,False,CPUExecutionProvider
565776,4.328402001192444,287.73528000056103,4.79506099873106,296.859203999702,True,False,CPUExecutionProvider
175364,7.264149999173242,327.66104000074847,5.054758999904152,339.98045999942406,True,False,CPUExecutionProvider
441247,7.325125001443666,349.48780199920293,4.814526999325608,361.6284159998031,True,False,CPUExecutionProvider
402346,5.162101999303559,298.3175070003199,4.394817000502371,307.87545800012595,True,False,CPUExecutionProvider
25096,3.85121299950697,299.67283999940264,4.5809360017301515,308.10546000066097,True,False,CPUExecutionProvider
527750,7.078370999806793,325.7582129990624,4.766195999764022,337.6040519997332,True,False,CPUExecutionProvider
109055,4.803345998880104,354.17645999950764,4.3637680009851465,363.34407499998633,True,False,CPUExecutionProvider
558073,6.419760000426322,371.41254900052445,4.44760599930305,382.2811369991541,True,False,CPUExecutionProvider
370818,7.415975000185426,285.9460060008132,4.533338000328513,297.8958599996986,True,False,CPUExecutionProvider
227511,6.773957000405062,295.6215369995334,4.671578000852605,307.0679630000086,True,False,CPUExecutionProvider
491213,4.716923000160023,301.1344080005074,4.443608999281423,310.29546100035077,True,False,CPUExecutionProvider
263474,4.993143000319833,280.0223590002133,4.523437999523594,289.53950100003567,True,False,CPUExecutionProvider
288062,6.977028999244794,297.4128389996622,4.4369960014591925,308.8274050005566,True,False,CPUExecutionProvider
200839,11.67752099900099,328.06524300031015,4.552202999548172,344.2956779999804,True,False,CPUExecutionProvider
469192,4.6217439994507,322.04704800096806,4.580415999953402,331.2496390008164,True,False,CPUExecutionProvider
328959,5.874032000065199,303.4148290007579,4.430753999258741,313.72013600048376,True,False,CPUExecutionProvider
325114,6.661805000476306,302.30911699982244,4.454668998732814,313.4261929990316,True,False,CPUExecutionProvider
12667,7.099710999682429,271.7584830006672,4.873207999480655,283.73206300057063,True,False,CPUExecutionProvider
249025,6.429567998566199,333.59262799967837,4.343470000094385,344.3663869984448,True,False,CPUExecutionProvider
214192,4.633205000573071,274.08917200045835,14.120541000011144,292.8433090000908,True,False,CPUExecutionProvider
42102,10.050237000541529,312.84671899993555,4.525721999016241,327.4235499993665,True,False,CPUExecutionProvider
145620,6.635456000367412,339.64398100033577,4.606835998856695,350.8866339998349,True,False,CPUExecutionProvider
229747,7.624568999744952,312.7366099997744,4.353800000899355,324.715359000038,True,False,CPUExecutionProvider
567432,6.8290910003270255,345.11766899959184,5.736282000725623,357.68383300091955,True,False,CPUExecutionProvider
571857,5.350155000996892,278.60516300097515,4.488442998990649,288.444582000011,True,False,CPUExecutionProvider
88218,4.812893999769585,306.5962250002485,5.615796000711271,317.02523500098323,True,False,CPUExecutionProvider
553511,6.679598998744041,347.9514129994641,5.37783700019645,360.0096409991238,True,False,CPUExecutionProvider
528862,6.473661000200082,274.830643000314,4.761235999467317,286.0660309997911,True,False,CPUExecutionProvider
190676,6.324649999442045,408.2561559989699,13.244301000668202,427.82574800003204,True,False,CPUExecutionProvider
170545,14.718417000040063,343.36036599961517,4.541050999250729,362.6211760001752,True,False,CPUExecutionProvider
269942,6.252584998946986,332.9613400001108,4.523618999883183,343.73832599885645,True,False,CPUExecutionProvider
269682,7.339410998611129,305.2407390005101,4.573722999339225,317.1543339994969,True,False,CPUExecutionProvider
109441,5.264543999146554,306.6927420004504,4.564916000163066,316.5228729994851,True,False,CPUExecutionProvider
1584,11.429022999436711,299.7435849993053,4.476670001167804,315.6500889999734,True,False,CPUExecutionProvider
289586,7.396719000098528,404.6487569994497,5.042867000156548,417.08927499894344,True,False,CPUExecutionProvider
79034,5.493495000337134,282.9026290000911,4.586397000821307,292.98288200152456,True,False,CPUExecutionProvider
140583,7.6245590007602,321.8636380006501,4.6573700001317775,334.1466689998924,True,False,CPUExecutionProvider
26926,6.715536999763572,269.9076070002775,4.392370999994455,281.01618599976064,True,False,CPUExecutionProvider
499775,7.247047000419116,284.13190199898963,4.455351001524832,295.83492200072214,True,False,CPUExecutionProvider
153632,6.56980200074031,311.42089099921577,4.583762000038405,322.57475500045985,True,False,CPUExecutionProvider
523782,7.030179000139469,326.15126999917265,4.337869000664796,337.5198089997866,True,False,CPUExecutionProvider
285788,7.415123998725903,265.7397969996964,4.4160659999761265,277.5716679989273,True,False,CPUExecutionProvider
53529,6.590691000383231,427.0121339995967,4.393203000290669,437.9965190000803,True,False,CPUExecutionProvider
42888,13.027863000388606,298.5256350002601,4.381782000564272,315.9362020014669,True,False,CPUExecutionProvider
72852,5.212175999986357,273.7755569996807,4.541021000477485,283.5293750013079,True,False,CPUExecutionProvider
153527,7.816208999429364,301.50569600118615,4.563553999105352,313.8861099996575,True,False,CPUExecutionProvider
276707,7.740746999843395,352.4961870007246,4.45052099894383,364.6883169985813,True,False,CPUExecutionProvider
184324,6.507915000838693,256.6895100007969,5.194531999222818,268.39270900018164,True,False,CPUExecutionProvider
127624,4.660216000047512,287.52928500034614,4.163028999755625,296.3529099997686,True,False,CPUExecutionProvider
522940,7.514079999964451,358.25098299937963,4.406957999890437,370.1726819999749,True,False,CPUExecutionProvider
460229,7.930022999062203,336.5214730001753,6.232907000594423,350.68527499970514,True,False,CPUExecutionProvider
364587,5.296413999531069,357.0729009989009,4.3129220011906,366.683099000511,True,False,CPUExecutionProvider
212072,6.289314000241575,305.442224998842,4.381882001325721,316.11423200047284,True,False,CPUExecutionProvider
192607,7.4903049990098225,425.05896699913137,12.618331000339822,445.16799399934825,True,False,CPUExecutionProvider
52565,9.24702299926139,282.13652500016906,4.434120000951225,295.8185200004664,True,False,CPUExecutionProvider
525247,7.288676000825944,316.5594679994683,4.485666999244131,328.3343019993481,True,False,CPUExecutionProvider
424545,6.312237001111498,378.65104299999075,6.9497170006798115,391.9136680015072,True,False,CPUExecutionProvider
416758,5.053937000411679,362.46739600028377,4.483302000153344,372.00556700008747,True,False,CPUExecutionProvider
4395,3.92469100006565,317.7361319994816,4.432286999872304,326.09353000043484,True,False,CPUExecutionProvider
490470,7.577048001621733,338.98134700029914,4.42382099936367,350.9830180009885,True,False,CPUExecutionProvider
296657,8.240286999352975,309.8082910000812,4.595994001647341,322.64506300089124,True,False,CPUExecutionProvider
354547,7.667077999940375,346.5148129998852,4.6086980000836775,358.7912100010726,True,False,CPUExecutionProvider
262048,7.614398000441724,290.80682799940405,4.477602000406478,302.89931900006195,True,False,CPUExecutionProvider
519208,6.689186000585323,394.7705009995843,4.719927999758511,406.18003599956864,True,False,CPUExecutionProvider
270402,4.466000000320491,334.0975779992732,4.460228999960236,343.0242979993636,True,False,CPUExecutionProvider
250127,6.067525999242207,300.4204490007396,4.4249519996810704,310.9133279995149,True,False,CPUExecutionProvider
549930,7.25843799955328,269.24797799983935,4.552934000457753,281.0600020002312,True,False,CPUExecutionProvider
112626,3.8722220015188213,283.4066699997493,4.506105000473326,291.7853680010012,True,False,CPUExecutionProvider
285,5.822464001539629,285.0610660007078,4.313341998567921,295.19711200009624,True,False,CPUExecutionProvider
573391,6.009897000694764,344.9642870000389,4.409473000123398,355.38405800070905,True,False,CPUExecutionProvider
447200,7.381770999927539,388.87216900002386,4.40978400001768,400.66447500066715,True,False,CPUExecutionProvider
261036,6.0229320006328635,360.6888859994797,12.59843400112004,379.3107030014653,True,False,CPUExecutionProvider
269932,11.317382000925136,292.1643089994177,4.58824000088498,308.07031100084714,True,False,CPUExecutionProvider
426297,7.496375999835436,315.77687299977697,4.497198000535718,327.7708280002116,True,False,CPUExecutionProvider
68933,6.335791000310564,359.64234299899545,4.589602000123705,370.568086998901,True,False,CPUExecutionProvider
47571,6.074639000871684,323.4186720001162,4.6616979998361785,334.1554090002319,True,False,CPUExecutionProvider
23126,6.247796000025119,324.76511700042465,4.372744000647799,335.3860770002939,True,False,CPUExecutionProvider
242678,7.834533000277588,362.3678630010545,4.552121999950032,374.7550890002458,True,False,CPUExecutionProvider
229948,6.575162000444834,358.7833330002468,4.776504998517339,370.13575099990703,True,False,CPUExecutionProvider
451879,6.580241000847309,281.3418660007301,4.520141999819316,292.4430200000643,True,False,CPUExecutionProvider
158660,7.558803999927477,289.9139359997207,4.672598999604816,302.14592999982415,True,False,CPUExecutionProvider
59598,6.176180000693421,300.54222000035224,4.798645999471773,311.5179470005387,True,False,CPUExecutionProvider
485480,4.093748999366653,306.95182899944484,4.658883000956848,315.70477100103744,True,False,CPUExecutionProvider
6012,7.652289999896311,436.46616999831167,8.064536001256783,452.1836580006493,True,False,CPUExecutionProvider
13201,4.144405000261031,339.48549999877287,4.392090000692406,348.02258600029745,True,False,CPUExecutionProvider
243989,6.502184000055422,372.78780000087863,4.8427189994981745,384.13348399990355,True,False,CPUExecutionProvider
44260,4.759101000672672,285.6774749998294,4.423710000992287,294.86054700100794,True,False,CPUExecutionProvider
581357,7.798364000336733,350.6636559995968,4.493141001148615,362.95579300167446,True,False,CPUExecutionProvider
476119,7.15507300083118,305.7775529996434,4.416767000293476,317.350274999626,True,False,CPUExecutionProvider
287667,6.9485949989029905,273.1040460002987,4.4690060003631515,284.52256899981876,True,False,CPUExecutionProvider
527784,4.529800000454998,399.6596060005686,7.3093240007438,411.49894000045606,True,False,CPUExecutionProvider
179898,5.739707999964594,283.90513500016823,4.851476000112598,294.49698999997054,True,False,CPUExecutionProvider
349152,7.291710000572493,455.61587100019096,13.12656799927936,476.03498100033903,True,False,CPUExecutionProvider
187055,15.584806998958811,304.41514500125777,4.341985999417375,324.3430399998033,True,False,CPUExecutionProvider
493334,6.250860998989083,439.74814000102924,4.53774499874271,450.5377379991842,True,False,CPUExecutionProvider
318455,7.916917998954887,388.88795800085063,5.538088000321295,402.3433649999788,True,False,CPUExecutionProvider
520659,7.026140001471504,387.4455710010807,4.693216998930438,399.16568999979063,True,False,CPUExecutionProvider
465430,7.760804001009092,366.7129499990551,4.616363001332502,379.09085800129105,True,False,CPUExecutionProvider
209829,4.3135230007465,391.10495099885156,4.6069449999777135,400.02569900025264,True,False,CPUExecutionProvider
329080,4.555367999273585,354.2291009998735,12.67432600070606,371.4592760006781,True,False,CPUExecutionProvider
190307,16.144831000929116,341.65362999920035,4.984757000784157,362.7834790004272,True,False,CPUExecutionProvider
200421,6.492655998954433,386.61792899983993,12.725542001135182,405.8367580000777,True,False,CPUExecutionProvider
551820,11.432056000558077,283.3650700013095,4.971250999005861,299.76924900074664,True,False,CPUExecutionProvider
254368,6.919950999872526,366.75441400075215,13.02951499928895,386.7047210005694,True,False,CPUExecutionProvider
146489,11.945663998631062,349.5830489991931,4.452683999261353,365.98284999854513,True,False,CPUExecutionProvider
438304,4.953839001245797,351.65499899994757,4.439369000465376,361.04882800100313,True,False,CPUExecutionProvider
33368,11.13487700058613,302.7231399992161,4.49298100102169,318.351629000972,True,False,CPUExecutionProvider
513041,4.882573999566375,282.31466000033834,4.612515000189887,291.8101499999466,True,False,CPUExecutionProvider
225757,6.2171070003387285,293.9348700001574,4.623876999175991,304.776454999228,True,False,CPUExecutionProvider
369310,6.897658999150735,324.5420330003981,4.415634999531903,335.8556769999268,True,False,CPUExecutionProvider
324614,7.26506999853882,427.56324099900667,4.570405999402283,439.39953899825923,True,False,CPUExecutionProvider
302536,3.764667999348603,366.0290419993544,4.633984999600216,374.42828599887434,True,False,CPUExecutionProvider
31735,13.004125999941607,504.7781449993636,15.067532000102801,532.8505350007617,True,False,CPUExecutionProvider
465549,11.069072999816854,298.6480709987518,4.584823000186589,314.30322999949567,True,False,CPUExecutionProvider
404839,7.013996999376104,326.6937919997872,4.51678500030539,338.2254850002937,True,False,CPUExecutionProvider
232088,4.716882000138867,390.2458590000606,8.274249999885797,403.2374519993027,True,False,CPUExecutionProvider
318138,6.352170999889495,293.9963299995725,4.463594999833731,304.81255700033216,True,False,CPUExecutionProvider
378099,6.159649001347134,282.2702110006503,4.460018000827404,292.8906490014924,True,False,CPUExecutionProvider
154431,6.559862000358407,303.8975340004981,4.5824089993402595,315.04064699947776,True,False,CPUExecutionProvider
148620,6.318187000942999,306.4063759993587,4.494283000894939,317.21951800136594,True,False,CPUExecutionProvider
394677,6.680059001155314,312.27180099995167,6.4774969996506115,325.43001799967897,True,False,CPUExecutionProvider
463690,6.812577999880887,276.54788400104735,4.5763069992972305,287.9374000003736,True,False,CPUExecutionProvider
570756,7.639034000021638,331.3693500003865,4.70466899969324,343.71402400029183,True,False,CPUExecutionProvider
299553,5.780303999927128,326.2681240012171,4.638443999283481,336.6874330004066,True,False,CPUExecutionProvider
281687,3.5368389999348437,291.5569039996626,4.54479699874355,299.638900998616,True,False,CPUExecutionProvider
303713,6.945658000404364,272.1068179998838,4.805458998816903,283.85860699927434,True,False,CPUExecutionProvider
521956,5.873789999895962,302.4921730011556,4.395134999867878,312.76158900072915,True,False,CPUExecutionProvider
323496,6.8826099995931145,317.6653239988809,4.588589999912074,329.1369139988092,True,False,CPUExecutionProvider
348481,6.682412000373006,271.1821560005774,4.580204000376398,282.4454040001001,True,False,CPUExecutionProvider
119365,4.530201000306988,359.6807149988308,4.485737001232337,368.6970430007932,True,False,CPUExecutionProvider
577584,6.4551539999229135,379.07353099944885,4.450430000360939,389.9799870014249,True,False,CPUExecutionProvider
273420,6.560362999152858,296.7038099995989,4.4623930007219315,307.72756800070056,True,False,CPUExecutionProvider
388927,6.746363000274869,440.97887400130276,11.622504998740624,459.34811199913383,True,False,CPUExecutionProvider
439773,9.859474999757367,340.3219210013049,4.589190999467974,354.77172900027654,True,False,CPUExecutionProvider
308193,7.248709000123199,363.24136499933957,4.312299999583047,374.80320499889785,True,False,CPUExecutionProvider
424135,7.253276999108493,277.0706600003905,4.480576000787551,288.8051850004558,True,False,CPUExecutionProvider
297562,4.654154001400457,301.6159279995918,4.662920000555459,310.9332220010401,True,False,CPUExecutionProvider
123633,4.420974999447935,296.00513100012904,4.790078999576508,305.21664599837095,True,False,CPUExecutionProvider
286660,7.678547999603325,298.172071999943,4.383012001198949,310.234123000555,True,False,CPUExecutionProvider
88040,5.99813400003768,432.793075000518,16.24256300056004,455.03456400001596,True,False,CPUExecutionProvider
404484,5.606327000350575,392.2511439996015,4.529088000708725,402.387030000682,True,False,CPUExecutionProvider
489305,2.7650270003505284,361.53620000004594,12.700665000011213,377.0021319996886,True,False,CPUExecutionProvider
491216,13.895695001338026,434.82106900046347,6.249807998756296,454.967083000156,True,False,CPUExecutionProvider
226984,16.117737999593373,459.04561200040916,13.254126999527216,488.41845899914915,True,False,CPUExecutionProvider
222825,7.929490999231348,310.07417799992254,4.865741999310558,322.8699619994586,True,False,CPUExecutionProvider
507037,6.905963000463089,287.544214999798,4.853318001551088,299.30404700098734,True,False,CPUExecutionProvider
384850,6.834027000877541,396.5508769997541,4.574953998599085,407.96086999944237,True,False,CPUExecutionProvider
34760,6.800023998948745,330.83540799998445,4.814516001715674,342.4509090000356,True,False,CPUExecutionProvider
260925,7.354327999564703,283.0058569998073,4.372773999421042,294.73379099908925,True,False,CPUExecutionProvider
96001,7.050425998386345,385.5804470003932,8.655898998767952,401.28743299828784,True,False,CPUExecutionProvider
574702,9.857330000158981,297.61939300078666,4.617112999767414,312.0946979997825,True,False,CPUExecutionProvider
245764,6.457248999140575,376.9127749983454,4.954879001161316,388.32545399964147,True,False,CPUExecutionProvider
246963,5.197165999561548,289.3532170000981,4.677157001424348,299.22811100004765,True,False,CPUExecutionProvider
534664,4.7149080000963295,355.69579399998474,4.518428000665153,364.92987100064056,True,False,CPUExecutionProvider
26564,6.448393000027863,363.4365380003146,6.6569749997142935,376.54239699986647,True,False,CPUExecutionProvider
408830,5.993073998979526,296.8506659999548,5.374829999709618,308.2193009995535,True,False,CPUExecutionProvider
537241,7.469273999959114,312.5945880001382,4.470066000067163,324.5345890009048,True,False,CPUExecutionProvider
272136,8.13738199940417,358.7553030010895,4.407538999657845,371.30117599917867,True,False,CPUExecutionProvider
22396,4.3832930005009985,322.7963039989845,4.364178001196706,331.54409600138024,True,False,CPUExecutionProvider
132587,6.943774000319536,346.0471119997237,4.804105001312564,357.79580300004454,True,False,CPUExecutionProvider
225184,7.488190000003669,290.459956999257,4.48437400154944,302.4334520014236,True,False,CPUExecutionProvider
441553,6.6348220007057535,318.07694700000866,4.520061000221176,329.23263200063957,True,False,CPUExecutionProvider
55072,6.973370000196155,306.2518099995941,4.312549999667681,317.5381710007059,True,False,CPUExecutionProvider
277584,4.403721999551635,361.3531390001299,4.375578999315621,370.1330309995683,True,False,CPUExecutionProvider
550349,7.8582360001746565,276.6836760001752,4.579682999974466,289.12214600131847,True,False,CPUExecutionProvider
289659,8.802795000519836,359.6569540004566,4.496004999964498,372.9563450015121,True,False,CPUExecutionProvider
62353,9.305110999775934,326.4122270011285,4.572639998514205,340.2907489999052,True,False,CPUExecutionProvider
193717,7.84460099930584,425.7166959996539,13.29424100003962,446.85600899902056,True,False,CPUExecutionProvider
565607,11.186502999407821,319.816567000089,4.474274001040612,335.47812500000873,True,False,CPUExecutionProvider
210394,4.8479990000487305,308.4542619999411,4.894676998446812,318.1974689996423,True,False,CPUExecutionProvider
41488,6.2313519993040245,330.8236009997927,4.40398200044001,341.4597569990292,True,False,CPUExecutionProvider
514540,7.818461001079413,323.59121199988294,5.472804999953951,336.8830990002607,True,False,CPUExecutionProvider
65455,3.9518510002380935,399.1800170006172,4.690200999903027,407.82228900025075,True,False,CPUExecutionProvider
532530,7.277684000655427,431.2301319987455,4.638653999791131,443.1468799994036,True,False,CPUExecutionProvider
374727,6.6458029996283585,304.05980499926955,4.118894999919576,314.82541500008665,True,False,CPUExecutionProvider
484029,7.616259999849717,323.6262459995487,4.6322819998749765,335.87524900030985,True,False,CPUExecutionProvider
402519,7.091071998729603,399.3696289999207,5.187658000068041,411.6489799998817,True,False,CPUExecutionProvider
309452,7.211848998849746,336.036830998637,4.872465000516968,348.12180699918827,True,False,CPUExecutionProvider
424975,5.065698000180419,364.04053900150757,4.458774999875459,373.5654230004002,True,False,CPUExecutionProvider
323571,4.649344000426936,322.06017399948905,4.447233999599121,331.1573329992825,True,False,CPUExecutionProvider
500826,6.971847000386333,336.50723599930643,4.468072000236134,347.9476659995271,True,False,CPUExecutionProvider
368456,5.191944999751286,390.37907799865934,5.0233780002599815,400.59555399966484,True,False,CPUExecutionProvider
501023,7.588627999211894,300.7893920002971,4.543924998870352,312.92273699909856,True,False,CPUExecutionProvider
235857,5.1493760001903865,423.81652499898337,4.879697000433225,433.84583800070686,True,False,CPUExecutionProvider
81394,5.0166850014647935,412.48492799968517,12.740096999550587,430.24222100029874,True,False,CPUExecutionProvider
264441,10.64169699930062,485.9607299986237,15.585013999952935,512.1883119991253,True,False,CPUExecutionProvider
241326,11.28206200155546,298.28538599940657,4.398842000227887,313.9672220004286,True,False,CPUExecutionProvider
272049,4.635388000679086,410.44142700047814,10.113030999491457,425.1905569999508,True,False,CPUExecutionProvider
377946,8.644696999908774,387.8527850010869,4.611442998793791,401.1096059984993,True,False,CPUExecutionProvider
78426,6.228907999684452,487.83878199901665,12.837289999879431,506.9056209995324,True,False,CPUExecutionProvider
260261,12.331959000221104,323.15604999894276,4.522275001363596,340.01072499995644,True,False,CPUExecutionProvider
399560,6.820492000770173,362.89499099984823,12.690544999713893,382.40625800062844,True,False,CPUExecutionProvider
392818,11.254369999733171,487.39198700059205,15.965389999109902,514.6126990002813,True,False,CPUExecutionProvider
442822,10.91791699946043,333.4961669988843,5.006667000998277,349.4214820002526,True,False,CPUExecutionProvider
170955,6.0151159996166825,408.8675069997407,4.448075000254903,419.33165899899905,True,False,CPUExecutionProvider
346905,5.50502499936556,397.1704129999125,5.435013001260813,408.11073199984094,True,False,CPUExecutionProvider
172617,4.368375000922242,333.5789399989153,4.734424001071602,342.6820790009515,True,False,CPUExecutionProvider
281759,4.637170999558293,380.90036699941265,4.752036998979747,390.2902459994948,True,False,CPUExecutionProvider
534270,3.7763299988000654,483.41828899901884,12.617015001524123,499.812115000168,True,False,CPUExecutionProvider
231088,13.055150000582216,422.07807500017225,4.823310999199748,439.9569369998062,True,False,CPUExecutionProvider
44068,7.884984999691369,299.7840879997966,4.500553999605472,312.1716209989245,True,False,CPUExecutionProvider
159311,6.457929001044249,351.2325649990089,4.7733770006743725,362.46434200074873,True,False,CPUExecutionProvider
479155,6.567125001311069,306.8536470000254,4.621922000296763,318.0429940002796,True,False,CPUExecutionProvider
100238,8.096444000329939,377.6556730008451,4.469935998713481,390.2224039993598,True,False,CPUExecutionProvider
45070,6.350607000058517,415.82391500014637,5.016925999370869,427.1922389998508,True,False,CPUExecutionProvider
469828,6.280816000071354,295.91445900041435,4.565474999253638,306.76169199978176,True,False,CPUExecutionProvider
136334,6.74950800021179,312.14519800050766,4.394775000037043,323.2903130010527,True,False,CPUExecutionProvider
185599,7.322818000830011,315.91086699882,4.4180479999340605,327.6523040003667,True,False,CPUExecutionProvider
407574,4.966901000443613,316.09296900023764,4.4623720004892675,325.52258299983805,True,False,CPUExecutionProvider
239773,6.755078000423964,279.63439599989215,4.503848998865578,290.89398399992206,True,False,CPUExecutionProvider
112378,5.827761999171344,303.139318999456,4.601864000505884,313.56930599940824,True,False,CPUExecutionProvider
527029,5.142872998476378,267.74046900027315,4.469785999390297,277.35333899909165,True,False,CPUExecutionProvider
128658,6.995571000516065,332.10007600064273,4.405233999932534,343.50138200170477,True,False,CPUExecutionProvider
516038,7.231334999232786,350.1930100010213,4.504961998463841,361.9302989991411,True,False,CPUExecutionProvider
538236,8.473753998259781,349.3720629994641,4.651818000638741,362.4984769994626,True,False,CPUExecutionProvider
479732,5.402300999776344,268.4150889999728,5.66934400012542,279.4872949998535,True,False,CPUExecutionProvider
449312,5.15022699983092,350.8695109994733,4.6637010000267765,360.68365999926755,True,False,CPUExecutionProvider
535523,4.817369999727816,315.0144139999611,4.736356999273994,324.5684209996398,True,False,CPUExecutionProvider
419379,7.536889999755658,272.32826500039664,4.429308999533532,284.29485500055307,True,False,CPUExecutionProvider
417608,7.653761000256054,342.8350429985585,4.50365899996541,354.993253999055,True,False,CPUExecutionProvider
426795,4.904333000013139,351.39614999934565,4.517295001278399,360.8185500015679,True,False,CPUExecutionProvider
529762,7.30714799829002,296.4198529989517,4.380948001198703,308.1081689997518,True,False,CPUExecutionProvider
197004,6.922163000126602,273.04017300048145,4.541620999589213,284.50431800047227,True,False,CPUExecutionProvider
405195,7.921764999991865,290.6925280003634,4.823360999580473,303.4383650010568,True,False,CPUExecutionProvider
455448,7.243097001264687,278.0434319993219,4.485114000999602,289.7725550010364,True,False,CPUExecutionProvider
529939,4.5635320002475055,351.98226099964813,4.6671470008732285,361.21321100108617,True,False,CPUExecutionProvider
390246,5.286383000566275,286.27321499880054,7.448794000083581,299.0088030001061,True,False,CPUExecutionProvider
548524,14.91582299968286,313.2453569996869,4.364578000604524,332.5267199998052,True,False,CPUExecutionProvider
431568,4.975407999154413,329.9650159988232,5.894348001675098,340.83527300026617,True,False,CPUExecutionProvider
39480,6.446757999583497,319.85555100072816,4.867363999437657,331.1703339986707,True,False,CPUExecutionProvider
493905,8.060776999627706,323.68468000095163,5.152751999048633,336.89943100034725,True,False,CPUExecutionProvider
120584,7.241634000820341,296.7660300000716,5.371613000534126,309.38006799988216,True,False,CPUExecutionProvider
55528,6.489718000011635,281.31844400013506,4.483320999497664,292.2923450005328,True,False,CPUExecutionProvider
128148,7.850089999919874,318.75504799972987,4.675452999435947,331.28156199927616,True,False,CPUExecutionProvider
183049,6.944423999811988,281.13613999994413,4.926875999444746,293.00806199898943,True,False,CPUExecutionProvider
139077,6.874794000395923,307.2812640002667,4.518337000263273,318.6751960001857,True,False,CPUExecutionProvider
416451,7.4877370007016,293.08239100100764,4.706089999672258,305.2768390007259,True,False,CPUExecutionProvider
533145,3.844206999929156,308.54895999982546,4.389755000374862,316.78316299985454,True,False,CPUExecutionProvider
402765,5.879059001017595,280.5959109991818,4.542021000816021,291.0174620010366,True,False,CPUExecutionProvider
255165,4.42267600010382,260.79725499948836,4.696612000770983,269.91705399996135,True,False,CPUExecutionProvider
527528,7.646677000593627,371.61336300050607,4.510082000706461,383.77034200129856,True,False,CPUExecutionProvider
459809,4.394734000015887,302.1186410005612,4.683618999479222,311.19758499880845,True,False,CPUExecutionProvider
538067,6.53290999980527,434.604035999655,12.737971999740694,453.8756289985031,True,False,CPUExecutionProvider
17959,14.11409300089872,391.91791899975215,4.259019000528497,410.29172200069297,True,False,CPUExecutionProvider
298904,6.288729999141651,402.1498710008018,4.609808998793596,413.0491809992236,True,False,CPUExecutionProvider
447088,3.920672001186176,290.6550249990687,4.56036600007792,299.1364440003963,True,False,CPUExecutionProvider
262487,8.80226200024481,289.8857370000769,4.430492001120001,303.11901200002467,True,False,CPUExecutionProvider
470924,8.098728001641575,296.0812210003496,5.385829999795533,309.5664200009196,True,False,CPUExecutionProvider
421923,6.948442000066279,337.603494999712,4.652820000046631,349.20525800043833,True,False,CPUExecutionProvider
178469,4.993852000552579,345.9253629989689,4.7508050010947045,355.6704510010604,True,False,CPUExecutionProvider
362434,3.853924999930314,367.4233359997743,5.766307000158122,377.04386900077225,True,False,CPUExecutionProvider
70229,6.207616999745369,379.25615400126844,4.3605299997580005,389.8252830003912,True,False,CPUExecutionProvider
106330,7.190578000518144,309.35927699829335,4.31014500099991,320.86050100042485,True,False,CPUExecutionProvider
545007,6.40052100061439,484.4827039996744,7.270027001140988,498.1539930013241,True,False,CPUExecutionProvider
520077,15.330151998568908,284.3016599999828,5.4153149994817795,305.0481089994719,True,False,CPUExecutionProvider
454404,7.756643000902841,279.237924998597,4.3065179997938685,291.3016570000764,True,False,CPUExecutionProvider
194716,3.894722000040929,415.4003889998421,12.713276000795304,432.00912899919786,True,False,CPUExecutionProvider
202001,13.975011001093662,370.2016330007609,4.622693000783329,388.79965800151695,True,False,CPUExecutionProvider
155051,6.040903001121478,377.91466300041066,6.8551160002243705,390.8113030011009,True,False,CPUExecutionProvider
565469,6.606468001336907,305.4335920005542,4.597907000061241,316.63869800104294,True,False,CPUExecutionProvider
79588,4.853828000705107,435.8867660012038,12.710900999081787,453.45188600003894,True,False,CPUExecutionProvider
395343,12.548876000437303,296.02600799989887,4.741536999063101,313.31755300016084,True,False,CPUExecutionProvider
541773,7.0292340005835285,308.99347300146474,4.814533998796833,320.83761200010485,True,False,CPUExecutionProvider
455597,4.998399999749381,292.54456399939954,5.234023999946658,302.7774789989053,True,False,CPUExecutionProvider
262895,5.971773000055691,341.56099500069104,4.270099998393562,351.8036099994788,True,False,CPUExecutionProvider
433915,3.9176960017357487,315.76847699943755,4.525809999904595,324.21245300065493,True,False,CPUExecutionProvider
540502,7.497194999814383,273.0315749995498,4.760161999001866,285.2898639994237,True,False,CPUExecutionProvider
172083,6.529834001412382,335.81948400023975,4.561106999972253,346.91092600041884,True,False,CPUExecutionProvider
251140,6.235859998923843,347.1095509994484,4.350871000497136,357.6969129990175,True,False,CPUExecutionProvider
541291,7.2576740003569284,319.3608769997809,5.377424000471365,331.9969370004401,True,False,CPUExecutionProvider
105249,6.35848099955183,320.32428000093205,4.353106000053231,331.036468000093,True,False,CPUExecutionProvider
323202,10.691958999814233,312.06184400070924,4.470957999728853,327.2255129995756,True,False,CPUExecutionProvider
550797,7.010067000010167,276.67016300074465,4.502607000176795,288.1833179999376,True,False,CPUExecutionProvider
226662,6.582121999599622,338.2278540011612,4.387320999740041,349.19774800073355,True,False,CPUExecutionProvider
142324,4.394964000312029,328.8076699991507,4.612443000951316,337.8157189999911,True,False,CPUExecutionProvider
352618,6.792969001253368,320.87711799977114,4.393903000163846,332.06468200114614,True,False,CPUExecutionProvider
205514,4.221567998683895,271.0161850009172,4.6591819991590455,279.89727599924663,True,False,CPUExecutionProvider
205401,6.457607998527237,325.7804690001649,4.530559999693651,336.76929799912614,True,False,CPUExecutionProvider
144706,6.448579999414505,304.1155909995723,4.425872000865638,314.9903939993237,True,False,CPUExecutionProvider
221502,6.920858999365009,291.51287300010154,4.4129580001026625,302.8471609995904,True,False,CPUExecutionProvider
520324,7.1626150001975475,315.99302100039495,4.513055999268545,327.66909299971303,True,False,CPUExecutionProvider
491470,7.033301000774372,276.3444649990561,4.403550999995787,287.78178799984744,True,False,CPUExecutionProvider
454661,6.717325999488821,265.6932820009388,5.592307999904733,278.0038279997825,True,False,CPUExecutionProvider
183246,7.075480998537387,390.80815099987376,4.887802000666852,402.7716939999664,True,False,CPUExecutionProvider
303305,4.705068000475876,378.05901799947605,12.641969999094727,395.4064070003369,True,False,CPUExecutionProvider
97988,12.689090001003933,279.17999099918234,5.064495000624447,296.9341570005781,True,False,CPUExecutionProvider
179265,6.673354000668041,312.0051890000468,4.8770920002425555,323.55615600135934,True,False,CPUExecutionProvider
338625,5.655277000187198,341.13913900000625,4.792763000295963,351.58819100070104,True,False,CPUExecutionProvider
5992,4.675762000260875,426.000452000153,12.463765000575222,443.1409310000163,True,False,CPUExecutionProvider
186938,14.159697999275522,339.52877599949716,6.112437000410864,359.8016819996701,True,False,CPUExecutionProvider
203294,6.193449999045697,303.90349499975855,4.51772499945946,314.61555199894065,True,False,CPUExecutionProvider
2923,7.307318001039675,388.83158399949025,6.172761000925675,402.3124140003347,True,False,CPUExecutionProvider
47010,7.385143999272259,315.83358500029135,4.625036999641452,327.8441259990359,True,False,CPUExecutionProvider
406997,5.699250001271139,284.1557550000289,4.535097999905702,294.3909450004867,True,False,CPUExecutionProvider
185157,6.81647300007171,305.72006199872703,4.515951999565004,317.0534889995906,True,False,CPUExecutionProvider
402096,7.335450000027777,372.1758339997905,4.308792000301764,383.82061700031045,True,False,CPUExecutionProvider
353518,4.201539999485249,433.25379099951533,4.665743999794358,442.1218459992815,True,False,CPUExecutionProvider
356169,4.076294000697089,341.04723800010106,4.507566000029328,349.63151900046796,True,False,CPUExecutionProvider
475365,5.367015000956599,305.02368899942667,4.323549999753595,314.7149050000735,True,False,CPUExecutionProvider
550084,7.308539001314784,290.01190700000734,4.8380480002379045,302.1590850003122,True,False,CPUExecutionProvider
225946,8.16632500027481,321.5294930014352,4.426071998750558,334.1222700000799,True,False,CPUExecutionProvider
553339,7.132618000468938,417.7126800004771,4.321696000260999,429.16761500055145,True,False,CPUExecutionProvider
463618,4.779158000019379,293.07711599903996,4.459726000277442,302.31675100003486,True,False,CPUExecutionProvider
200152,4.627282000001287,276.42905299944687,4.333749000579701,285.39081500093744,True,False,CPUExecutionProvider
148999,7.137608001357876,332.1931169994059,4.567508000036469,343.8991340008215,True,False,CPUExecutionProvider
414133,4.799305001142784,402.16623800006346,4.688936998718418,411.65488099977665,True,False,CPUExecutionProvider
193884,5.296211000313633,446.7976510004519,12.629978000404662,464.72466200066265,True,False,CPUExecutionProvider
475484,11.519507001139573,280.2783269999054,4.607273998772143,296.40555900004983,True,False,CPUExecutionProvider
455219,8.939659999668947,316.46188699960476,4.487267999138567,329.8893359988142,True,False,CPUExecutionProvider
198805,7.128129000193439,322.4175589984952,4.718844000308309,334.2651429993566,True,False,CPUExecutionProvider
41633,4.344850000052247,365.3795499994885,5.197775000851834,374.9226660002023,True,False,CPUExecutionProvider
133233,6.600816999707604,282.57693300110986,4.371769999124808,293.55038199901173,True,False,CPUExecutionProvider
359135,4.678587998569128,306.76330700043763,4.365699000118184,315.8078239994211,True,False,CPUExecutionProvider
80949,6.389658999978565,304.9787269992521,4.519859001447912,315.8887160006998,True,False,CPUExecutionProvider
167067,6.293047001236118,276.05672699974093,4.617663000317407,286.9677880007657,True,False,CPUExecutionProvider
150224,6.1059049985487945,355.9437229996547,4.557649999696878,366.60773899893684,True,False,CPUExecutionProvider
136633,7.464402999175945,328.8987380001345,4.753789000460529,341.1178309997922,True,False,CPUExecutionProvider
490171,6.566341999132419,357.8931809988717,4.503218000536435,368.963162,True,False,CPUExecutionProvider
462728,7.0357750009861775,328.20141299998795,10.177640000620158,345.4152290014463,True,False,CPUExecutionProvider
493772,16.66391199978534,314.210632999675,4.634285000065574,335.51008200083743,True,False,CPUExecutionProvider
356125,6.504274999315385,343.33994100052223,4.512674999205046,354.3572319995292,True,False,CPUExecutionProvider
476514,4.859979000684689,384.69773099859594,5.696334001186187,395.25434500137635,True,False,CPUExecutionProvider
526728,6.672382000033394,352.61357900162693,4.741104999993695,364.0273460005119,True,False,CPUExecutionProvider
509403,8.569913999963319,332.15211700007785,4.699557999629178,345.4221399988455,True,False,CPUExecutionProvider
484296,6.426288000511704,362.86428600033105,4.480835001231753,373.77202000061516,True,False,CPUExecutionProvider
244592,6.338712999422569,386.7492299996229,4.388201001347625,397.477507000076,True,False,CPUExecutionProvider
387098,7.538932000898058,367.468911999822,4.485864999878686,379.4943510001758,True,False,CPUExecutionProvider
188906,6.095987000662717,324.2768389991397,4.47105700004613,334.8445139999967,True,False,CPUExecutionProvider
192670,5.663291000018944,346.5779020007176,4.696652000347967,356.9382060013595,True,False,CPUExecutionProvider
324715,4.782653999427566,428.73047099965333,4.6583799994550645,438.1721859990648,True,False,CPUExecutionProvider
567898,7.231133000459522,353.0073239999183,4.599608999342308,364.83842699999514,True,False,CPUExecutionProvider
270677,9.332478999567684,345.2993230002903,4.4635730009758845,359.09587599962833,True,False,CPUExecutionProvider
291551,5.555207999350387,435.0436629993055,12.73898200088297,453.3385049999197,True,False,CPUExecutionProvider
293858,11.248376000366989,391.29060300001584,4.642940999474376,407.18233000006876,True,False,CPUExecutionProvider
523957,6.632536998949945,325.6747860014002,4.683346998717752,336.99132099900453,True,False,CPUExecutionProvider
89078,6.860325000161538,372.4325909988693,4.713223001090228,384.00677000026917,True,False,CPUExecutionProvider
322574,7.305262999580009,339.2730739997205,4.667507000704063,351.2468360004277,True,False,CPUExecutionProvider
344100,4.249040001013782,358.39874999874155,4.917597001622198,367.56594800135645,True,False,CPUExecutionProvider
84674,7.915530999525799,342.2835909987043,5.594911999651231,355.7948359994043,True,False,CPUExecutionProvider
246883,6.3483710000582505,431.0400300000765,15.565231999062235,452.9541739993874,True,False,CPUExecutionProvider
142971,9.286151998821879,336.2978219993238,4.492927999308449,350.07775299891364,True,False,CPUExecutionProvider
54164,7.249247000800096,559.142829000848,12.52559000022302,578.9182470016385,True,False,CPUExecutionProvider
335328,15.156362000197987,586.4616569997452,4.59973900069599,606.2186100007239,True,False,CPUExecutionProvider
453040,7.318857999052852,502.65576600031636,12.865669999882812,522.8412559990829,True,False,CPUExecutionProvider
462371,8.323699999891687,394.6337580000545,4.510822000156622,407.4689810004202,True,False,CPUExecutionProvider
365095,6.713889000820927,389.98996500049543,15.867321000769152,412.571636001303,True,False,CPUExecutionProvider
536038,10.854895001102705,400.9851640003035,5.245624999588472,417.08596399985254,True,False,CPUExecutionProvider
241668,6.72205400042003,365.0391020000825,4.629865999959293,376.3916740008426,True,False,CPUExecutionProvider
65074,4.678277000493836,468.68430900030944,12.67424000070605,486.0373270003038,True,False,CPUExecutionProvider
415882,10.981473000356345,334.1358540001238,4.511372000706615,349.6300520000659,True,False,CPUExecutionProvider
238013,5.57070700051554,379.9451909999334,4.389424000692088,389.90597300107765,True,False,CPUExecutionProvider
571598,4.6351960008905735,383.3597889988596,4.554454000754049,392.5500200002716,True,False,CPUExecutionProvider
419601,6.031373999576317,357.529209999484,4.475015000934945,368.03601999963576,True,False,CPUExecutionProvider
473821,10.283789999448345,447.6173149996612,10.310609999578446,468.21242599980906,True,False,CPUExecutionProvider
84362,11.666262998915045,504.1330450003443,12.800436999896192,528.6009270002978,True,False,CPUExecutionProvider
474293,13.532254999518045,528.2310700004018,5.570566998358117,547.3350939992088,True,False,CPUExecutionProvider
256775,9.840405000431929,550.8974680014944,13.062249998256448,573.8008039988927,True,False,CPUExecutionProvider
506004,8.56232799924328,587.1933750004246,4.454034999071155,600.2107799995429,True,False,CPUExecutionProvider
270908,8.766062001086539,392.77248199869064,5.005181999877095,406.54451699992933,True,False,CPUExecutionProvider
379332,7.282139000380994,368.03447200145456,4.499038999711047,379.8167220011237,True,False,CPUExecutionProvider
193743,6.814999000198441,485.9372849987267,6.054748000678956,498.8076829995407,True,False,CPUExecutionProvider
331317,7.209180999780074,360.23933499927807,4.340461000538198,371.7896690013731,True,False,CPUExecutionProvider
215778,7.493356000850326,272.5139209996996,4.567357998894295,284.57546699974046,True,False,CPUExecutionProvider
145020,5.032454000684083,292.5820279997424,4.774188000737922,302.3897319999378,True,False,CPUExecutionProvider
172396,6.2262409992399625,301.014873000895,4.460025998923811,311.7020419995242,True,False,CPUExecutionProvider
419653,7.040042999506113,381.69550499878824,5.113225000968669,393.84949499981303,True,False,CPUExecutionProvider
73153,6.8328119996294845,376.13421400055813,4.463362000024063,387.4307790010789,True,False,CPUExecutionProvider
560911,9.655726998971659,410.53271900091204,5.381630999181652,425.5708989985578,True,False,CPUExecutionProvider
263425,7.353091999902972,377.9423369996948,4.468221000934136,389.7642709998763,True,False,CPUExecutionProvider
24243,7.685237998884986,266.3886360005563,4.747737999423407,278.8221929986321,True,False,CPUExecutionProvider
544306,7.277869999597897,389.29220200043346,7.934115999887581,404.5047390009131,True,False,CPUExecutionProvider
135890,4.351461000624113,319.19957200079807,4.541869999229675,328.0931139997847,True,False,CPUExecutionProvider
60363,4.599047999363393,354.8958589999529,4.464494999410817,363.96001299908676,True,False,CPUExecutionProvider
142620,5.2065320014662575,301.7979119995289,4.8616519998176955,311.86669700036873,True,False,CPUExecutionProvider
66771,4.514517999268719,340.12635399994906,5.913932998737437,350.55508599907625,True,False,CPUExecutionProvider
66817,4.973672999767587,290.9010280000075,4.387840001072618,300.26313199959986,True,False,CPUExecutionProvider
370486,8.506563999617356,328.019251999649,4.921044001093833,341.44792200095253,True,False,CPUExecutionProvider
17899,8.557549999750336,329.7019089986861,4.814624000573531,343.07456299939076,True,False,CPUExecutionProvider
109976,6.633026001509279,388.34527299877664,4.428717000337201,399.4076180006232,True,False,CPUExecutionProvider
66841,8.152286998665659,376.949802001036,12.755080999340862,397.85811199908494,True,False,CPUExecutionProvider
98018,7.451446999766631,422.37762799959455,4.511011999056791,434.34085799890454,True,False,CPUExecutionProvider
301376,6.963128000279539,437.6785509994079,4.585312000926933,449.227602000974,True,False,CPUExecutionProvider
47121,6.65650100017956,418.45868800010066,4.503959000430768,429.61955800092255,True,False,CPUExecutionProvider
289343,7.805834000464529,382.85210899994127,12.89439300126105,403.5526870011381,True,False,CPUExecutionProvider
68078,18.273629999384866,433.139492999544,4.658910000216565,456.0723539998435,True,False,CPUExecutionProvider
327769,8.535928000128479,332.04189899879566,4.702252001152374,345.2811210008804,True,False,CPUExecutionProvider
92124,3.6541890003718436,328.3916370000952,5.564244000197505,337.6105010011088,True,False,CPUExecutionProvider
368335,6.891282999276882,335.9037169993826,4.447963001439348,347.24395500052196,True,False,CPUExecutionProvider
457848,4.426101999342791,355.01350999948045,15.564830000585061,375.004933001037,True,False,CPUExecutionProvider
578792,6.2370910000026925,272.3379859999113,4.535148000286426,283.1111270006659,True,False,CPUExecutionProvider
2149,6.924826000613393,309.8880020006618,4.483980999793857,321.29745000020193,True,False,CPUExecutionProvider
275749,6.966123999518459,407.35186300116766,4.82404200010933,419.14279000047827,True,False,CPUExecutionProvider
192871,7.073114999002428,331.92583699928946,4.506483999648481,343.5060469983,True,False,CPUExecutionProvider
468925,4.8309550002159085,314.9073389995465,4.453063000255497,324.19183700039866,True,False,CPUExecutionProvider
276284,7.308528000066872,325.20847999876423,4.472829999940586,336.9905799991102,True,False,CPUExecutionProvider
85376,4.611420999935945,361.07465700115426,4.65113499922154,370.33783399965614,True,False,CPUExecutionProvider
196185,4.910775000098511,278.67617400079325,4.43541999993613,288.02313999949547,True,False,CPUExecutionProvider
71711,4.4600460005312925,339.53962700070406,4.57896000079927,348.5788430007233,True,False,CPUExecutionProvider
423798,3.847632999168127,307.9950060000556,4.424729000675143,316.26825900093536,True,False,CPUExecutionProvider
288584,6.880322000142769,268.2057329984673,4.718593001598492,279.80504800143535,True,False,CPUExecutionProvider
98716,6.069536000723019,308.7084969993157,4.5507970007747645,319.3293710010039,True,False,CPUExecutionProvider
66561,6.943932001377107,300.5142519996298,4.560474000754766,312.01940900064074,True,False,CPUExecutionProvider
217060,11.362159000782412,270.43675200002326,4.457029999684892,286.25654200004647,True,False,CPUExecutionProvider
531707,6.8468380013655405,287.06357999908505,4.420622000907315,298.3313710010407,True,False,CPUExecutionProvider
569030,6.46481900002982,315.212278999752,4.758978000609204,326.4364669994393,True,False,CPUExecutionProvider
94871,5.059685001469916,290.50535900023533,4.489020000619348,300.05450500175357,True,False,CPUExecutionProvider
15746,8.157315998687409,327.66106100098114,4.496214000027976,340.31520200005616,True,False,CPUExecutionProvider
390301,8.192872999643441,374.5354889997543,12.51960700028576,395.2489909988799,True,False,CPUExecutionProvider
39484,15.471644999706768,343.33481499925256,4.803071000424097,363.61022199889703,True,False,CPUExecutionProvider
273617,9.228451999661047,361.748567000177,4.398400000354741,375.3761600000871,True,False,CPUExecutionProvider
288685,7.784174000335042,306.6512200002762,4.962511999110575,319.3982760003564,True,False,CPUExecutionProvider
76261,6.338322000374319,284.8951649993978,4.2900659991573775,295.5240329993103,True,False,CPUExecutionProvider
176847,5.527794999579783,311.97300699932384,4.336231999332085,321.8375449996529,True,False,CPUExecutionProvider
542073,6.550861999130575,360.0304209994647,4.445188000318012,371.0270319988922,True,False,CPUExecutionProvider
494863,8.07381899903703,282.7586919993337,4.391547001432627,295.2248990004591,True,False,CPUExecutionProvider
307598,4.453733999980614,344.8751710002398,4.62283200067759,353.9519570003904,True,False,CPUExecutionProvider
505942,4.439337000803789,276.98429100018984,4.578408999805106,286.00270800052385,True,False,CPUExecutionProvider
309173,5.847057000210043,296.68245000175375,4.3146219995833235,306.84452000059537,True,False,CPUExecutionProvider
304365,4.522974000792601,350.87387100065826,4.531259999566828,359.92849600006593,True,False,CPUExecutionProvider
14473,4.428366000865935,295.9167389999493,4.557398999168072,304.90315499991993,True,False,CPUExecutionProvider
396338,6.95491199985554,341.0966159990494,4.4063440000172704,352.45826199934527,True,False,CPUExecutionProvider
416330,5.185771999094868,334.9505149999459,5.631800999253755,345.7687089994579,True,False,CPUExecutionProvider
14831,4.850781000641291,405.5486090001068,13.055657000222709,423.45549799938453,True,False,CPUExecutionProvider
572408,16.919659999985015,327.71076599965454,4.488629001571098,349.1199560012319,True,False,CPUExecutionProvider
125806,4.3442269998195115,290.90655500112916,4.598896999596036,299.85015999955067,True,False,CPUExecutionProvider
90062,7.6044050001655705,354.4167260006361,6.2135070002113935,368.235600000844,True,False,CPUExecutionProvider
512648,13.143050999133266,281.40284300025087,6.009392998748808,300.556398999106,True,False,CPUExecutionProvider
505573,6.1266830016393214,421.4199029993324,12.662696000916185,440.2099030012323,True,False,CPUExecutionProvider
160772,11.147203000291483,298.139208000066,4.487156998948194,313.77409900051134,True,False,CPUExecutionProvider
88250,4.2015489998448174,334.81951399880927,4.404200000863057,343.4257740009343,True,False,CPUExecutionProvider
441543,9.509790999800316,339.13557800042327,7.350886999120121,355.996887999936,True,False,CPUExecutionProvider
293300,7.067243999699713,363.5290560014255,4.4347479997668415,375.0320090002788,True,False,CPUExecutionProvider
511398,7.677792998947552,327.33735800138675,4.418326998347766,339.4342689989571,True,False,CPUExecutionProvider
93965,5.439189000753686,287.1105649992387,4.5298469995032065,297.08030199981295,True,False,CPUExecutionProvider
163290,7.141623000279651,286.84660799990525,4.443935000381316,298.43271800018556,True,False,CPUExecutionProvider
572900,4.319572000895278,350.47576100078004,5.480637000800925,360.2764710012707,True,False,CPUExecutionProvider
134856,6.471872999100015,289.65206799875887,4.530338001131895,300.6549300007464,True,False,CPUExecutionProvider
267933,4.969685000105528,296.9211510007881,5.398531999162515,307.2898089994851,True,False,CPUExecutionProvider
40036,7.767080000121496,284.52965500036953,4.436371000338113,296.73397800070234,True,False,CPUExecutionProvider
576955,6.94628600103897,379.53097299941874,7.378660000540549,393.8567300010618,True,False,CPUExecutionProvider
185473,5.324072000803426,313.6555010005395,4.498296999372542,323.47819000096933,True,False,CPUExecutionProvider
465585,7.273541999893496,436.4282139995339,5.14947299961932,448.85207999868726,True,False,CPUExecutionProvider
81738,6.6133690015703905,565.0637849994382,6.148813999971026,577.82650900117,True,False,CPUExecutionProvider
442463,7.255677999637555,414.6471019994351,4.3741429999499815,426.277663998917,True,False,CPUExecutionProvider
450399,4.3232379994151415,339.388025999142,6.03082199995697,349.74245599914866,True,False,CPUExecutionProvider
516173,6.550721000166959,496.0053570011951,15.935587000058149,518.4926870006166,True,False,CPUExecutionProvider
224222,11.513261999425595,326.7962809986784,4.536279000603827,342.84648399989237,True,False,CPUExecutionProvider
270122,6.94208700042509,367.59382800119056,5.268296999929589,379.80472300114343,True,False,CPUExecutionProvider
148739,4.663578998588491,474.2946160004067,12.650833999941824,491.6094689997408,True,False,CPUExecutionProvider
371552,5.959508000159985,300.3960759997426,4.784475999258575,311.1408909990132,True,False,CPUExecutionProvider
47801,7.936570000310894,314.8039460011205,4.356339999503689,327.0975470004487,True,False,CPUExecutionProvider
249550,6.910829000844387,389.92584200059355,12.769495999236824,409.6067980008229,True,False,CPUExecutionProvider
569972,16.150540999660734,308.7486269996589,4.588376999890897,329.4886370003951,True,False,CPUExecutionProvider
317999,3.9952099996298784,382.2333099997195,4.555475001325249,390.7844860004843,True,False,CPUExecutionProvider
416534,10.932109000350465,345.00406999904953,4.6990150003694,360.63571500017133,True,False,CPUExecutionProvider
121744,7.681238001168822,338.043187999574,4.626890000508865,350.3517370008922,True,False,CPUExecutionProvider
257865,6.235347000256297,286.17544299959263,4.3530740003916435,296.7649460006214,True,False,CPUExecutionProvider
324927,7.55112400111102,343.08000700002594,4.42591099999845,355.0576630004798,True,False,CPUExecutionProvider
80022,7.344305000515305,313.09119799880136,4.337795000537881,324.7738690006372,True,False,CPUExecutionProvider
556000,8.774767000431893,383.9602170010039,15.84729000023799,408.5829650011874,True,False,CPUExecutionProvider
257370,7.510306999392924,300.122384000133,4.561116000331822,312.19495000004827,True,False,CPUExecutionProvider
39477,7.974550999279018,351.7644429994107,4.604247000315809,364.34379199999967,True,False,CPUExecutionProvider
23751,4.532962000666885,296.11310600012075,4.349808001279598,304.99661800058675,True,False,CPUExecutionProvider
573008,6.732423000357812,312.81769999986864,4.50018100127636,324.0510750001704,True,False,CPUExecutionProvider
403122,7.051803999274853,338.92117599862104,4.78474600095069,350.75834700000996,True,False,CPUExecutionProvider
438876,6.151038000098197,287.4862659991777,4.306296001232113,297.9446720000851,True,False,CPUExecutionProvider
412286,6.475479000073392,293.53759699915827,4.37271100054204,304.3864379997103,True,False,CPUExecutionProvider
147415,4.033563000120921,316.80123699879914,4.457160001038574,325.2922709998529,True,False,CPUExecutionProvider
179112,6.137051999758114,369.5654450002621,13.096993001454393,388.8000410006498,True,False,CPUExecutionProvider
261318,4.85809500059986,343.1526779986598,6.176406001031864,354.18761000073573,True,False,CPUExecutionProvider
410487,7.29649399909249,291.44788200028415,4.5496339989767876,303.2946709990938,True,False,CPUExecutionProvider
168593,7.778532000884297,307.45323799965263,4.551848000119207,319.78410900046583,True,False,CPUExecutionProvider
372260,4.9594550000620075,293.58613600015815,4.6189540007617325,303.16493600003014,True,False,CPUExecutionProvider
536073,4.951110000547487,336.15404200099874,4.564271999697667,345.6696749999537,True,False,CPUExecutionProvider
31749,8.4808339997835,292.12863100110553,4.413446999024018,305.02336300014576,True,False,CPUExecutionProvider
546826,6.169483000121545,348.9714469997125,4.404240999065223,359.5456719995127,True,False,CPUExecutionProvider
310200,10.481239000000642,553.5949039986008,4.621568999937153,568.6984239982849,True,False,CPUExecutionProvider
2685,5.526823999389308,355.5927799989149,4.812618999494589,365.9326229990256,True,False,CPUExecutionProvider
417632,5.020069000238436,398.3771330003947,4.711808998763445,408.1097329999466,True,False,CPUExecutionProvider
244750,4.712911000751774,387.53929099948436,4.932595000354922,397.1852480008238,True,False,CPUExecutionProvider
29187,5.214015000092331,369.1427429985197,4.393580000396469,378.7508789991989,True,False,CPUExecutionProvider
343466,5.363545000363956,317.62267500016605,4.415220999362646,327.40205300069647,True,False,CPUExecutionProvider
248111,5.900124999243417,333.1587889988441,4.948094001520076,344.0074390000518,True,False,CPUExecutionProvider
173799,8.731625999644166,429.7759520013642,4.898571000012453,443.40659900080936,True,False,CPUExecutionProvider
307145,5.607084000075702,332.5848969998333,6.752150000465917,344.9444819998462,True,False,CPUExecutionProvider
519569,7.105815999238985,301.45653299950936,4.994631999579724,313.55736199839157,True,False,CPUExecutionProvider
557258,3.978107999500935,301.22746199958783,4.44698100000096,309.6530819984764,True,False,CPUExecutionProvider
360564,6.946956000319915,337.62513299916463,4.532020999249653,349.10501199919963,True,False,CPUExecutionProvider
308466,5.030308999266708,385.3956510010903,4.670250998970005,395.0971119993483,True,False,CPUExecutionProvider
551304,4.81073499940976,485.51786099960736,4.295916000046418,494.62523399961356,True,False,CPUExecutionProvider
114770,11.21441900068021,471.1423399985506,4.559071001494885,486.9165520012757,True,False,CPUExecutionProvider
234413,7.33343299907574,332.01511100014613,4.4854230000055395,343.8346889997774,True,False,CPUExecutionProvider
165681,9.26453899955959,318.27426600102626,4.79076699957659,332.33033299984527,True,False,CPUExecutionProvider
267300,6.820639000579831,331.8815780003206,4.852533998928266,343.5552920000191,True,False,CPUExecutionProvider
147740,7.721743999354658,271.182635000514,4.445839000254637,283.350708999933,True,False,CPUExecutionProvider
485237,5.4880499992577825,315.9452300005796,4.528002998995362,325.9618739994039,True,False,CPUExecutionProvider
208901,6.750195998392883,280.1736380006332,4.429987999174045,291.354462999152,True,False,CPUExecutionProvider
404479,6.564817000253242,303.5438870010694,4.666232998715714,314.775547998579,True,False,CPUExecutionProvider
504000,6.79623299947707,351.29907600094157,4.4375119996402645,362.5335819997417,True,False,CPUExecutionProvider
96549,5.830475000038859,296.3982860001124,4.308409001168911,306.53783100024157,True,False,CPUExecutionProvider
110721,4.346562000137055,298.35043999992195,4.473650998988887,307.1712139990268,True,False,CPUExecutionProvider
438017,6.839744000899373,314.1067269989435,4.4960630002606194,325.443236000865,True,False,CPUExecutionProvider
405205,6.760975998986396,295.213915000204,4.430009001225699,306.4056109997182,True,False,CPUExecutionProvider
134689,4.818299999897135,388.2348759998422,6.176705999678234,399.23026299948106,True,False,CPUExecutionProvider
89697,6.865262001156225,315.3725989996019,5.310987000484602,327.5496500009467,True,False,CPUExecutionProvider
349302,8.545634998881724,331.4932220000628,5.753379000452696,345.7929670003068,True,False,CPUExecutionProvider
16502,3.6154150002403185,296.0290079990955,4.375787000753917,304.0204900007666,True,False,CPUExecutionProvider
550691,5.60003099963069,346.04131400010374,4.505560998950386,356.14733699912904,True,False,CPUExecutionProvider
452321,4.658748999645468,306.6510610005935,4.477717999179731,315.7877479989111,True,False,CPUExecutionProvider
233567,8.113051000691485,396.2992430006125,12.798409999959404,417.2116260015173,True,False,CPUExecutionProvider
413404,7.8701139991608215,357.8111870010616,4.9123459994007135,370.59433799913677,True,False,CPUExecutionProvider
321887,7.321290999243502,367.36680200010596,4.364824999356642,379.05395999950997,True,False,CPUExecutionProvider
345261,7.403274999887799,441.5078249985527,12.571933000799618,461.48363499924017,True,False,CPUExecutionProvider
147498,12.767410999003914,433.0490419997659,4.682733999288757,450.50027899924316,True,False,CPUExecutionProvider
509451,7.328955000048154,407.33674399962183,16.80281799963268,431.46902800071985,True,False,CPUExecutionProvider
509719,14.630978999775834,345.9729999995034,4.352162000941462,364.9574640003266,True,False,CPUExecutionProvider
169169,6.833452000137186,324.3309749996115,4.762304000905715,335.92741200118326,True,False,CPUExecutionProvider
119233,4.564901999401627,362.32993799967517,4.529345000264584,371.4246859999548,True,False,CPUExecutionProvider
439593,5.448354999316507,355.373653001152,4.475693998756469,365.29808299928845,True,False,CPUExecutionProvider
124277,5.624576999252895,321.81244200000947,4.331563999585342,331.76928399916505,True,False,CPUExecutionProvider
426268,7.121605000065756,332.39559199864743,4.871720000664936,344.38985899942054,True,False,CPUExecutionProvider
133000,7.424224000715185,267.2721830003866,4.506381999817677,279.2032100005599,True,False,CPUExecutionProvider
565153,6.682016999548068,326.7320610011666,4.468340999665088,337.88303999972413,True,False,CPUExecutionProvider
235399,6.988383998759673,447.45810700078437,5.216638999627321,459.66411199879076,True,False,CPUExecutionProvider
189806,5.010019998735515,355.1070980010991,4.497875999732059,364.61533500005316,True,False,CPUExecutionProvider
129416,6.727112000589841,335.5174559983425,4.542310000033467,346.7875289989024,True,False,CPUExecutionProvider
519039,6.07919299909554,430.2005609988555,12.796627001080196,449.0768819996447,True,False,CPUExecutionProvider
518213,12.529333000202314,507.5257659991621,15.346514999691863,535.4023449999659,True,False,CPUExecutionProvider
365208,11.257759999352857,293.51901299924066,4.917766000289703,309.69548099892563,True,False,CPUExecutionProvider
450075,7.280894998984877,457.60282600167557,12.874402998932055,477.7587449989369,True,False,CPUExecutionProvider
60932,14.943476999178529,439.5482929994614,4.695027000707341,459.18816899938975,True,False,CPUExecutionProvider
473219,4.049973000292084,343.8091780008108,5.132840999067412,352.99232299985306,True,False,CPUExecutionProvider
152214,5.209745999309234,328.65377300004184,4.534034000243992,338.39817399893946,True,False,CPUExecutionProvider
309964,7.984047999343602,364.2228310000064,4.620206000254257,376.8279870000697,True,False,CPUExecutionProvider
399655,6.317010000202572,351.37628999837034,5.419439999968745,363.1137319989648,True,False,CPUExecutionProvider
80153,4.551246000119136,304.4683279986202,4.560354000204825,313.5813810004038,True,False,CPUExecutionProvider
177861,4.79217000065546,283.4938690011768,6.631301999732386,294.91796200090903,True,False,CPUExecutionProvider
194216,7.485087999157258,366.6857539992634,12.708892001683125,386.8807660001039,True,False,CPUExecutionProvider
308753,8.889732000170625,384.9259060007171,4.651465000279131,398.46759400097653,True,False,CPUExecutionProvider
119088,5.950921000476228,310.71558499934326,4.582355000820826,321.2495220013807,True,False,CPUExecutionProvider
71756,7.493514000088908,331.56923500064295,4.42440799997712,343.48786900045525,True,False,CPUExecutionProvider
577149,7.011988000158453,349.2192570010957,4.506291999859968,360.7383580001624,True,False,CPUExecutionProvider
564280,7.65624000086973,301.42041799990693,4.381998000098974,313.45941800100263,True,False,CPUExecutionProvider
85823,5.15710699983174,330.5580810010724,4.514927999480278,340.2307569995173,True,False,CPUExecutionProvider
364636,5.316316999596893,334.66284700079996,4.417784999532159,344.3974399997387,True,False,CPUExecutionProvider
402783,7.225430001199129,392.1731530008401,4.404059000080451,403.803463001168,True,False,CPUExecutionProvider
113589,5.052680999142467,313.56248100019,4.655671998989419,323.2712039989565,True,False,CPUExecutionProvider
167240,4.3052429991803365,390.6506060011452,12.63509199998225,407.5915220000752,True,False,CPUExecutionProvider
419312,8.686078999744495,276.07667300071626,4.684978999648592,289.4485619999614,True,False,CPUExecutionProvider
425361,8.135653000863385,411.3823259995115,7.564858999103308,427.08366999977443,True,False,CPUExecutionProvider
352760,8.07758399969316,312.608412001282,6.693037999866647,327.3799260005035,True,False,CPUExecutionProvider
579900,9.99353999941377,352.94070599957195,7.971754001118825,370.90707199968165,True,False,CPUExecutionProvider
569825,18.264107000504737,391.5820759993949,7.026445000519743,416.8738600001234,True,False,CPUExecutionProvider
92660,9.109807000641013,315.4318150009203,7.001238000157173,331.54407200163405,True,False,CPUExecutionProvider
466602,12.611557998752687,244.96524300047895,6.76494300023478,264.3426449994877,True,False,CPUExecutionProvider
128112,8.275977999801398,275.9132529990893,6.762037000953569,290.9519690001616,True,False,CPUExecutionProvider
96825,8.428944000115735,278.53489800145326,6.718113998431363,293.6829880000005,True,False,CPUExecutionProvider
562229,7.52364099935221,268.6004169991065,9.942984999725013,286.06729399871256,True,False,CPUExecutionProvider
157365,9.558900999763864,297.2886549996474,7.59340200056613,314.4419899999775,True,False,CPUExecutionProvider
15254,11.85251800052356,256.1141160003899,7.0273069995892,274.99508400069317,True,False,CPUExecutionProvider
221872,7.5561330013442785,302.76639299881936,4.648248999728821,314.9718069998926,True,False,CPUExecutionProvider
515577,6.858598999315291,305.391152998709,4.514127000220469,316.7642499993235,True,False,CPUExecutionProvider
53626,8.306453999466612,299.8694810012239,4.997946998628322,313.1747039988113,True,False,CPUExecutionProvider
376112,8.000288000403089,303.05490600039775,4.730913999082986,315.7871499988687,True,False,CPUExecutionProvider
343937,7.028447998891352,319.47817699983716,4.605127000104403,331.11256399934064,True,False,CPUExecutionProvider
530975,4.246722999596386,300.3601130003517,4.65255699964473,309.2601440002909,True,False,CPUExecutionProvider
495448,8.029362999877776,327.0560189994285,4.366066999864415,339.45238100022834,True,False,CPUExecutionProvider
120777,6.436364999899524,320.97162600075535,4.544482999335742,331.9705479989352,True,False,CPUExecutionProvider
535858,7.004282999332645,344.18912599903706,4.451418000826379,355.64568900008453,True,False,CPUExecutionProvider
530624,5.31651600067562,339.5547820000502,4.354495998995844,349.22628499953134,True,False,CPUExecutionProvider
7795,6.4560120008536614,303.13139599820715,4.513856001722161,314.1018950009311,True,False,CPUExecutionProvider
263403,6.932167001650669,259.5382370000152,4.944607000652468,271.41554200170503,True,False,CPUExecutionProvider
167159,6.145186000139802,277.6712459999544,4.364024000096833,288.18092700021225,True,False,CPUExecutionProvider
568195,6.581698000445613,290.8747660003428,4.76066000010178,302.2176150006999,True,False,CPUExecutionProvider
318238,5.233309999312041,322.2534060005273,4.438804999153945,331.92615199914144,True,False,CPUExecutionProvider
491008,4.414819999510655,264.61324699994293,4.907507000098121,273.93607500016515,True,False,CPUExecutionProvider
396526,4.135934999794699,265.25894200131006,4.733378998935223,274.1289069999766,True,False,CPUExecutionProvider
385719,7.88949900015723,290.26469599921256,4.561485999147408,302.71650299982866,True,False,CPUExecutionProvider
172595,3.8174649998836685,276.72012299990456,4.646575998776825,285.18465499837475,True,False,CPUExecutionProvider
328601,6.876582998302183,290.90685399933136,4.431360999660683,302.21556999822496,True,False,CPUExecutionProvider
76468,8.115474998703576,267.5443920015823,5.37469699884241,281.03548499893805,True,False,CPUExecutionProvider
373382,4.398738999952911,257.00020599833806,5.805527000120492,267.2049729990249,True,False,CPUExecutionProvider
554156,6.15669799844909,266.408143001172,4.346411000369699,276.9116330000543,True,False,CPUExecutionProvider
530820,8.289903000331833,286.07031100000313,4.420098999617039,298.78094400010013,True,False,CPUExecutionProvider
400161,9.327456000391976,274.5883409988892,5.145254001035937,289.06251400076144,True,False,CPUExecutionProvider
383838,6.4717710010882,346.70569700028864,4.339737999544013,357.51780700047675,True,False,CPUExecutionProvider
498032,6.699399998979061,309.7304509992682,4.6423080002568895,321.07277999966755,True,False,CPUExecutionProvider
479248,5.1194459992984775,319.6524260001752,13.927332998719066,338.69943499848887,True,False,CPUExecutionProvider
181753,9.78830300118716,360.78345100031584,4.771890999109019,375.34503800088714,True,False,CPUExecutionProvider
415716,6.466390999776195,342.9191749983147,4.490001001613564,353.8759380007832,True,False,CPUExecutionProvider
27186,6.569124001543969,365.91735200090625,4.655411999920034,377.1424790011224,True,False,CPUExecutionProvider
366225,7.718278000538703,475.2405830004136,15.823612999156467,498.7832749993686,True,False,CPUExecutionProvider
379441,11.919243001102586,489.53329300093174,12.774152999554644,514.2271000004257,True,False,CPUExecutionProvider
15660,14.971859998695436,326.31444100115914,4.793411999344244,346.0804839996854,True,False,CPUExecutionProvider
39914,8.154016999469604,330.26785099900735,4.665952001232654,343.08883199992124,True,False,CPUExecutionProvider
304404,5.221317000177805,311.2756549999176,4.977919001248665,321.47522200102685,True,False,CPUExecutionProvider
570688,6.871554000099422,348.28374900098424,4.892908998954226,360.04898299870547,True,False,CPUExecutionProvider
236599,6.398342000466073,398.5804330004612,5.006113000490586,409.9853890002123,True,False,CPUExecutionProvider
450439,5.323149000105332,284.1380769987154,4.4005420004396,293.8623890004237,True,False,CPUExecutionProvider
429690,4.394551000586944,332.45872200132,4.618331999154179,341.4719659995171,True,False,CPUExecutionProvider
248112,6.518167998365243,338.86533999975654,4.423084999871207,349.8070839996217,True,False,CPUExecutionProvider
166166,6.391099001120892,390.6653150006605,4.469461999178748,401.52676700017764,True,False,CPUExecutionProvider
427034,7.024139998975443,405.7244570012699,11.789418998887413,424.5386269994924,True,False,CPUExecutionProvider
170116,10.402638999948977,327.0787149995158,4.109244000574108,341.59140900010243,True,False,CPUExecutionProvider
410735,5.040265999923577,327.7788720006356,4.907295999146299,337.72712599966326,True,False,CPUExecutionProvider
52413,6.6476320007495815,294.10361999907764,6.331877000775421,307.083870000497,True,False,CPUExecutionProvider
397354,4.149489999690559,304.3586210005742,5.3120979991945205,313.82046999897284,True,False,CPUExecutionProvider
579321,8.081480000328156,365.1232569991407,4.365886999948998,377.5711960006447,True,False,CPUExecutionProvider
44279,4.317455999625963,350.1539420012705,5.528835999939474,360.0011960006668,True,False,CPUExecutionProvider
157807,6.511255000077654,285.12320700065175,4.5125529995857505,296.147736000421,True,False,CPUExecutionProvider
256941,6.178759000249556,275.22592800050916,4.785216999152908,286.1910360006732,True,False,CPUExecutionProvider
279278,4.587002998960088,296.0565930006851,4.660130998672685,305.3042479987198,True,False,CPUExecutionProvider
255401,7.306351999432081,274.9344990006648,4.451598999366979,286.6928299990832,True,False,CPUExecutionProvider
555597,6.75512400084699,319.87084399952437,4.527642000539345,331.15400099995895,True,False,CPUExecutionProvider
455624,7.755857999654836,330.59269299883454,4.811976999917533,343.1612189997395,True,False,CPUExecutionProvider
376310,5.101841999930912,322.2217279999313,4.471284999453928,331.79532599933736,True,False,CPUExecutionProvider
5503,5.671795001035207,260.6982330016763,4.481474999920465,270.8519140014687,True,False,CPUExecutionProvider
322429,5.434077000245452,295.3102859992214,5.055595000158064,305.8001890003652,True,False,CPUExecutionProvider
143556,9.143610001046909,266.8367459991714,4.513174000749132,280.4942510010733,True,False,CPUExecutionProvider
392481,6.139785000414122,367.5191310012451,4.276800000297953,377.93626700113236,True,False,CPUExecutionProvider
404128,6.618867999350186,296.9523460014898,4.4002619997627335,307.9724580002221,True,False,CPUExecutionProvider
497568,6.518819000120857,289.263975000722,4.383088999020401,300.166213999546,True,False,CPUExecutionProvider
500049,7.093992000591243,299.0829650007072,4.451287999472697,310.62853599905793,True,False,CPUExecutionProvider
161044,5.229602998952032,342.01100999962364,4.460866000954411,351.70196000035503,True,False,CPUExecutionProvider
144114,5.976648999421741,271.5606750007282,4.45694799964258,281.9949029999407,True,False,CPUExecutionProvider
248810,7.531334000304923,271.82656500008306,4.608933999406872,283.96732399960456,True,False,CPUExecutionProvider
296969,4.986926000128733,266.57264700043015,4.566404000797775,276.1265480003203,True,False,CPUExecutionProvider
11511,7.856015001380001,324.45794100021885,4.97936200008553,337.29362900157867,True,False,CPUExecutionProvider
396903,6.846435999250389,277.6858910001465,4.386807000628323,288.91967500021565,True,False,CPUExecutionProvider
17905,7.810660999894026,322.0237799996539,4.742926999824704,334.57787800034566,True,False,CPUExecutionProvider
372203,4.922335001538158,373.7304659989604,5.56395100102236,384.21731300149986,True,False,CPUExecutionProvider
189226,6.638835000558174,401.6248549996817,4.395652998937294,412.6598139991984,True,False,CPUExecutionProvider
27768,7.943270000396296,309.85250099911354,4.443191999598639,322.2393739997642,True,False,CPUExecutionProvider
350607,7.790904001012677,268.66896899991843,4.463190000024042,280.9238140016532,True,False,CPUExecutionProvider
418959,5.104436999317841,428.7220630012598,13.38318799935223,447.20999799938,True,False,CPUExecutionProvider
204871,13.714933000301244,367.7537139992637,4.427883999596816,385.89773300009256,True,False,CPUExecutionProvider
88462,4.083866000655689,341.00668400060385,4.651684999771533,349.74258500005817,True,False,CPUExecutionProvider
99114,15.095660999577376,410.0116869994963,5.213161000938271,430.3214409992506,True,False,CPUExecutionProvider
449198,6.058183000277495,319.7397659987473,4.879754000285175,330.6784840006003,True,False,CPUExecutionProvider
475150,4.2869789995165775,257.939613000417,10.70138099930773,272.92860399938945,True,False,CPUExecutionProvider
320232,12.928231999467243,333.40361199952895,4.548750999674667,350.88159699989774,True,False,CPUExecutionProvider
581100,7.4002180008392315,399.85797299959813,13.304461001098389,420.5630930009647,True,False,CPUExecutionProvider
6723,12.353199999779463,287.39914700054214,5.004568998629111,304.75761699926807,True,False,CPUExecutionProvider
289594,7.098800999301602,351.43553799935034,4.451177001101314,362.9860170003667,True,False,CPUExecutionProvider
476491,8.203329000025406,532.7576889994816,4.3900620003114454,545.3518610011088,True,False,CPUExecutionProvider
31322,4.506171000684844,352.51606999918295,4.855619001318701,361.8783510009962,True,False,CPUExecutionProvider
278006,7.133064998924965,300.3495289995044,4.7946739996405086,312.27786899944476,True,False,CPUExecutionProvider
314914,7.564536999780103,281.695679999757,4.326022000896046,293.5871110003063,True,False,CPUExecutionProvider
337987,4.641574998458964,329.3590260000201,4.842103000555653,338.8434259995847,True,False,CPUExecutionProvider
249643,4.984069999409257,289.0954869999405,4.389231000459404,298.4692890004226,True,False,CPUExecutionProvider
578967,5.073639000329422,418.3672640010627,12.446254999304074,435.8882300002733,True,False,CPUExecutionProvider
247838,11.444068999480805,281.3717090011778,4.65365899981407,297.46987799990166,True,False,CPUExecutionProvider
131444,4.814381001779111,334.314951000124,4.403908998938277,343.53413300050306,True,False,CPUExecutionProvider
261796,6.859269999040407,322.3495010006445,4.2686950000643265,333.4778560001723,True,False,CPUExecutionProvider
312549,7.408403000226826,283.0409899997903,4.054630999235087,294.5047049997811,True,False,CPUExecutionProvider
135410,4.217327001242666,344.6797169999627,4.4901100009155925,353.3874950007885,True,False,CPUExecutionProvider
573626,6.5946310005529085,279.44989100069506,4.450496000572457,290.49564900014957,True,False,CPUExecutionProvider
306582,7.528678999733529,285.5757690012979,12.866977000157931,305.9722369998781,True,False,CPUExecutionProvider
426372,10.907587999099633,279.9520560001838,4.864524998993147,295.72510099933424,True,False,CPUExecutionProvider
147745,7.088891999956104,365.131485999882,5.097463999845786,377.31817300118564,True,False,CPUExecutionProvider
154000,7.620622000104049,337.6512479990197,4.321022001022357,349.5935230002942,True,False,CPUExecutionProvider
535094,4.036066000480787,263.40688500022225,4.3221140003879555,271.7659570007527,True,False,CPUExecutionProvider
286422,7.013930999164586,413.1059860010282,13.095706999592949,433.21640499925707,True,False,CPUExecutionProvider
357081,14.878961999784224,275.27451000059955,4.251100999681512,294.40534499917703,True,False,CPUExecutionProvider
458223,6.236887998966267,372.7317579996452,4.3795930014312034,383.3487100000639,True,False,CPUExecutionProvider
311518,4.841281999688363,336.2726790001034,4.444033998879604,345.5589069999405,True,False,CPUExecutionProvider
445248,8.306343001095229,286.614651000491,4.370876000393764,299.2924910013244,True,False,CPUExecutionProvider
170739,8.513452999977744,361.28149700016365,4.872800998782623,374.668151998776,True,False,CPUExecutionProvider
281754,7.21553000039421,339.31269999993674,4.449894999197568,350.97853600018425,True,False,CPUExecutionProvider
112110,7.557853999969666,372.4304799998208,11.574734000532771,391.5637490008521,True,False,CPUExecutionProvider
341094,13.624901999719441,256.67239699942,4.377679000754142,274.676320999788,True,False,CPUExecutionProvider
161978,6.216800000402145,326.77695600068546,4.9333749993820675,337.9277620006178,True,False,CPUExecutionProvider
517832,10.017553000579937,341.9522259991936,12.77846000084537,364.74907100091514,True,False,CPUExecutionProvider
521819,11.16611500037834,262.22679000056814,4.830050000236952,278.2238670006336,True,False,CPUExecutionProvider
303499,5.3454600001714425,311.52746499901696,4.731684999569552,321.60506099899067,True,False,CPUExecutionProvider
448263,2.9130419989087386,333.49332500074524,4.194533999907435,340.6011919996672,True,False,CPUExecutionProvider
559547,6.7957699993712595,281.77698200124723,4.414257999087567,292.9874009987543,True,False,CPUExecutionProvider
109118,4.7994220003602095,419.7052870003972,8.314729000630905,432.8197890008596,True,False,CPUExecutionProvider
174123,8.919486999729997,409.6228919988789,5.446220000521862,423.9889590007806,True,False,CPUExecutionProvider
366711,5.322236000210978,361.68917800023337,4.562706999422517,371.57472199942276,True,False,CPUExecutionProvider
13597,7.0638950001011835,339.634059000673,4.343515000073239,351.0421099999803,True,False,CPUExecutionProvider
579091,6.210599000041839,342.35765499943227,4.1720520002854755,352.740926999104,True,False,CPUExecutionProvider
209142,6.537223000123049,322.8932919992076,4.764937000800273,334.1960130001098,True,False,CPUExecutionProvider
70048,4.351128998678178,509.78742000006605,4.480301999137737,518.6196519989608,True,False,CPUExecutionProvider
106912,7.573724000394577,341.1046550008905,4.637166999600595,353.31616700023005,True,False,CPUExecutionProvider
276055,6.440791999921203,272.1439390006708,4.923135998978978,283.5084479993384,True,False,CPUExecutionProvider
548555,4.55039400003443,333.7680860004184,4.741423999803374,343.0603950000659,True,False,CPUExecutionProvider
257084,4.163215000517084,403.23682700000063,13.054819000899442,420.45582300124806,True,False,CPUExecutionProvider
154087,11.136379000163288,420.9843169992382,4.7817100003157975,436.902896999527,True,False,CPUExecutionProvider
217872,6.646428000749438,352.2705670002324,4.511229999479838,363.42904699995415,True,False,CPUExecutionProvider
513567,6.601193001188221,367.9495140004292,4.6468460004689405,379.19815400164225,True,False,CPUExecutionProvider
304817,5.094006999570411,287.905179999143,4.493688000366092,297.49346599965065,True,False,CPUExecutionProvider
164115,7.91549799942004,474.18834599920956,12.397541999234818,494.50183599947195,True,False,CPUExecutionProvider
341973,11.397991000194452,363.4500050011411,4.4871840000269,379.33629200051655,True,False,CPUExecutionProvider
554595,6.186173000969575,450.1882160002424,13.640051000038511,470.01483000167354,True,False,CPUExecutionProvider
540932,8.1757669995568,286.65669899964996,4.424536000442458,299.25796300085494,True,False,CPUExecutionProvider
46048,6.6889480003737845,316.7631790001906,4.408396000144421,327.8610640008992,True,False,CPUExecutionProvider
59635,7.982733000972075,290.9004850007477,4.920399998809444,303.80412900012743,True,False,CPUExecutionProvider
289415,7.202545000836835,410.98702599992976,6.464426000093226,424.65489900132525,True,False,CPUExecutionProvider
162581,5.5002119988785125,321.2175799999386,4.361809000329231,331.0801219995483,True,False,CPUExecutionProvider
139,7.450852999681956,316.04916200012667,4.774545999680413,328.2756030002929,True,False,CPUExecutionProvider
33221,6.786051000744919,315.2099220005766,4.769105999002932,326.76572099990153,True,False,CPUExecutionProvider
334417,6.560847999935504,344.3916230007744,4.550273999484489,355.50359599983494,True,False,CPUExecutionProvider
276285,4.914929999358719,354.8922340014542,4.730632999780937,364.53810700004396,True,False,CPUExecutionProvider
237071,4.5066809998388635,323.0552670011093,4.639921999114449,332.20254099978774,True,False,CPUExecutionProvider
85772,7.0983090008667205,358.1920530014031,4.668305999075528,369.9590190008166,True,False,CPUExecutionProvider
25603,7.796993999363622,374.980708998919,16.580774001340615,399.3590980007866,True,False,CPUExecutionProvider
158744,15.400694001073134,423.94417699870246,4.970994999894174,444.3168079997122,True,False,CPUExecutionProvider
474021,5.890786000236403,317.31126500017126,4.55481199969654,327.7577549997659,True,False,CPUExecutionProvider
506178,10.449416000483325,410.1449350000621,4.395492000185186,424.9908450001385,True,False,CPUExecutionProvider
159399,6.7025239986833185,340.8198760007508,4.505109000092489,352.0281309993152,True,False,CPUExecutionProvider
521719,4.611930000464781,364.5632600000681,4.417314001329942,373.5931150004035,True,False,CPUExecutionProvider
193245,6.084040000132518,306.0830819995317,4.78968400057056,316.9574069997907,True,False,CPUExecutionProvider
163117,6.7525280010158895,340.90271099921665,4.8750549995020265,352.53078499954427,True,False,CPUExecutionProvider
224675,5.6015019999904325,276.8498750010622,4.3925959998887265,286.8444840005395,True,False,CPUExecutionProvider
109827,5.3955240000505,292.20245699980296,4.365296001196839,301.96362800052157,True,False,CPUExecutionProvider
89296,7.318152000152622,380.9903639994445,4.377248000309919,392.68627500132425,True,False,CPUExecutionProvider
320490,6.738161000612308,370.2353419994324,4.473920000236831,381.4480740002182,True,False,CPUExecutionProvider
160012,9.642417000577552,378.3833559991763,4.61404300040158,392.64118900064204,True,False,CPUExecutionProvider
312263,6.723504000547109,289.13617599937425,4.6940140000515385,300.55439500029024,True,False,CPUExecutionProvider
363461,6.96471699848189,385.6128110001009,4.6714609998161905,397.24948999901244,True,False,CPUExecutionProvider
154213,7.114108999303426,417.83268700055487,7.193358000222361,432.1407250008633,True,False,CPUExecutionProvider
365886,5.206358000577893,303.68287100100133,4.536496999207884,313.42669799960277,True,False,CPUExecutionProvider
203629,6.324081999991904,444.26530999953684,14.211755998985609,464.802159998726,True,False,CPUExecutionProvider
180798,8.625303000371787,317.82108699917444,4.473799001061707,330.92128099997353,True,False,CPUExecutionProvider
446207,4.143287000260898,318.4506510006031,4.750721000164049,327.34506000088004,True,False,CPUExecutionProvider
233139,10.838738000529702,397.36183900095057,12.602787999639986,420.80389600050694,True,False,CPUExecutionProvider
215114,15.288331998817739,492.1025359999476,12.769891998686944,520.1611109987425,True,False,CPUExecutionProvider
175438,11.306168000373873,300.9918429997924,5.681232001734315,317.98032500046247,True,False,CPUExecutionProvider
150638,6.978061999689089,337.0474680014013,4.817766999622108,348.8441490007972,True,False,CPUExecutionProvider
429530,6.235554999875603,289.87811699880695,4.5816020010533975,300.6957850011531,True,False,CPUExecutionProvider
95069,5.2934120012650965,345.2649520004343,4.550012999970932,355.1093480000418,True,False,CPUExecutionProvider
161397,7.096826000633882,327.2313530014799,4.284743999960483,338.6134540014609,True,False,CPUExecutionProvider
569700,4.418406000695541,321.5924099986296,5.199335000725114,331.2103610005579,True,False,CPUExecutionProvider
231237,8.755266999287414,365.0456260002102,4.545363999568508,378.3470189991931,True,False,CPUExecutionProvider
419098,6.062730000849115,294.06033600025694,4.398749000756652,304.52275600146095,True,False,CPUExecutionProvider
237517,7.577380998554872,336.84954199998174,5.152477000592626,349.5802609995735,True,False,CPUExecutionProvider
579070,4.753275001348811,372.57399299960525,6.242318000658997,383.57000700125354,True,False,CPUExecutionProvider
78404,6.628364999414771,366.74267899979895,4.5814919994882075,377.9532169992308,True,False,CPUExecutionProvider
482436,6.485564999820781,414.09163500065915,4.467307000595611,425.0451990010333,True,False,CPUExecutionProvider
485424,5.364254999221885,459.2754679997597,4.469781999432598,469.10989599928143,True,False,CPUExecutionProvider
435880,5.484011000589817,351.7611829993257,4.543790999377961,361.7893049995473,True,False,CPUExecutionProvider
425226,6.615389998842147,464.0083539998159,8.691437000379665,479.31610199884744,True,False,CPUExecutionProvider
276018,12.445631999071338,376.1948039991694,5.372731000534259,394.01367800019216,True,False,CPUExecutionProvider
426166,3.768623000723892,296.2049380003009,6.995174000621773,306.9695360009064,True,False,CPUExecutionProvider
292005,6.901548000314506,454.03060500029824,12.632773999939673,473.5654180003621,True,False,CPUExecutionProvider
33854,11.144182000862202,337.66925999952946,4.815010999664082,353.62890400028846,True,False,CPUExecutionProvider
52412,7.369849001406692,385.2837670001463,5.277632000797894,397.93185900089156,True,False,CPUExecutionProvider
523229,8.284360999823548,366.88597300053516,12.809416999516543,387.98048199896584,True,False,CPUExecutionProvider
484415,6.289466000453103,347.67597999962163,4.367850000562612,358.33421800089127,True,False,CPUExecutionProvider
68093,5.10585900156002,265.9546769991721,4.552316999252071,275.6135039999208,True,False,CPUExecutionProvider
299887,5.026458999054739,399.6274479995918,4.746843000248191,409.4010509998043,True,False,CPUExecutionProvider
394199,5.062215999714681,296.72296900025685,4.411341999002616,306.1968779984454,True,False,CPUExecutionProvider
481567,5.313209001542418,366.24372100050095,5.849107999893022,377.40666900026554,True,False,CPUExecutionProvider
405432,6.242056999326451,330.8881350003503,4.784635000760318,341.9154180010082,True,False,CPUExecutionProvider
314251,8.499636000124156,308.78317399947264,4.873511999903712,322.15747400005057,True,False,CPUExecutionProvider
260657,5.653770000208169,282.3698060001334,4.561986001135665,292.5859630013292,True,False,CPUExecutionProvider
290619,5.649823000567267,402.53380499962077,4.295222999644466,412.47923099945183,True,False,CPUExecutionProvider
214869,7.049607000226388,345.6015320007282,4.654709999158513,357.30616900036694,True,False,CPUExecutionProvider
256192,7.823443000233965,370.9218320000218,5.029044999901089,383.77523200142605,True,False,CPUExecutionProvider
41872,10.98657600050501,339.6811689999595,6.41408099909313,357.0825679998961,True,False,CPUExecutionProvider
208208,7.900939001046936,375.4327700007707,12.710850998701062,396.04538200001116,True,False,CPUExecutionProvider
98520,12.11745399996289,309.3005259997881,4.792679001184297,326.21139000002586,True,False,CPUExecutionProvider
388258,4.186948999631568,292.44029599976784,4.481243000554969,301.10908900132927,True,False,CPUExecutionProvider
26204,7.187356999565964,367.49118300031114,4.650832999686827,379.33004399928905,True,False,CPUExecutionProvider
296317,11.083777999374433,335.4858429993328,4.4858720011689,351.0564150001301,True,False,CPUExecutionProvider
234526,6.176983999466756,342.08316700096475,13.066399998933775,361.32699199879426,True,False,CPUExecutionProvider
202339,15.534944999672007,272.08762299960654,4.682261000198196,292.30592100066133,True,False,CPUExecutionProvider
238039,6.123152999862214,349.566008999318,4.3743120004364755,360.0642860001244,True,False,CPUExecutionProvider
459437,5.486074000145891,284.2024199999287,4.51207100013562,294.20093600128894,True,False,CPUExecutionProvider
355817,4.847582000365946,306.34035099865287,4.543200000625802,315.73134400059644,True,False,CPUExecutionProvider
351530,7.827920999261551,346.5401439989364,4.699584000263712,359.06878099922324,True,False,CPUExecutionProvider
569273,5.115677000503638,428.8370760004909,13.005955999688013,446.958929000175,True,False,CPUExecutionProvider
357748,12.641679999433109,440.56283200006874,5.15322799947171,458.35852199888905,True,False,CPUExecutionProvider
20107,5.902838998736115,366.9763399993826,4.457557999558048,377.337127998544,True,False,CPUExecutionProvider
415536,5.276859999867156,433.26811299994006,5.718681999496766,444.26400599877525,True,False,CPUExecutionProvider
423617,6.986678999965079,390.6703680004284,4.579858999932185,402.2373369989509,True,False,CPUExecutionProvider
84170,4.957178000040585,540.3155230014818,16.124503999890294,561.3975760006724,True,False,CPUExecutionProvider
564336,8.236851001129253,263.37956000134,4.853493999689817,276.4707170008478,True,False,CPUExecutionProvider
509258,10.048090000054799,465.3638809995755,12.876111999503337,488.2890539993241,True,False,CPUExecutionProvider
104119,8.663233000334003,375.56366699936916,4.3333249996067025,388.560895999035,True,False,CPUExecutionProvider
42563,7.16727800136141,415.75227700013784,12.546600999485236,435.4669570002443,True,False,CPUExecutionProvider
66135,11.12026699956914,351.7648390006798,4.418515998622752,367.30437299956975,True,False,CPUExecutionProvider
27932,5.517642999620875,412.38480799984245,4.388629000459332,422.29184200004966,True,False,CPUExecutionProvider
488710,4.1905859998223605,407.2979940010555,7.1861429987620795,418.6754149995977,True,False,CPUExecutionProvider
363072,5.508305999683216,335.6788660003076,4.352280999228242,345.5399029990076,True,False,CPUExecutionProvider
469246,6.952372999876388,346.26278299947444,4.640773000573972,357.85634000058053,True,False,CPUExecutionProvider
234660,5.422034000730491,415.5157479999616,4.505387998506194,425.44353999983286,True,False,CPUExecutionProvider
430871,6.127490998551366,341.1322169995401,4.224991000228329,351.4856809997582,True,False,CPUExecutionProvider
140203,7.851565000237315,386.0501260005549,4.824308000024757,398.7271120004152,True,False,CPUExecutionProvider
434996,6.100990998675115,343.63898300034634,4.6285610005725175,354.3693470001017,True,False,CPUExecutionProvider
18833,6.311738001386402,384.09648800006835,4.625575000318349,395.0342420012021,True,False,CPUExecutionProvider
231580,8.457366000584443,291.28739400039194,4.540034000456217,304.2857950003963,True,False,CPUExecutionProvider
350003,7.512087000577594,352.6002460002928,4.432992000147351,364.54580600002373,True,False,CPUExecutionProvider
409867,4.599875999701908,381.638300999839,12.616351999895414,398.8551109996479,True,False,CPUExecutionProvider
33109,12.387411999952747,279.31989100034116,4.607019998729811,296.3153849996161,True,False,CPUExecutionProvider
58111,7.096774999808986,419.8513829996955,14.635240999268717,441.58373899881553,True,False,CPUExecutionProvider
295420,12.245986001289566,259.5261019996542,4.349234999608598,276.12227400095435,True,False,CPUExecutionProvider
343076,7.166595998569392,293.75833100129967,4.500859999097884,305.42634799894586,True,False,CPUExecutionProvider
50006,7.583931999761262,371.65040299987595,4.551755999273155,383.7865219993546,True,False,CPUExecutionProvider
443426,6.530148999445373,302.08002099971054,4.36221900054079,312.97296000047936,True,False,CPUExecutionProvider
460683,4.396133001137059,361.771141000645,4.463579000002937,370.6311630012351,True,False,CPUExecutionProvider
265108,9.04770699889923,461.43629499965755,12.95686299999943,483.44190699936007,True,False,CPUExecutionProvider
540466,16.651275000185706,356.10390399961034,4.822344999411143,377.5786659989535,True,False,CPUExecutionProvider
503855,4.192087999399519,329.34667200061085,5.967610000880086,339.50681100031943,True,False,CPUExecutionProvider
275198,5.149209999217419,318.8698059984745,18.020040000919835,342.03972700015584,True,False,CPUExecutionProvider
58384,4.963040000802721,277.3221379993629,4.54009300119651,286.82599200146797,True,False,CPUExecutionProvider
554579,7.7804520005884115,384.4236060012918,4.392996999740717,396.5975259998231,True,False,CPUExecutionProvider
71226,7.246076000228641,363.5670769999706,4.434935999597656,375.24900100106606,True,False,CPUExecutionProvider
183437,5.0975020003534155,406.6839760016592,4.474249999475433,416.2561490011285,True,False,CPUExecutionProvider
9891,8.079895000264514,293.28670000177226,4.566652998619247,305.9341799998947,True,False,CPUExecutionProvider
347930,11.112441001387197,346.30138400098076,4.394751000290853,361.80900700128404,True,False,CPUExecutionProvider
389933,4.678182998759439,318.64089100054116,4.448921999937738,327.76833699972485,True,False,CPUExecutionProvider
22192,4.7819589999562595,389.88671399965824,11.500681999677909,406.1696259996097,True,False,CPUExecutionProvider
493019,14.22145200012892,273.0191479986388,4.539993000435061,291.78105400023924,True,False,CPUExecutionProvider
491683,3.9171910011646105,376.9237689994043,4.723919000753085,385.56521000100474,True,False,CPUExecutionProvider
52462,7.697044999076752,310.37761900006444,4.421871000886313,322.4969359998795,True,False,CPUExecutionProvider
504439,5.5121830009738915,293.4932050011412,4.410659999848576,303.4170900009485,True,False,CPUExecutionProvider
347370,3.83788199906121,277.92417599994224,4.314710000471678,286.07715900034236,True,False,CPUExecutionProvider
2587,3.8563770012842724,313.54743399970175,4.181588999927044,321.58606099983444,True,False,CPUExecutionProvider
60855,6.265580999752274,326.3657650004461,4.429013999470044,337.06072099994344,True,False,CPUExecutionProvider
210030,8.010834999367944,453.6308860006102,13.326778000191553,474.9691699998948,True,False,CPUExecutionProvider
293794,11.837526999443071,352.92327199931606,5.120566000186955,369.8823459999403,True,False,CPUExecutionProvider
498919,5.902036999032134,394.1734960008034,14.886553999531316,414.9627779988805,True,False,CPUExecutionProvider
153797,12.87064099960844,344.5850089992746,4.477755999687361,361.93462799928966,True,False,CPUExecutionProvider
358427,5.152927000381169,369.76623500049755,12.64692899894726,387.5666820003971,True,False,CPUExecutionProvider
169356,15.203901000859332,377.3469499992643,5.016981000153464,397.56837300046755,True,False,CPUExecutionProvider
378673,6.683907999104122,331.70520100065914,5.976706999717862,344.3668569998408,True,False,CPUExecutionProvider
284106,6.587306999790599,401.6253659992799,10.479480000867625,418.6926839993248,True,False,CPUExecutionProvider
223090,7.77300799927616,407.53232200040657,12.439279000318493,427.74547999943024,True,False,CPUExecutionProvider
263068,10.54044500051532,364.77547100002994,4.5041260000289185,379.82070299949555,True,False,CPUExecutionProvider
319617,5.151273999217665,317.689583000174,4.514205000305083,327.35615399906237,True,False,CPUExecutionProvider
297595,6.8604199987021275,310.38309299947286,4.387366001537885,321.6314000001148,True,False,CPUExecutionProvider
253452,7.302411999262404,284.5113069997751,4.590608999933465,296.40485900017666,True,False,CPUExecutionProvider
451693,6.577627998922253,319.8309920007887,4.337110998676508,330.74627199857787,True,False,CPUExecutionProvider
575815,7.394284000838525,300.71168299946294,4.486482001084369,312.5932110015128,True,False,CPUExecutionProvider
403353,6.7386699993221555,297.3624200003542,4.417662999912864,308.5192239996104,True,False,CPUExecutionProvider
296222,6.639102999542956,276.72568500020134,4.615144000126747,287.98033299972303,True,False,CPUExecutionProvider
382125,4.6306040003400994,367.4904469989997,9.851839000475593,381.97321000006923,True,False,CPUExecutionProvider
495732,5.300134000208345,381.77652999911516,12.670593001530506,399.74779800104443,True,False,CPUExecutionProvider
110449,10.654870999132982,367.9038230002334,4.476563999560312,383.03611899937096,True,False,CPUExecutionProvider
367386,6.765381000150228,335.94136600004276,5.6488999998691725,348.35606799970265,True,False,CPUExecutionProvider
319100,6.758719000572455,254.86832200112985,4.580488999636145,266.2080310001329,True,False,CPUExecutionProvider
507575,6.878504000269459,271.3863049993961,4.4039370004611555,282.66924700074014,True,False,CPUExecutionProvider
492758,7.19790500079398,289.82795900083147,4.659697999159107,301.68660399976943,True,False,CPUExecutionProvider
57760,4.260427000190248,243.26309299976856,4.598532999807503,252.12258400097198,True,False,CPUExecutionProvider
16439,6.613805999222677,254.71257799836167,4.489247001401964,265.8163920004881,True,False,CPUExecutionProvider
43737,6.746506000126828,295.8637550000276,4.567865998978959,307.1785979991546,True,False,CPUExecutionProvider
292225,2.8430000002117595,291.9589069988433,4.417162001118413,299.2194300004485,True,False,CPUExecutionProvider
171788,7.69333700009156,250.19608799993875,4.340798999692197,262.23108599879197,True,False,CPUExecutionProvider
504389,6.563390999872354,312.8591670010792,4.426850000527338,323.8497480015212,True,False,CPUExecutionProvider
411774,6.904313000632101,276.54497099865694,4.333194001446827,287.78282800158195,True,False,CPUExecutionProvider
181499,7.228974000099697,303.70820600001025,4.3226849993516225,315.26055600079417,True,False,CPUExecutionProvider
192191,7.852266000554664,290.73124500064296,4.594826999891666,303.1791699995665,True,False,CPUExecutionProvider
433192,5.917434998991666,274.2615629995271,4.4552039998961845,284.6352239994303,True,False,CPUExecutionProvider
506933,7.810969000274781,331.9398520015966,4.437599998709629,344.1887310000311,True,False,CPUExecutionProvider
1296,7.513478998589562,283.09466400060046,4.390351999973063,294.99930599922664,True,False,CPUExecutionProvider
444275,5.076232000646996,356.567183000152,4.429485999935423,366.0731720010517,True,False,CPUExecutionProvider
512248,4.711035999207525,263.72613700004877,4.334094999649096,272.77165799932845,True,False,CPUExecutionProvider
117492,5.200646000957931,251.12334999903396,4.812315999515704,261.1366029996134,True,False,CPUExecutionProvider
145591,7.468755000445526,402.90753499903076,4.44844100093178,414.8250210000697,True,False,CPUExecutionProvider
356531,7.436023000991554,268.5001079989888,4.399930001454777,280.3368830009276,True,False,CPUExecutionProvider
376322,4.777379999723053,416.5490539999155,5.008124999221764,426.3348489985219,True,False,CPUExecutionProvider
379476,7.365190000200528,291.98347899910004,5.8371840004838305,305.1865639990865,True,False,CPUExecutionProvider
68833,5.01914499909617,366.1100280005485,4.595497999616782,375.72505199932493,True,False,CPUExecutionProvider
211825,3.7903419997746823,363.8251680004032,4.494167000302696,372.11013799969805,True,False,CPUExecutionProvider
229311,6.270801000937354,278.3510040007968,4.673415000070236,289.2959710006835,True,False,CPUExecutionProvider
351609,4.664618001697818,330.13239600040833,4.512400999374222,339.3098150008882,True,False,CPUExecutionProvider
368900,7.057671000438859,273.32529600062117,4.417341999214841,284.80091100027494,True,False,CPUExecutionProvider
384808,5.704544999389327,353.15642099885736,4.471583999475115,363.3332609988429,True,False,CPUExecutionProvider
291634,4.700715999206295,296.6917760004435,4.6132910010783235,306.0073659999034,True,False,CPUExecutionProvider
222094,7.010851999439183,313.7966329995834,4.606108001098619,325.41448499978287,True,False,CPUExecutionProvider
206271,4.276748000847874,258.31277599900204,4.552767000859603,267.1427710010903,True,False,CPUExecutionProvider
348045,7.538945999840507,349.79944199949387,4.866948000199045,362.20608800067566,True,False,CPUExecutionProvider
329614,5.344387000150164,384.6186430000671,4.596067999955267,394.5594889992208,True,False,CPUExecutionProvider
89761,7.966360999489552,394.6034109994798,13.80190199961362,416.3722749999579,True,False,CPUExecutionProvider
267351,13.011816001380794,304.89301799934765,4.3127349999849685,322.21796900012123,True,False,CPUExecutionProvider
435003,7.280741001522983,272.42443800059846,4.635362000044552,284.34106200074893,True,False,CPUExecutionProvider
131138,4.798459998710314,310.075778999817,4.654368000046816,319.52897799965285,True,False,CPUExecutionProvider
248314,7.610090000525815,261.6466069994203,5.444776001240825,274.7020140013774,True,False,CPUExecutionProvider
508482,7.871912999689812,288.1206040001416,4.4568669982254505,300.4502259991568,True,False,CPUExecutionProvider
46378,7.261574000949622,309.8039559990866,4.829327999686939,321.8957099998079,True,False,CPUExecutionProvider
129135,4.82130299860728,305.06495800000266,4.785275001268019,314.6720570002799,True,False,CPUExecutionProvider
293324,7.3317570004292065,313.5184359998675,4.433832998984144,325.28473700040195,True,False,CPUExecutionProvider
156071,4.9867939997056965,361.0513200001151,4.486351999730687,370.5248370006302,True,False,CPUExecutionProvider
446206,10.479741000381182,297.6057010000659,4.436657998667215,312.5230919995374,True,False,CPUExecutionProvider
166509,5.153557000085129,267.4518590010848,4.48015099937038,277.086097999927,True,False,CPUExecutionProvider
87244,6.182593999255914,298.14332199930504,4.4389430004230235,308.76533999980893,True,False,CPUExecutionProvider
438269,6.797230998927262,314.72606700117467,4.363901998658548,325.8879209988663,True,False,CPUExecutionProvider
249219,5.236093000348774,275.02058100071736,4.342602000178886,284.59977700003947,True,False,CPUExecutionProvider
474452,3.6329459999251412,290.5651199998829,4.633308999473229,298.8320770000428,True,False,CPUExecutionProvider
338532,6.477508999523707,336.9738299988967,4.579567001201212,348.03140700023505,True,False,CPUExecutionProvider
157847,5.073075999462162,330.85619899975427,4.415798999616527,340.3457349995733,True,False,CPUExecutionProvider
134034,7.997929998964537,259.34465099999215,5.479741001181537,272.8225829996518,True,False,CPUExecutionProvider
166259,4.101567999896361,291.2210340000456,4.347230000348645,299.6703130011156,True,False,CPUExecutionProvider
267946,6.835202000729623,299.648893000267,4.144358999838005,310.62895499962906,True,False,CPUExecutionProvider
489046,8.721271000467823,378.9002029989206,4.420859000674682,392.04339500065544,True,False,CPUExecutionProvider
347163,6.350991001454531,350.03698999935295,4.318215000239434,360.70700700111047,True,False,CPUExecutionProvider
210099,7.160163999287761,259.02366599984816,4.577212999720359,270.76181399934285,True,False,CPUExecutionProvider
353970,6.876841000121203,298.7116780004726,4.446957998879952,310.0363079993258,True,False,CPUExecutionProvider
416170,5.4817350010125665,313.4726539992698,4.407413000080851,323.36270400082867,True,False,CPUExecutionProvider
574315,7.441162000759505,290.7372520003264,4.386874999909196,302.5659100003395,True,False,CPUExecutionProvider
328286,4.349794999143342,370.32907100001466,13.669071999174776,388.34841899915773,True,False,CPUExecutionProvider
156372,9.14680200003204,270.40732400018896,4.401712998514995,283.9562599983765,True,False,CPUExecutionProvider
463849,4.844635999688762,298.0342409991863,4.694593999374774,307.57374199856713,True,False,CPUExecutionProvider
423944,6.814372998633189,350.8920149997721,4.370224000012968,362.0773029997508,True,False,CPUExecutionProvider
133645,4.484990000491962,311.82317700040585,4.528882000158774,320.83740000052785,True,False,CPUExecutionProvider
222559,7.273757000803016,272.41132499875675,4.662073000872624,284.3479870007286,True,False,CPUExecutionProvider
188689,6.580923998626531,263.097087999995,4.339094999522786,274.01805899899045,True,False,CPUExecutionProvider
100428,7.103095998900244,335.82537199981743,5.995512001391035,348.9243109997915,True,False,CPUExecutionProvider
163682,4.718658999991021,323.3052920004411,4.377436998765916,332.40178899905004,True,False,CPUExecutionProvider
157213,7.738952999716275,312.7223680003226,5.801317000077688,326.2636700001167,True,False,CPUExecutionProvider
287527,8.43296899984125,274.919363000663,4.2549869995127665,287.60823999982676,True,False,CPUExecutionProvider
388846,4.548779999822727,267.5644930004637,4.966876000253251,277.08080999946105,True,False,CPUExecutionProvider
557672,6.704785999318119,337.6264499984245,5.576273000770016,349.9085509993165,True,False,CPUExecutionProvider
48504,4.556965001029312,295.11401200034015,5.7446999999228865,305.41614799949457,True,False,CPUExecutionProvider
465180,4.633879998436896,373.6316100003023,4.593314000885584,382.8592949994345,True,False,CPUExecutionProvider
213033,7.2970210003404645,358.76023699893267,4.502092000620905,370.5599610002537,True,False,CPUExecutionProvider
329041,7.4087010016228305,329.7246690017346,4.59488599881297,341.729268000563,True,False,CPUExecutionProvider
110972,4.8489149994566105,284.0457040001638,4.3498559989529895,293.2448249994195,True,False,CPUExecutionProvider
520707,5.023132000133046,310.9302430002572,4.687451000791043,320.64144700052566,True,False,CPUExecutionProvider
423104,6.943165000848239,255.0942150010087,4.467917000511079,266.50567800061253,True,False,CPUExecutionProvider
291861,4.666020000513527,307.0346009990317,4.2323750003561145,315.9335969994572,True,False,CPUExecutionProvider
515982,7.381749999694875,258.41146700076933,4.374901998744463,270.1686199998221,True,False,CPUExecutionProvider
129945,6.2975809996714815,275.1041070005158,4.402824999488075,285.80507399965427,True,False,CPUExecutionProvider
128598,7.1759229995222995,343.0241219994059,6.228039999768953,356.42868599825306,True,False,CPUExecutionProvider
257478,6.516813000416732,271.051900999737,4.35960399954638,281.9289389990445,True,False,CPUExecutionProvider
194746,3.9738979994581314,285.5711929987592,4.414156001075753,293.95945699980075,True,False,CPUExecutionProvider
213171,6.929979999767966,251.65072300114844,4.3360090003261575,262.9170630007138,True,False,CPUExecutionProvider
559707,5.8361720002721995,380.88418299957993,9.39465700139408,396.1153930013097,True,False,CPUExecutionProvider
309655,10.884191000513965,288.94953800045187,4.798318999746698,304.6330699999089,True,False,CPUExecutionProvider
324158,6.077846999687608,263.03411300068547,4.8117939986696,273.9243649994023,True,False,CPUExecutionProvider
2473,6.351691999952891,278.07055700031924,4.459341000256245,288.88227100105723,True,False,CPUExecutionProvider
68628,6.357632999424823,386.7724220017408,4.4902889985678485,397.62090499971237,True,False,CPUExecutionProvider
447611,5.624523000733461,331.77292800064606,4.469760999199934,341.86770300038916,True,False,CPUExecutionProvider
398438,5.845138999575283,304.3253100004222,5.343625000023167,315.5148650002957,True,False,CPUExecutionProvider
142790,5.788512999060913,390.8233130005101,4.546705000393558,401.1591620001127,True,False,CPUExecutionProvider
449190,4.996671999833779,329.60277299935115,4.516107001109049,339.1164140011824,True,False,CPUExecutionProvider
393469,7.67797799926484,353.0210490007448,4.421760999321123,365.1211679989501,True,False,CPUExecutionProvider
345941,8.314775999679114,320.9933819998696,4.587311999785015,333.8963820006029,True,False,CPUExecutionProvider
420069,7.418569999572355,279.9755689993617,4.5659719999093795,291.960480999478,True,False,CPUExecutionProvider
227985,6.745112001226516,375.0396899995394,4.4310880002740305,386.21651100038434,True,False,CPUExecutionProvider
231125,8.335874999829684,285.9295319994999,4.733357000077376,298.9997559998301,True,False,CPUExecutionProvider
216636,7.347175000177231,341.4761329986504,4.297847000998445,353.12163600065105,True,False,CPUExecutionProvider
277689,4.128668000703328,308.91802800033474,4.504976999669452,317.5519140004326,True,False,CPUExecutionProvider
92939,4.541636000794824,261.0719969998172,4.698441000073217,270.31258500028343,True,False,CPUExecutionProvider
468332,11.781609000536264,241.23005000001285,4.647945999749936,257.6604670011875,True,False,CPUExecutionProvider
9914,4.554921000817558,314.6109200006322,4.38533099986671,323.55166300112614,True,False,CPUExecutionProvider
16451,5.1192019982408965,316.7454270005692,4.6252430001914036,326.4903729996149,True,False,CPUExecutionProvider
31620,7.770913000058499,305.04031000054965,4.522089999227319,317.33368299865106,True,False,CPUExecutionProvider
420840,7.129264999093721,284.66801600006875,4.34767099977762,296.1454229989613,True,False,CPUExecutionProvider
422670,6.272833999901195,402.47825700134854,4.457757999261958,413.2092700001522,True,False,CPUExecutionProvider
451571,7.396799001071486,295.9709930000827,4.320981001001201,307.6892940007383,True,False,CPUExecutionProvider
213830,4.780866000146489,335.063201999219,4.608712000845117,344.4531610002741,True,False,CPUExecutionProvider
19432,5.854987000930123,333.94221299931814,4.741021000882029,344.5384920014476,True,False,CPUExecutionProvider
79969,5.125734998728149,367.61970199950156,4.608482000548975,377.35450999934983,True,False,CPUExecutionProvider
485027,6.267193000894622,309.05649499982246,4.4475590002548415,319.77171800099313,True,False,CPUExecutionProvider
385029,4.502803001741995,320.4879959994287,4.6889029999874765,329.679982000016,True,False,CPUExecutionProvider
307172,6.88615800027037,344.6604599994316,4.4626970011449885,356.0096950004663,True,False,CPUExecutionProvider
521717,7.084760998623096,306.899995999629,5.19512500068231,319.18022299942095,True,False,CPUExecutionProvider
140076,6.322305998764932,401.8167390004237,4.672772000049008,412.81233799963957,True,False,CPUExecutionProvider
182155,3.947548000724055,322.1839540001383,4.458168999917689,330.5902819993207,True,False,CPUExecutionProvider
532761,7.559904999652645,263.73236700055713,4.541836999123916,275.83447999859345,True,False,CPUExecutionProvider
468954,6.453312998928595,345.5577959994116,4.434864998984267,356.4467259984667,True,False,CPUExecutionProvider
19786,3.5122389999742154,352.13273699991987,4.79894999989483,360.4445269993448,True,False,CPUExecutionProvider
458410,7.938528000522638,279.9706120003975,4.970812999090413,292.88088499924925,True,False,CPUExecutionProvider
66635,6.925772000613506,372.7789069998835,4.53786899925035,384.24306900014926,True,False,CPUExecutionProvider
383289,4.413905000546947,387.80694299930474,6.01323500086437,398.23428400086414,True,False,CPUExecutionProvider
294695,4.43579700004193,305.1391799999692,4.497984000408906,314.0734409989818,True,False,CPUExecutionProvider
143068,6.365066999933333,367.59264600004826,12.825292998968507,386.78374699884444,True,False,CPUExecutionProvider
367228,10.289410998666426,367.12015599914594,4.3780880005215295,381.78824599890504,True,False,CPUExecutionProvider
140929,6.4260819999617524,377.14683299964236,4.394528999910108,387.9684349994932,True,False,CPUExecutionProvider
476787,5.331092001142679,424.4518840005185,4.552205999061698,434.3359230006172,True,False,CPUExecutionProvider
182923,6.352522999804933,450.9683979995316,16.67262299997674,473.9943759996095,True,False,CPUExecutionProvider
430048,3.76270100059628,414.7614080011408,12.651355998968938,431.1760359996697,True,False,CPUExecutionProvider
426241,7.0070450001367135,403.0529870015016,4.501038998569129,414.5619029986847,True,False,CPUExecutionProvider
226058,6.588127000213717,282.4526490003336,4.333613998824148,293.37498099994264,True,False,CPUExecutionProvider
321118,7.15575499998522,338.57440000065253,4.532728999038227,350.26354499859735,True,False,CPUExecutionProvider
78170,8.095101999060716,361.6605100014567,4.534902998784673,374.29125599919644,True,False,CPUExecutionProvider
112997,11.017471000741352,307.0569339997746,4.883239000264439,322.9586860015843,True,False,CPUExecutionProvider
345356,7.2664629988139495,330.0135190002038,4.688381999585545,341.96895499917446,True,False,CPUExecutionProvider
334977,4.156601000431692,409.4202559990663,4.776597999807564,418.3544269999402,True,False,CPUExecutionProvider
459954,4.593442999976105,320.7755269995687,4.539952000413905,329.90967399928195,True,False,CPUExecutionProvider
404191,7.446020001225406,271.2668579988531,4.334646000643261,283.0481460005103,True,False,CPUExecutionProvider
501368,6.037950999598252,354.2550330002996,4.184233001069515,364.4779980004387,True,False,CPUExecutionProvider
67896,7.840943999326555,379.0785010005493,12.748096998620895,399.6686039990891,True,False,CPUExecutionProvider
7888,12.088274999769055,308.9997269999003,4.365203998531797,325.4534669995337,True,False,CPUExecutionProvider
183965,4.408705999594531,311.084289000064,4.622718999598874,320.1160649987287,True,False,CPUExecutionProvider
578871,8.331987999554258,392.06647900027747,4.919255999993766,405.3182139996352,True,False,CPUExecutionProvider
442161,6.408409000869142,289.42413199911243,4.606358001183253,300.4397100012284,True,False,CPUExecutionProvider
74209,4.821211001399206,299.17911700067634,4.704471999502857,308.7054320003517,True,False,CPUExecutionProvider
176857,6.222869000339415,335.7377770007588,4.783361000590958,346.74491900113935,True,False,CPUExecutionProvider
361586,4.177861999778543,308.41533499915386,4.770146000737441,317.36383399947954,True,False,CPUExecutionProvider
2592,7.113915999070741,452.5228539987438,14.043815001059556,473.6817169996357,True,False,CPUExecutionProvider
382696,13.828270000885823,350.78425699975924,4.553549000775092,369.1665570004261,True,False,CPUExecutionProvider
412531,7.8755289996479405,289.0138879993174,4.414266000821954,301.3046550004219,True,False,CPUExecutionProvider
579902,7.224424000014551,384.67869399937626,12.737939001453924,404.6416480014159,True,False,CPUExecutionProvider
125850,12.123672000598162,364.16775900033826,4.285082999558654,380.5776959998184,True,False,CPUExecutionProvider
338219,5.022549999921466,328.5823900005198,4.5477269995899405,338.152997999714,True,False,CPUExecutionProvider
226171,6.9563699998980155,379.2865269988397,4.542467000646866,390.78577399959613,True,False,CPUExecutionProvider
360951,7.581175001178053,371.7950900008873,9.735988998727407,389.11289499992563,True,False,CPUExecutionProvider
446117,7.090520999554428,296.6994380003598,12.817577999157947,316.6081179988396,True,False,CPUExecutionProvider
437514,13.140215000021271,327.6379620001535,4.552014999717358,345.3310439999768,True,False,CPUExecutionProvider
22589,7.867042999350815,396.6111830013688,12.582875999214593,417.06154299936316,True,False,CPUExecutionProvider
575372,10.670256999219419,352.8934030000528,4.355314998974791,367.91956599881814,True,False,CPUExecutionProvider
280710,6.066776000807295,404.0559500008385,4.812173998288927,414.93546099991363,True,False,CPUExecutionProvider
195045,7.662436999453348,311.7551850009477,4.592831999616465,324.0109250000387,True,False,CPUExecutionProvider
152465,8.644326000649016,333.0435309999302,4.497982999964734,346.18688200134784,True,False,CPUExecutionProvider
327890,5.66093199995521,363.1497290007246,5.115455000122893,373.92663699938566,True,False,CPUExecutionProvider
230166,8.025601000554161,327.8748150005413,4.555281000648392,340.4561180013843,True,False,CPUExecutionProvider
351589,6.892319001053693,266.9680920007522,4.853091999393655,278.7139430001844,True,False,CPUExecutionProvider
17031,3.4964890000992455,337.16625699889846,4.430746999787516,345.09374399931403,True,False,CPUExecutionProvider
534673,7.680992999667069,333.4779870001512,4.517600000326638,345.67744199921435,True,False,CPUExecutionProvider
239843,6.9297390000429,335.3978890008875,4.321802000049502,346.6501610000705,True,False,CPUExecutionProvider
49091,4.301994998968439,359.7364640008891,12.01663099891448,376.055450999047,True,False,CPUExecutionProvider
176701,15.996117999748094,410.77198300081363,4.922672000247985,431.6913750008098,True,False,CPUExecutionProvider
358923,6.04836099955719,285.3239180003584,4.491472000154317,295.8640810011275,True,False,CPUExecutionProvider
475904,5.6373079987679375,371.802256000592,4.59962399872893,382.04024999868125,True,False,CPUExecutionProvider
539445,5.705053999918164,300.5832900016685,4.392344999359921,310.68168099955074,True,False,CPUExecutionProvider
100274,4.65111099947535,349.099507999199,6.392298000719165,360.14359799992235,True,False,CPUExecutionProvider
82812,7.7492809996329015,271.72505899943644,5.470824000440189,284.9460559991712,True,False,CPUExecutionProvider
104198,6.096050999985891,368.3075890003238,4.236120999848936,378.6404920010682,True,False,CPUExecutionProvider
76547,7.425812998917536,296.8325809997623,4.508734000410186,308.7674079997669,True,False,CPUExecutionProvider
479030,5.0825540001824265,360.2996000008716,12.85756299876084,378.2401579992438,True,False,CPUExecutionProvider
573943,11.860185999466921,282.8910389998782,4.629671000657254,299.3819679995795,True,False,CPUExecutionProvider
347664,4.419875998792122,337.66784599902167,4.626895999535918,346.71487899868225,True,False,CPUExecutionProvider
524280,7.6218319991312455,319.0951690012298,4.366526000012527,331.0841780003102,True,False,CPUExecutionProvider
18837,9.321519999502925,380.6396420004603,5.907474998821272,395.8693979984673,True,False,CPUExecutionProvider
153011,7.188816998677794,339.40068500123743,5.653005999192828,352.2430489992985,True,False,CPUExecutionProvider
533536,9.246728999642073,397.3818519989436,12.536549000287778,419.16590099936,True,False,CPUExecutionProvider
51008,12.504849000833929,355.6304720004846,4.403174998515169,372.5389669998549,True,False,CPUExecutionProvider
155145,7.154401999287074,312.0687459995679,4.519995000009658,323.74383400019724,True,False,CPUExecutionProvider
245576,6.521861998407985,332.25423700059764,4.478537000977667,343.2552670001314,True,False,CPUExecutionProvider
491725,6.40850799936743,291.5866969997296,4.52253900039068,302.5189670006512,True,False,CPUExecutionProvider
50811,11.337682999510434,289.10064800038526,4.586630999256158,305.02563399932114,True,False,CPUExecutionProvider
543300,4.915720001008594,261.9688579998183,4.377186000056099,271.26213399969856,True,False,CPUExecutionProvider
207844,7.886710000093444,436.3647089994629,16.156199000761262,460.40818900110025,True,False,CPUExecutionProvider
92416,12.163858000349137,337.3212990009051,4.509223999775713,353.9955430005648,True,False,CPUExecutionProvider
526103,4.508732999966014,413.13155199895846,5.637797999952454,423.27887499959616,True,False,CPUExecutionProvider
133343,5.937591999099823,297.69490899889206,4.427550000400515,308.06075199870975,True,False,CPUExecutionProvider
81061,5.279253999106004,298.7066709993087,4.584487000101944,308.57103299968,True,False,CPUExecutionProvider
540414,7.941311998365563,382.23745100003725,5.094566000479972,395.2739409996866,True,False,CPUExecutionProvider
23023,6.992747001277166,424.9204519983323,5.445256001621601,437.35912700140034,True,False,CPUExecutionProvider
359855,5.317785000443109,432.55170100019313,5.897416000152589,443.76728300085233,True,False,CPUExecutionProvider
402774,8.966301000327803,335.400492998815,4.30252499972994,348.6701299989363,True,False,CPUExecutionProvider
412240,7.222139000077732,389.92490399868984,4.442279001523275,401.5899730002275,True,False,CPUExecutionProvider
350019,7.4077879999094876,279.5986460005224,4.3629299998428905,291.3704160000634,True,False,CPUExecutionProvider
500211,4.834015999222174,283.09048600021924,4.543147999356734,292.4680609994539,True,False,CPUExecutionProvider
496854,4.537228000117466,361.1334289998922,4.736291999506648,370.40759999945294,True,False,CPUExecutionProvider
328238,4.7489959997619735,294.64025699962804,4.705253000793164,304.0948670004582,True,False,CPUExecutionProvider
52891,7.515761999457027,572.0217899997806,4.402423999636085,583.9410279986623,True,False,CPUExecutionProvider
140286,6.516630999612971,298.9523510004801,4.319175999626168,309.7887489984714,True,False,CPUExecutionProvider
481480,7.359788000030676,263.475648000167,4.533019000518834,275.36927700020897,True,False,CPUExecutionProvider
508639,7.49994199941284,256.97984599901247,4.291444000045885,268.7720529993385,True,False,CPUExecutionProvider
45472,4.769212999235606,267.7700870008266,5.623932000162313,278.1643950002035,True,False,CPUExecutionProvider
6471,6.753657000444946,260.1689549992443,4.8405079996882705,271.7639719994622,True,False,CPUExecutionProvider
548506,6.382329000189202,273.47346900023695,4.328184000769397,284.18476300066686,True,False,CPUExecutionProvider
197388,4.191867001281935,248.17670099946554,4.214519000015571,256.5839090002555,True,False,CPUExecutionProvider
139260,8.776553999268799,265.6921980014886,4.329505998612149,278.79912899879855,True,False,CPUExecutionProvider
312406,7.470917000318877,239.83100700024806,4.265936999217956,251.56870299906586,True,False,CPUExecutionProvider
356428,3.7066139993839897,221.9049779996567,4.677230001107091,230.28994500054978,True,False,CPUExecutionProvider
110999,6.391826998878969,258.7292950011033,5.638979999275762,270.7612239992159,True,False,CPUExecutionProvider
562818,7.929871000669664,287.14115399998263,4.253602999597206,299.3261909996363,True,False,CPUExecutionProvider
529122,3.8913919997867197,262.45337299951643,4.952156999934232,271.2976329985395,True,False,CPUExecutionProvider
349594,4.129218999878503,268.3527419994789,4.1001049994520145,276.5828169995075,True,False,CPUExecutionProvider
66926,7.020348999503767,225.56226900087495,4.356776998974965,236.9404469991423,True,False,CPUExecutionProvider
521601,8.075083000221639,231.3336179995531,4.286074999981793,243.69578799996816,True,False,CPUExecutionProvider
355677,7.473813000615337,273.0922990012914,4.63494099858508,285.2021649996459,True,False,CPUExecutionProvider
255824,4.1228469999623485,249.41027900058543,4.70469299943943,258.2386909998604,True,False,CPUExecutionProvider
447917,4.572372999973595,233.7591010000324,4.858842001340236,243.19129800096562,True,False,CPUExecutionProvider
6460,7.052970000586356,231.59479899914004,4.618500001015491,243.267341000319,True,False,CPUExecutionProvider
245026,6.244549000257393,225.60809399874415,4.764154000440612,236.6176590003306,True,False,CPUExecutionProvider
272148,6.235212000319734,233.32421200029785,4.374250000182656,243.93472600058885,True,False,CPUExecutionProvider
231549,6.952772000659024,233.0705839995062,4.176288000962813,244.20038600146654,True,False,CPUExecutionProvider
191672,9.924081999997725,244.41585100066732,4.428823000125703,258.7695780002832,True,False,CPUExecutionProvider
437331,5.215623999902164,236.72728500059748,4.529812998953275,246.47357299909345,True,False,CPUExecutionProvider
177213,7.185159000073327,228.2946079994872,6.043179999323911,241.52404899905378,True,False,CPUExecutionProvider
397279,6.370987999616773,227.62338500069745,4.164906000369228,238.16046100000676,True,False,CPUExecutionProvider
179285,5.993587999910233,247.52294599966262,6.951670000489685,260.4692160002742,True,False,CPUExecutionProvider
511453,7.146817999455379,240.53060000005644,4.2956120014423504,251.9736810008908,True,False,CPUExecutionProvider
9400,6.277421000049799,226.47783899992646,4.6559999991586665,237.41213199900812,True,False,CPUExecutionProvider
171757,7.228741000290029,244.4672260007792,4.3286239997542,256.02558299942757,True,False,CPUExecutionProvider
565853,4.476262000025599,256.27139499920304,4.796826000529109,265.54540500001167,True,False,CPUExecutionProvider
89045,7.713472999967053,227.5775859998248,4.233655999996699,239.52576699957717,True,False,CPUExecutionProvider
343149,6.85825499931525,241.47651699968264,4.253904000506736,252.58968799971626,True,False,CPUExecutionProvider
218997,8.400396000070032,235.96718199951283,4.700985000454239,249.07013600022765,True,False,CPUExecutionProvider
377393,4.323244000261184,265.2202829995076,4.523091000010027,274.06739000070957,True,False,CPUExecutionProvider
60507,8.43340800020087,266.68493899887835,4.709401000582147,279.82873000109976,True,False,CPUExecutionProvider
548339,5.125974001202849,263.01860000057786,4.482133999772486,272.62770000015735,True,False,CPUExecutionProvider
473869,7.054734000121243,288.8135440007318,4.4423389990697615,300.3116889994999,True,False,CPUExecutionProvider
74092,9.073602001080872,287.4511310001253,4.540513000392821,301.0662980013876,True,False,CPUExecutionProvider
390902,6.61606900030165,238.87222799930896,4.60634699993534,250.095474999398,True,False,CPUExecutionProvider
513688,7.2660810001252685,271.7036809990532,4.895179999948596,283.86608399887336,True,False,CPUExecutionProvider
414340,7.251805000123568,251.61821899928327,4.160238000622485,263.03120400007174,True,False,CPUExecutionProvider
20553,4.62602400148171,259.31266699990374,4.245919000823051,268.1851410015952,True,False,CPUExecutionProvider
465822,6.312195999271353,248.5204500007967,5.097590999866952,259.93118899896217,True,False,CPUExecutionProvider
530061,7.399391999570071,242.47850199935783,4.4632480003201636,254.34223400043265,True,False,CPUExecutionProvider
36660,6.241722998311161,234.03931399843714,4.210762001093826,244.49276099949202,True,False,CPUExecutionProvider
285047,6.162666000818717,223.52761500042106,4.419515000336105,234.11071700138564,True,False,CPUExecutionProvider
215644,9.792775999812875,244.43746500037378,4.678582999986247,258.90966599945386,True,False,CPUExecutionProvider
14007,4.725591999886092,252.31365700165043,4.59301099908771,261.633501999313,True,False,CPUExecutionProvider
537672,6.831785000031232,284.898896001323,4.528620998826227,296.2599129987211,True,False,CPUExecutionProvider
76211,4.636203000700334,414.08043499905034,12.707550000413903,431.4250200004608,True,False,CPUExecutionProvider
242411,8.376050000151736,344.7440939999069,4.626705000191578,357.74792099982733,True,False,CPUExecutionProvider
376478,6.57381899873144,293.4685290001653,4.433582000274328,304.4763409998268,True,False,CPUExecutionProvider
80413,7.5524900003074436,371.1150720009755,4.3258690002403455,382.99376200120605,True,False,CPUExecutionProvider
218249,5.195555999307544,318.4119910001755,4.506229000980966,328.11430699985067,True,False,CPUExecutionProvider
122166,7.855339999878197,317.3725550004747,5.192951000935864,330.42182800090814,True,False,CPUExecutionProvider
543047,7.256904000314535,276.4039399989997,4.6751360005146125,288.33681200012506,True,False,CPUExecutionProvider
66231,4.239887999574421,295.74419900018256,4.921358999126824,304.90601699966646,True,False,CPUExecutionProvider
122217,6.526008000946604,354.4012639995344,4.435896000359207,365.3641900000366,True,False,CPUExecutionProvider
447169,7.680882001295686,346.1334469993744,4.764814999361988,358.580066000286,True,False,CPUExecutionProvider
129322,6.944005999685032,301.5186739994533,4.958059000273352,313.42163999943295,True,False,CPUExecutionProvider
507473,6.858695000119042,453.47169599881454,4.399407000164501,464.7303189995,True,False,CPUExecutionProvider
565391,7.511804000387201,365.8306460001768,4.3614859987428645,377.7044369999203,True,False,CPUExecutionProvider
229659,8.021031999305706,341.9137260007119,4.713037998953951,354.6482469992043,True,False,CPUExecutionProvider
545958,7.325984000999597,315.20556400028,8.18959899879701,330.7215280001401,True,False,CPUExecutionProvider
524850,7.345891999648302,269.7482260009565,5.063376000180142,282.1587359994737,True,False,CPUExecutionProvider
116479,4.682669999965583,306.2993759995152,4.461855000045034,315.44467300045653,True,False,CPUExecutionProvider
457078,5.064338000011048,283.7522939989867,4.628499000318698,293.44540199963376,True,False,CPUExecutionProvider
131386,6.572086000232957,264.48307799910253,4.344144001152017,275.39966800031834,True,False,CPUExecutionProvider
469174,7.342484999753651,269.6404309990612,4.413123000631458,281.3966200010327,True,False,CPUExecutionProvider
288882,4.373308998765424,375.34711999978754,4.28846899922064,384.0093179987889,True,False,CPUExecutionProvider
115946,7.245573000545846,255.4203760009841,4.597830999045982,267.2643109999626,True,False,CPUExecutionProvider
436738,7.14345000051253,260.77112300117733,4.4984439991822,272.4138789999415,True,False,CPUExecutionProvider
226802,7.365317998846876,342.1584139996412,4.888658000709256,354.4127610002761,True,False,CPUExecutionProvider
291664,6.160119999549352,265.6405750003614,4.552917000182788,276.3542930006224,True,False,CPUExecutionProvider
340272,4.860415001530782,287.0705650002492,4.408234000948141,296.3394240014168,True,False,CPUExecutionProvider
397639,12.294632000703132,271.4401249995717,4.368629999589757,288.10415900079533,True,False,CPUExecutionProvider
566923,7.184247000623145,250.72718400042504,4.476251999221859,262.38862500031246,True,False,CPUExecutionProvider
148508,4.088914000021759,326.3640250006574,4.872658000749652,335.32613799980027,True,False,CPUExecutionProvider
404601,7.018244999926537,329.55582899921865,4.3719260011130245,340.94684200135816,True,False,CPUExecutionProvider
326627,6.982106999203097,419.0677169990522,4.483466000237968,430.5338809990644,True,False,CPUExecutionProvider
440508,4.976793999958318,307.0547630013607,4.386663998957374,316.4186920002976,True,False,CPUExecutionProvider
396568,4.889129000730463,288.6972739997873,4.440454998984933,298.0274389992701,True,False,CPUExecutionProvider
79408,4.7867459998087725,353.65803799868445,4.372737001176574,362.81858300026215,True,False,CPUExecutionProvider
286507,4.590716998791322,351.0548590002145,4.487112000788329,360.1333189999423,True,False,CPUExecutionProvider
23937,7.36136000159604,361.31672600095044,4.517158999078674,373.19571599982737,True,False,CPUExecutionProvider
261706,4.9353759986843215,331.94391100005305,12.64551199892594,349.5252399989113,True,False,CPUExecutionProvider
350054,11.266708999755792,270.46196199989936,4.662252000343869,286.39204499995685,True,False,CPUExecutionProvider
297085,7.623963998412364,316.126620000432,4.501339000853477,328.25261499965563,True,False,CPUExecutionProvider
570448,4.4653109998762375,281.09817400036263,4.614531999322935,290.1782179997099,True,False,CPUExecutionProvider
416104,4.323585000747698,323.05403300051694,4.9843179986055475,332.3625169996376,True,False,CPUExecutionProvider
287649,6.1690069996984676,353.5478060002788,4.4597609994525556,364.17714600065665,True,False,CPUExecutionProvider
347254,3.880381000271882,340.72274699974514,4.622968001058325,349.22634600116,True,False,CPUExecutionProvider
458255,5.230561000644229,315.1001679998444,4.38794600086112,324.71971700033464,True,False,CPUExecutionProvider
29984,7.240462999106967,296.1247359999106,4.677189999711118,308.04290999913064,True,False,CPUExecutionProvider
535608,12.368161000267719,447.79835699955584,4.554618999463855,464.7220489987376,True,False,CPUExecutionProvider
389315,9.11402800011274,428.0061570007092,12.723408999590902,449.84454599944,True,False,CPUExecutionProvider
440507,13.769917000900023,259.2558660016948,4.991831998268026,278.0184069997631,True,False,CPUExecutionProvider
178618,8.720787000129349,293.39568899922597,4.354603001047508,306.47180100095284,True,False,CPUExecutionProvider
471450,6.799111999498564,342.27945299971907,4.386723001516657,353.4662100009882,True,False,CPUExecutionProvider
555005,7.114235000699409,312.18499100032204,4.565298999295919,323.86556699930225,True,False,CPUExecutionProvider
289702,6.878681999296532,289.2631229988183,4.558437000014237,300.7010029996309,True,False,CPUExecutionProvider
501243,7.220215000415919,414.3247339998197,4.984147000868688,426.5294470005756,True,False,CPUExecutionProvider
424642,11.87576399934187,313.53819600008137,4.4721939993905835,329.8869249993004,True,False,CPUExecutionProvider
331280,6.410019999748329,301.82877399965946,4.4670050010608975,312.7060999995592,True,False,CPUExecutionProvider
193181,4.778350001288345,337.24604999952135,4.532909000772634,346.55754000050365,True,False,CPUExecutionProvider
398028,4.467986000236124,293.8030429995706,4.390170999613474,302.6616209990607,True,False,CPUExecutionProvider
236721,4.938772000969038,362.6722190001601,4.692769000030239,372.3046009999962,True,False,CPUExecutionProvider
303566,7.169109001551988,259.5393060000788,5.2414620004128665,271.95029800168413,True,False,CPUExecutionProvider
253695,6.880054001157987,351.6204839997954,4.493765000006533,362.9947839999659,True,False,CPUExecutionProvider
377588,4.58066800092638,273.70809400053986,4.4372089996613795,282.7264120005566,True,False,CPUExecutionProvider
346707,5.6794059983076295,369.72105899985763,12.616787998922518,388.01796399820887,True,False,CPUExecutionProvider
342397,14.035938000233728,326.9656569991639,4.423452000992256,345.4262289997132,True,False,CPUExecutionProvider
164885,7.214072998976917,399.5533669985889,5.429826000181492,412.19821799859346,True,False,CPUExecutionProvider
431545,6.492745998912142,573.3516219988815,4.890100000920938,584.7351499996876,True,False,CPUExecutionProvider
516677,13.234931000624783,327.0873229994322,4.711675001090043,345.0346410008933,True,False,CPUExecutionProvider
387916,5.822473998705391,270.2813249998144,4.602068000167492,280.7062579995545,True,False,CPUExecutionProvider
251537,9.022475000165286,356.3887929994962,4.368710000562714,369.78064899994934,True,False,CPUExecutionProvider
146831,4.963018000125885,308.8988920007978,4.403765000461135,318.2662960007292,True,False,CPUExecutionProvider
20992,4.3589509987214115,282.71383500032243,4.381893999379827,291.4550309997139,True,False,CPUExecutionProvider
439426,5.311933999109897,280.8501879990217,4.3466690003697295,290.5090519998339,True,False,CPUExecutionProvider
414638,7.795536999765318,417.84389699932944,13.910732999647735,439.5506580003712,True,False,CPUExecutionProvider
459662,14.523395999276545,513.6022309998225,15.854319999561994,543.9806679987669,True,False,CPUExecutionProvider
523033,11.924464999538031,282.1529390002979,4.520796001088456,298.5986710009456,True,False,CPUExecutionProvider
214703,4.166688999248436,343.37385299841117,4.410408000694588,351.95137099981366,True,False,CPUExecutionProvider
482735,4.368067999166669,312.11832699955266,12.789472999429563,329.2761589982547,True,False,CPUExecutionProvider
140987,9.593980999852647,343.0593309985852,4.627877000530134,357.2822009991796,True,False,CPUExecutionProvider
42528,8.057409000684856,336.43122000103176,4.5626939991052495,349.0525050001452,True,False,CPUExecutionProvider
353027,7.363565000559902,297.1917430004396,4.492220999964047,309.0484099993773,True,False,CPUExecutionProvider
137106,5.9660649985744385,320.3361579999182,4.524903000856284,330.8276269999624,True,False,CPUExecutionProvider
47112,4.697438000221155,382.85304899909534,4.805491000297479,392.3563190001005,True,False,CPUExecutionProvider
32081,7.543763000285253,377.8889290006191,4.378818999612122,389.81204199990316,True,False,CPUExecutionProvider
177065,12.59281299826398,401.71002699935343,6.131025000286172,420.43472699879203,True,False,CPUExecutionProvider
516916,7.106139999450534,349.607598998773,13.042669001151808,369.75750000055996,True,False,CPUExecutionProvider
151629,17.967784999200376,370.4813109998213,4.298617999666021,392.74815499993565,True,False,CPUExecutionProvider
453341,8.0282150011044,386.6762399993604,4.498574000535882,399.20416099994327,True,False,CPUExecutionProvider
171740,4.775504999997793,426.0085619989695,12.736231999951997,443.5205390000192,True,False,CPUExecutionProvider
296231,8.21009699939168,384.1746719990624,7.650855000974843,400.03654599968286,True,False,CPUExecutionProvider
374545,7.029365999187576,424.9601880001137,12.932392000948312,444.9228169996786,True,False,CPUExecutionProvider
511647,17.546643000969198,484.4312280001759,4.29739600076573,506.2766700011707,True,False,CPUExecutionProvider
263679,6.71936300022935,315.06467500003055,4.562273999908939,326.34729299934406,True,False,CPUExecutionProvider
224664,5.1307929988979595,357.1953820010094,5.042486998718232,367.3691129988583,True,False,CPUExecutionProvider
414673,4.828945000554086,348.5028560007777,4.925676999846473,358.2583600000362,True,False,CPUExecutionProvider
39405,7.63627699961944,299.6646600004169,4.7482539994234685,312.05013299950224,True,False,CPUExecutionProvider
32610,6.641846001002705,358.94626499975857,4.327211001509568,369.9160930009384,True,False,CPUExecutionProvider
433103,9.952394999345415,370.7513340013975,13.211776999014546,393.9162979986577,True,False,CPUExecutionProvider
529528,13.4022250003909,317.9857190007169,4.514804000791628,335.90316900153994,True,False,CPUExecutionProvider
376264,7.015600000158884,303.1861649997154,5.1875099998142105,315.39017599970975,True,False,CPUExecutionProvider
101884,6.884832999276114,322.03088800088153,5.349875998945208,334.26628899906063,True,False,CPUExecutionProvider
370900,6.935098001122242,243.88652599918714,4.404707000503549,255.22680200083414,True,False,CPUExecutionProvider
528705,6.826292999903671,288.02934699888283,4.445474000021932,299.30174599940074,True,False,CPUExecutionProvider
50844,6.912265000210027,281.5341860004992,4.410167999594705,292.8574010002194,True,False,CPUExecutionProvider
174018,6.017009998686262,258.94358299956366,4.3910719996347325,269.35227699868847,True,False,CPUExecutionProvider
9590,4.1542460003256565,251.26097000065784,4.947167999489466,260.3627440003038,True,False,CPUExecutionProvider
18380,5.27222900018387,247.7464969997527,5.368992000512662,258.38822900004743,True,False,CPUExecutionProvider
16249,7.069721001244034,257.4587500002963,4.658734998884029,269.1879270005302,True,False,CPUExecutionProvider
281032,6.692660999760847,328.642165999554,4.5436079999490175,339.8790060000465,True,False,CPUExecutionProvider
199771,7.03304200033017,274.93542000047455,4.832932998397155,286.8018059998576,True,False,CPUExecutionProvider
294350,11.224527999729617,266.72920099917974,4.602328999681049,282.55671899933077,True,False,CPUExecutionProvider
293390,5.083283000203664,299.3474190006964,4.701134999777423,309.1320679995988,True,False,CPUExecutionProvider
414510,7.628291999935755,278.6794240000745,4.682921000494389,290.9913580006105,True,False,CPUExecutionProvider
416745,6.934586001079879,271.22066999982053,5.474610999954166,283.6301380011719,True,False,CPUExecutionProvider
197796,5.547016000491567,296.74582299958274,4.634689999875263,306.9280899999285,True,False,CPUExecutionProvider
136033,6.518894999317126,289.87789200073166,5.853401999047492,302.2506999986945,True,False,CPUExecutionProvider
55002,7.193584000560804,471.10165000049165,12.851158000557916,491.14748400097596,True,False,CPUExecutionProvider
454978,9.144223999101087,560.7937860004313,4.471233000003849,574.4098449995363,True,False,CPUExecutionProvider
389804,6.117529001130606,275.54003600016586,4.404946999784443,286.06330399998114,True,False,CPUExecutionProvider
371529,5.169695999938995,298.1429500014201,4.487061998588615,307.800058999419,True,False,CPUExecutionProvider
555012,5.91891600015515,253.9695510004094,4.447097000593203,264.3359249996138,True,False,CPUExecutionProvider
423971,7.035476999590173,354.4257919984375,4.40732200149796,365.8689410003717,True,False,CPUExecutionProvider
35770,4.964450999977998,298.6945669999841,4.386423001051298,308.04596199959633,True,False,CPUExecutionProvider
266400,7.724924000285682,278.8294029996905,4.5523239987232955,291.1070419995667,True,False,CPUExecutionProvider
38070,6.873480999274761,299.28734299937787,4.42991400086612,310.5918000001111,True,False,CPUExecutionProvider
427338,6.788723001591279,352.0624039992981,6.610947000808665,365.46256500150776,True,False,CPUExecutionProvider
102411,4.7841510004218435,318.7327870000445,4.934624001180055,328.45207300124457,True,False,CPUExecutionProvider
321557,5.2128469997114735,395.92461599931994,12.599174000570201,413.73711800042656,True,False,CPUExecutionProvider
270066,16.366452000511345,296.97412900168274,4.394227999000577,317.73559999965073,True,False,CPUExecutionProvider
524108,4.4540600010805065,276.8712780016358,4.514943999311072,285.84065200084297,True,False,CPUExecutionProvider
499622,6.120555999586941,284.86321400123416,4.4953569995414,295.47953700057406,True,False,CPUExecutionProvider
342367,10.489124000741867,336.5686420002021,4.422260000865208,351.48124800070946,True,False,CPUExecutionProvider
338325,6.301425000856398,256.7081720007991,4.415566998432041,267.4260759995377,True,False,CPUExecutionProvider
456865,7.406022999930428,286.295527999755,4.484357001274475,298.18651900131954,True,False,CPUExecutionProvider
254814,5.320319998645573,278.48274799907813,5.49463800052763,289.29809699911857,True,False,CPUExecutionProvider
306893,6.8934190003346885,256.1515129982581,4.716955001640599,267.76265900116414,True,False,CPUExecutionProvider
359781,6.216846999450354,352.57726900090347,4.390830999909667,363.1857279997348,True,False,CPUExecutionProvider
152870,5.300302000250667,298.47821700059285,4.319828000006964,308.09933899945463,True,False,CPUExecutionProvider
55167,7.721837000644882,379.8063159993035,12.944254000103683,400.4730990000098,True,False,CPUExecutionProvider
284762,12.871937999079819,343.5243059993809,4.427519999808283,360.82455499854404,True,False,CPUExecutionProvider
162130,4.419333999976516,383.90663099926314,15.703123001003405,404.0294590013218,True,False,CPUExecutionProvider
377575,12.221733999467688,247.58908200055885,4.501008999795886,264.3130779997591,True,False,CPUExecutionProvider
5037,7.2242719998030225,285.7056860011653,4.435012999238097,297.36586199942394,True,False,CPUExecutionProvider
147223,7.713091999903554,333.7358389999281,6.237936000616173,347.6873069994326,True,False,CPUExecutionProvider
269632,7.4559869990480365,383.265743001175,12.596218999533448,403.31866099950275,True,False,CPUExecutionProvider
333402,14.118421999228303,266.5062329997454,4.479327000808553,285.10451300098794,True,False,CPUExecutionProvider
497867,7.355449000897352,269.0318750010192,4.391841999677126,280.7796060005785,True,False,CPUExecutionProvider
133819,7.124494000890991,254.3357439990359,4.667352000979008,266.12834200022917,True,False,CPUExecutionProvider
395388,4.894268000498414,287.30448100031936,4.610865000358899,296.8103860002884,True,False,CPUExecutionProvider
2006,4.7527919996355195,269.65747099893633,4.380721000416088,278.79134499926295,True,False,CPUExecutionProvider
55299,6.84363599975768,262.1689010011323,4.286434999812627,273.29946300051233,True,False,CPUExecutionProvider
118405,4.9157379999087425,370.90768100097193,12.437469998985762,388.2613099995069,True,False,CPUExecutionProvider
482978,11.714219001078163,314.2811140005506,4.289560998586239,330.2858959996229,True,False,CPUExecutionProvider
200162,7.265800000823219,278.8278320003883,4.4912399989698315,290.58545299994876,True,False,CPUExecutionProvider
135902,7.206447999124066,308.9069620000373,4.332762000558432,320.4466229999525,True,False,CPUExecutionProvider
155443,7.950879000418354,287.6204950007377,4.449320998901385,300.02178699942306,True,False,CPUExecutionProvider
572555,5.606808001175523,265.9510860012233,4.3170019998797216,275.8757780011365,True,False,CPUExecutionProvider
60090,7.828218000213383,276.76109399908455,4.457957000340684,289.0475490003155,True,False,CPUExecutionProvider
95899,7.528534999437397,268.61147999989043,4.332100999818067,280.47264700035157,True,False,CPUExecutionProvider
177383,4.561592999380082,281.44112800146104,4.410748999362113,290.4138100002456,True,False,CPUExecutionProvider
220732,7.209002998934011,273.6945229989942,4.453479001313099,285.3576460001932,True,False,CPUExecutionProvider
574810,3.7876660007896135,242.28640199908114,4.349292999904719,250.42374199983897,True,False,CPUExecutionProvider
178744,4.189071998553118,370.60917600138055,4.907552998702158,379.70607099850895,True,False,CPUExecutionProvider
206025,7.540196000263677,261.83368700003484,4.299238999010413,273.67375399990124,True,False,CPUExecutionProvider
502168,4.606507000062265,259.04545199955464,11.849763999634888,275.50195299954794,True,False,CPUExecutionProvider
60052,13.832594999257708,317.9558140000154,4.222012999889557,336.0109029999876,True,False,CPUExecutionProvider
94852,8.751684999879217,273.25652800027456,4.292366000299808,286.301160000221,True,False,CPUExecutionProvider
442306,9.469154998441809,279.4428270008211,4.342029000326875,293.25435099963215,True,False,CPUExecutionProvider
145781,6.875424998725066,354.488876000687,15.741445000458043,377.1064579996164,True,False,CPUExecutionProvider
233033,15.611991999321617,255.29398300022876,4.560260000289418,275.4675670003053,True,False,CPUExecutionProvider
295478,8.017875001314678,251.30269299916108,4.362818001027335,263.6838570015243,True,False,CPUExecutionProvider
115245,4.71697399916593,239.56519099920115,4.55306600088079,248.83570199926908,True,False,CPUExecutionProvider
286458,5.974039999273373,363.6523649984156,4.719329001090955,374.3461039994145,True,False,CPUExecutionProvider
511384,7.152517000577063,293.62218200003554,4.65372600046976,305.4294360008498,True,False,CPUExecutionProvider
532071,3.890849999152124,253.00085799972294,12.629951999770128,269.5220400000835,True,False,CPUExecutionProvider
54123,12.313056000493816,258.4914580002078,4.451714999959222,275.2569099993707,True,False,CPUExecutionProvider
299609,6.877449000967317,316.83058499947947,4.36476200047764,328.07344700086105,True,False,CPUExecutionProvider
80659,4.51361199884559,360.01641300026677,9.289766998335836,373.82023299869616,True,False,CPUExecutionProvider
303653,8.051679000345757,290.7657769992511,4.405869000038365,303.224126000714,True,False,CPUExecutionProvider
451144,7.20309099961014,310.61476899958507,4.329626000981079,322.1486490001553,True,False,CPUExecutionProvider
386210,5.260867999822949,418.4181960008573,12.747553000735934,436.4272680013528,True,False,CPUExecutionProvider
85682,15.080701999977464,251.4539359999617,4.602458999215742,271.1373879992607,True,False,CPUExecutionProvider
465806,7.043941999654635,304.48889399849577,4.583433001243975,316.1171510000713,True,False,CPUExecutionProvider
166426,7.203391998700681,352.1451619999425,4.7769469983904855,364.12619199836627,True,False,CPUExecutionProvider
13004,6.419407998691895,313.2829189999029,4.3286130003252765,324.03189099932206,True,False,CPUExecutionProvider
216277,4.655699000068125,274.0926370006491,4.400398998768651,283.14919599870336,True,False,CPUExecutionProvider
343453,6.491582998933154,322.92704100109404,4.360072998679243,333.7795579991507,True,False,CPUExecutionProvider
149375,7.473870999092469,383.0463470003451,4.810840999198263,395.3314899990801,True,False,CPUExecutionProvider
397681,8.178456999303307,252.571507000539,5.744046999097918,266.49482199900376,True,False,CPUExecutionProvider
304984,5.765205998613965,304.30263100060984,4.737802999443375,314.8060009989422,True,False,CPUExecutionProvider
7991,4.286003999368404,291.14389499954996,4.628368000339833,300.05894799978705,True,False,CPUExecutionProvider
196009,7.166572999267373,387.5751460000174,12.412812999173184,407.1552839996002,True,False,CPUExecutionProvider
157390,15.175250000538654,325.83571200120787,4.905508998490404,345.9170719997928,True,False,CPUExecutionProvider
165831,4.4211170006747125,318.90738699985377,4.829015000723302,328.1577699999616,True,False,CPUExecutionProvider
438226,5.774193001343519,314.31550799970864,4.438130001290119,324.52869300141174,True,False,CPUExecutionProvider
561465,7.9248090005421545,301.258842999232,4.829696999877342,314.01394000022265,True,False,CPUExecutionProvider
393014,11.591927999688778,315.78515199907997,4.790001999936067,332.16796399938175,True,False,CPUExecutionProvider
46463,6.475833000877174,256.5342010002496,4.15870399956475,267.1693289994437,True,False,CPUExecutionProvider
119677,4.4538889997056685,329.1281940000772,4.660929000237957,338.2433429997036,True,False,CPUExecutionProvider
313034,4.668872999900486,290.509299000405,4.563354999845615,299.74175799907243,True,False,CPUExecutionProvider
255747,7.396245000563795,346.21858699938457,4.370362999907229,357.98569600046903,True,False,CPUExecutionProvider
561223,4.682319000494317,349.4236759997875,4.549390001557185,358.6555950005277,True,False,CPUExecutionProvider
563758,7.480533999114414,268.6547220000648,4.3755520000559045,280.5114990005677,True,False,CPUExecutionProvider
206579,4.60786899930099,335.0258489990665,4.627174999768613,344.26126399921486,True,False,CPUExecutionProvider
451155,6.431498999518226,265.18244900034915,4.3119519996253075,275.9267719993659,True,False,CPUExecutionProvider
150417,7.588036000015563,356.8107129995042,13.040333000390092,377.439592999508,True,False,CPUExecutionProvider
263644,11.714058000507066,331.01255699875765,4.483175000132178,347.2102109990374,True,False,CPUExecutionProvider
88970,8.44850400062569,302.06925499987847,4.373727999336552,314.8918480001157,True,False,CPUExecutionProvider
98853,4.740028000014718,245.1601689990639,5.626084001050913,255.52655200044683,True,False,CPUExecutionProvider
31217,7.275306999872555,270.89472499937983,4.517498000495834,282.68794100040395,True,False,CPUExecutionProvider
194724,4.67502500032424,264.53042100001767,4.796433999217697,274.0022109992424,True,False,CPUExecutionProvider
19402,8.107984000162105,305.46605400013505,4.344623999713804,317.9192329989746,True,False,CPUExecutionProvider
109313,5.165266999028972,339.10892799940484,4.67712899990147,348.9516849986103,True,False,CPUExecutionProvider
539883,4.4846570017398335,347.57677800007514,4.463047000172082,356.5247830010776,True,False,CPUExecutionProvider
233825,5.314858999554417,242.20266400152468,5.509314998562331,253.0273889988166,True,False,CPUExecutionProvider
31248,5.017329000111204,280.8235529992089,4.675505999330198,290.51681899909454,True,False,CPUExecutionProvider
236426,5.64982899959432,312.360734998947,4.711474000941962,322.72256900068896,True,False,CPUExecutionProvider
577959,3.7151989999983925,381.10548599979666,4.297354000300402,389.1184099993552,True,False,CPUExecutionProvider
140840,6.114974999945844,321.0592289997294,4.624811001121998,331.79924500109337,True,False,CPUExecutionProvider
86956,6.8053029990551295,317.41913000041677,5.152112998985103,329.3769269985205,True,False,CPUExecutionProvider
356094,7.359626000834396,312.25576599899796,4.43352100046468,324.04947400027595,True,False,CPUExecutionProvider
374982,4.101336000530864,251.1994690012216,4.504724998696474,259.8057699997298,True,False,CPUExecutionProvider
161861,5.94031499895209,270.72267799849214,4.300792001231457,280.9647670001141,True,False,CPUExecutionProvider
276921,6.830250000348315,258.12552900060837,4.3111710001539905,269.2676410006243,True,False,CPUExecutionProvider
121497,7.2034320000966545,251.3692180000362,4.535301999567309,263.10842299972137,True,False,CPUExecutionProvider
355169,5.063296001026174,249.2633960009698,4.337148999184137,258.6647930002073,True,False,CPUExecutionProvider
73118,8.391556999413297,242.88837300082378,4.36418000026606,255.64494100035517,True,False,CPUExecutionProvider
424349,6.408707000446157,245.16849199972057,4.54574200011848,256.1239120004757,True,False,CPUExecutionProvider
159791,6.16744299986749,324.0142360009486,4.432978999830084,334.61531899956753,True,False,CPUExecutionProvider
189213,4.4731050002155825,323.8905030011665,4.37210500058427,332.73620400177606,True,False,CPUExecutionProvider
282298,5.357028001526487,342.4717600009899,4.84594699992158,352.6752160014439,True,False,CPUExecutionProvider
31118,4.639218001102563,244.26072300047963,4.646231000151602,253.54638200042245,True,False,CPUExecutionProvider
318114,6.368760999976075,291.84030500073277,4.392353999719489,302.6017709998996,True,False,CPUExecutionProvider
157756,7.736104000287014,327.1187849986745,4.5186710012785625,339.37404100106505,True,False,CPUExecutionProvider
557884,6.950204999156995,345.27926000009757,5.502330999661353,357.7324179987045,True,False,CPUExecutionProvider
314264,7.691118998991442,309.4164409994846,4.587761000948376,321.69555200016475,True,False,CPUExecutionProvider
161008,6.759567000699462,316.5278189990204,15.570804000162752,338.8586410001153,True,False,CPUExecutionProvider
569976,14.420810000956408,260.32460300120874,6.102329998611822,280.84849500010023,True,False,CPUExecutionProvider
331569,8.333867999681388,301.9796589996986,5.426158999398467,315.7402369997726,True,False,CPUExecutionProvider
243626,5.810079999719164,296.3382060006552,4.623918999641319,306.77282599936007,True,False,CPUExecutionProvider
368752,6.793430000470835,258.0493519999436,4.563255000903155,269.4069690005563,True,False,CPUExecutionProvider
333745,7.208099999843398,274.02061899920227,4.455693000636529,285.68547400027455,True,False,CPUExecutionProvider
370208,7.598023999889847,301.9786969998677,4.436436000105459,314.0135679986997,True,False,CPUExecutionProvider
55022,7.25278400022944,277.4342909997358,4.487803000301938,289.1754590000346,True,False,CPUExecutionProvider
557172,11.596827000175836,359.9215939993883,4.337570000643609,375.85676300113846,True,False,CPUExecutionProvider
85576,4.769944000145188,261.92643499962287,15.725505001682905,282.4225350013876,True,False,CPUExecutionProvider
192047,8.735213999898406,334.35368300160917,4.523118999713915,347.6128370002698,True,False,CPUExecutionProvider
466156,11.385259000235237,309.00334999932966,4.576871000608662,324.9663220012735,True,False,CPUExecutionProvider
111086,6.0562029993889155,282.37701799844217,4.5658100007131,292.9994419991999,True,False,CPUExecutionProvider
564023,6.689596000796882,259.6393120002176,4.435454000486061,270.7651230011834,True,False,CPUExecutionProvider
69213,6.441438999900129,287.9869820008025,5.405127998528769,299.83392899885075,True,False,CPUExecutionProvider
292456,4.230499000186683,281.13667399884434,4.642334000891424,290.0098669997533,True,False,CPUExecutionProvider
453634,7.127869999749237,269.0247270002146,4.641962999812677,280.79530199829605,True,False,CPUExecutionProvider
155154,6.45873100074823,286.4956049998,4.389438001453527,297.34458600069047,True,False,CPUExecutionProvider
13177,4.692537999289925,289.92667000056827,4.737822999231867,299.3576419994497,True,False,CPUExecutionProvider
37751,5.033649998949841,275.0471359995572,4.516277000220725,284.5975639993412,True,False,CPUExecutionProvider
531134,6.90467999993416,288.3640589989227,4.579696000291733,299.84880600022734,True,False,CPUExecutionProvider
502347,6.307806999757304,305.6477160007489,4.292595000151778,316.2491900002351,True,False,CPUExecutionProvider
159977,7.768184999804362,280.6899919996795,4.505225000684732,292.9638530004013,True,False,CPUExecutionProvider
88951,4.29602199983492,339.7063190004701,6.161240999063011,350.16394299964304,True,False,CPUExecutionProvider
429109,5.109513000206789,309.9140609992901,4.495748000408639,319.5200129994191,True,False,CPUExecutionProvider
320425,7.222616999570164,270.74450199870626,4.494505001275684,282.46270599993295,True,False,CPUExecutionProvider
471567,5.993865999698755,366.61961099889595,4.344183000284829,376.95833099860465,True,False,CPUExecutionProvider
235057,8.28491600077541,272.85453000149573,4.374960999484756,285.51537900057156,True,False,CPUExecutionProvider
150726,5.36790800106246,312.5614799992036,4.412762000356452,322.34241100013605,True,False,CPUExecutionProvider
334371,7.734451000942499,309.3846339997981,4.553146000034758,321.6731320007966,True,False,CPUExecutionProvider
271457,5.8527809997031,293.12316100003954,4.058315000293078,303.0345869992743,True,False,CPUExecutionProvider
8899,5.491310999786947,271.341042000131,4.544208999504917,281.37688300012087,True,False,CPUExecutionProvider
212895,11.652242001218838,294.87174000132654,4.4242629992368165,310.94885600032285,True,False,CPUExecutionProvider
285894,6.1679030004597735,329.30412699897715,4.335306000939454,339.80811800029187,True,False,CPUExecutionProvider
54967,7.167503999880864,306.1108530000638,4.581529999995837,317.8603579999617,True,False,CPUExecutionProvider
128372,6.887567000376293,302.2611810010858,4.61879999966186,313.7680290001299,True,False,CPUExecutionProvider
301981,4.951726001308998,328.1232949993864,4.501068000536179,337.5763390013162,True,False,CPUExecutionProvider
404534,7.015819001026102,353.90869399998337,5.10793899957207,366.03292300060275,True,False,CPUExecutionProvider
79565,5.977825998343178,291.68394099906436,4.416509000293445,302.07913799858943,True,False,CPUExecutionProvider
374551,5.989066999973147,290.0475930000539,4.457855999135063,300.49506700015627,True,False,CPUExecutionProvider
499181,7.0563250010309275,322.7121640011319,4.479987999729929,334.24873700096214,True,False,CPUExecutionProvider
93154,7.67072099915822,382.7242239985935,4.5708890011155745,394.9666150001576,True,False,CPUExecutionProvider
100489,7.04862999918987,266.14263000010396,5.486751999342232,278.67839299869956,True,False,CPUExecutionProvider
447789,7.902195999122341,299.7798310007056,4.337439999289927,312.0200079993083,True,False,CPUExecutionProvider
14226,8.046528000704711,307.726309998543,4.317341999922064,320.09075099995243,True,False,CPUExecutionProvider
475223,4.843130998779088,337.41538299909735,4.316270000344957,346.57506499934243,True,False,CPUExecutionProvider
149622,5.107177999889245,262.62455100004445,4.361293998954352,272.09400499850744,True,False,CPUExecutionProvider
180188,6.898737998199067,328.8336690002325,4.36859799992817,340.1016059997346,True,False,CPUExecutionProvider
440617,6.976925000344636,318.99865599916666,4.203346999929636,330.17981000011787,True,False,CPUExecutionProvider
376625,7.206868000139366,374.6523950012488,4.589924999891082,386.4496690002852,True,False,CPUExecutionProvider
15440,6.906634000188205,419.4626659991627,4.503621999901952,430.8736829989357,True,False,CPUExecutionProvider
433134,4.755436000777991,339.6849809996638,4.263090000677039,348.70392800075933,True,False,CPUExecutionProvider
478393,5.333192999387393,321.8894419987919,4.426378000061959,331.64960499925655,True,False,CPUExecutionProvider
387383,6.734479999067844,300.15205900053843,4.390248999698088,311.277438999241,True,False,CPUExecutionProvider
205289,7.112720999430167,249.32962700040662,12.709149999864167,269.1526700000395,True,False,CPUExecutionProvider
522393,13.138648000676767,264.013572001204,4.397722999783582,281.55103500102996,True,False,CPUExecutionProvider
80274,8.735694000279182,311.5772820001439,5.398446000981494,325.7120930011297,True,False,CPUExecutionProvider
520832,4.057262998685474,322.98619500033965,12.477254000259563,339.52106200013077,True,False,CPUExecutionProvider
250137,11.047493000660324,248.19034300162457,5.557354999837116,264.79607300097996,True,False,CPUExecutionProvider
82821,9.04954399993585,310.54316599875165,5.757120999987819,325.35077299871773,True,False,CPUExecutionProvider
248284,7.07534000139276,363.3605390004959,4.3854100003954954,374.8219210010575,True,False,CPUExecutionProvider
158945,5.461013000967796,284.5812730010948,4.50307199935196,294.5456090001244,True,False,CPUExecutionProvider
210789,6.353613000101177,412.3077709991776,4.352187999757007,423.0142039996281,True,False,CPUExecutionProvider
230993,5.473146000440465,343.2060729992372,4.4698490000882884,353.149898999618,True,False,CPUExecutionProvider
121417,8.124324000164052,396.6933160008921,16.934307999690645,421.7524079995201,True,False,CPUExecutionProvider
341469,7.461788000000524,256.7646129991772,4.716843001006055,268.9439650002896,True,False,CPUExecutionProvider
206831,6.499858000097447,298.28592499870865,4.335907000495354,309.1222109997034,True,False,CPUExecutionProvider
453981,8.017652999114944,317.8723710007034,4.279921999113867,330.1706979982555,True,False,CPUExecutionProvider
519611,4.816651999135502,376.37921800160257,4.2370109986222815,385.43359199866245,True,False,CPUExecutionProvider
235064,5.335598001693143,292.54067500005476,4.356847000963171,302.23360100171703,True,False,CPUExecutionProvider
308476,4.860684999584919,280.47161999893433,4.39309400098864,289.72588000033284,True,False,CPUExecutionProvider
305695,4.997771999114775,311.8719920003059,4.529851999905077,321.3999370000238,True,False,CPUExecutionProvider
185409,4.99540800046816,277.4118939996697,4.513120000410709,286.9207029998506,True,False,CPUExecutionProvider
104455,6.252101999052684,299.676148000799,4.769813000166323,310.698424000293,True,False,CPUExecutionProvider
401244,4.266645999450702,275.8449359989754,4.539368999758153,284.6513119984593,True,False,CPUExecutionProvider
331075,8.640574998935335,376.833741000155,12.556652998682694,398.03144999859796,True,False,CPUExecutionProvider
355905,8.040777000132948,309.1324369997892,4.41756100008206,321.5911959996447,True,False,CPUExecutionProvider
328337,7.019686001513037,443.65713300067,15.63726699896506,466.3146170005348,True,False,CPUExecutionProvider
377497,11.007548999259598,418.57369400167954,4.300449998481781,433.88269399838464,True,False,CPUExecutionProvider
7281,8.58320699990145,365.03502300001855,4.586046999975224,378.2052289989224,True,False,CPUExecutionProvider
50380,5.007550000300398,306.9178709993139,4.660918000809033,316.586830000233,True,False,CPUExecutionProvider
439180,4.397392000100808,478.5590699993918,7.109053000021959,490.06589599957806,True,False,CPUExecutionProvider
513181,6.794451999667217,441.69916700047906,12.674372999754269,461.1686230000487,True,False,CPUExecutionProvider
371472,15.808268999535358,327.10038700133737,4.5183099991845665,347.4280489990633,True,False,CPUExecutionProvider
280891,6.699814000967308,400.699836000058,4.7503860005235765,412.15047700097784,True,False,CPUExecutionProvider
54628,10.228042001472204,311.0595310008648,4.71126299999014,325.99967700116395,True,False,CPUExecutionProvider
157928,4.865783999775886,435.0741319994995,4.785563000041293,444.7258389991475,True,False,CPUExecutionProvider
203095,7.467247998647508,359.7058650011604,5.017829998905654,372.1919949985022,True,False,CPUExecutionProvider
17182,4.200211000352283,336.32518999911554,4.5998130008229055,345.12557500056573,True,False,CPUExecutionProvider
150649,3.6680410012195352,330.04159899974184,4.7025359999679495,338.41253600076016,True,False,CPUExecutionProvider
562059,5.630031999316998,401.3458299996273,4.60759700035851,411.5841399998317,True,False,CPUExecutionProvider
407524,13.815049000186264,398.17013399988355,4.411208999954397,416.3974640014203,True,False,CPUExecutionProvider
306437,7.3445870002615266,393.6272579994693,4.4541789993672865,405.4264450005576,True,False,CPUExecutionProvider
116206,7.529254000473884,362.56135500116216,4.539098999885027,374.6302800009289,True,False,CPUExecutionProvider
393838,7.530786999268457,367.74854299983417,10.680522000257042,385.9603929995501,True,False,CPUExecutionProvider
229553,13.409556000624434,479.41850000097475,14.236683000490302,507.06549100141274,True,False,CPUExecutionProvider
171382,8.5918530003255,363.4138070010522,5.163403999176808,377.17001599958166,True,False,CPUExecutionProvider
94614,6.3229350016626995,339.3711280004936,4.402280999784125,350.09765600079845,True,False,CPUExecutionProvider
172649,6.884902000820148,431.48962300074345,12.722814999506227,451.0980920003931,True,False,CPUExecutionProvider
252507,12.406369000018458,533.7387979998311,9.656326001277193,555.8026150010846,True,False,CPUExecutionProvider
326128,14.645782001025509,331.9063439994352,4.426637000506162,350.97960400162265,True,False,CPUExecutionProvider
214539,4.141470999456942,350.5200999989029,4.792075000295881,359.4540159992903,True,False,CPUExecutionProvider
51314,6.796155001211446,316.5414270006295,4.382555000120192,327.72105900039605,True,False,CPUExecutionProvider
556873,4.588752999552526,331.4115009998204,4.594052999891574,340.59480799987796,True,False,CPUExecutionProvider
417911,4.655066999475821,367.9821579989948,6.062405000193394,378.69984099961584,True,False,CPUExecutionProvider
81988,6.760398000551504,423.25059099857754,12.751529000524897,442.76380100018287,True,False,CPUExecutionProvider
554266,10.112904999914463,491.7199370011076,4.558354999971925,506.3919080002961,True,False,CPUExecutionProvider
8629,7.350498000960215,462.4516660005611,12.81701200059615,482.6199480012292,True,False,CPUExecutionProvider
161925,10.992870000336552,496.5944749983464,14.098813000600785,521.6868900006375,True,False,CPUExecutionProvider
64898,9.602964999430696,408.867330999783,12.84141699943575,431.3126449997071,True,False,CPUExecutionProvider
547854,15.887988000031328,316.65215300017735,4.5847950004827,337.1260790008819,True,False,CPUExecutionProvider
33005,6.89524199879088,422.3932650002098,12.772218000463909,442.0611559999088,True,False,CPUExecutionProvider
388215,14.79425100114895,509.00783599900024,12.595655000041006,536.3981730006344,True,False,CPUExecutionProvider
111609,18.117223000444937,509.52123099887103,12.49371300036728,540.1327079998737,True,False,CPUExecutionProvider
64718,17.87467599933734,428.9096620013879,4.269592000127886,451.05471200076863,True,False,CPUExecutionProvider
546325,7.092613001077552,280.7244340001489,4.5758479991491186,292.3935460003122,True,False,CPUExecutionProvider
82688,3.9494089996878756,354.8821210006281,4.568463999021333,363.40044499957,True,False,CPUExecutionProvider
367569,6.904638999913004,290.286200999617,4.749474001073395,301.9411460008996,True,False,CPUExecutionProvider
209753,3.9831829999457113,276.1958439987211,4.473005001273123,284.6523620009975,True,False,CPUExecutionProvider
531135,4.213235999486642,273.85753499947896,5.468176999784191,283.5392779998074,True,False,CPUExecutionProvider
447187,4.135418999794638,276.80075199896237,4.418923001139774,285.35568500046793,True,False,CPUExecutionProvider
311002,4.765333998875576,350.48929500044324,4.447847000847105,359.70292700039863,True,False,CPUExecutionProvider
458045,7.701357999394531,371.8593260000489,4.648856000130763,384.21056200058956,True,False,CPUExecutionProvider
246436,5.58991599973524,289.1456349989312,5.62385900047957,300.3603010001825,True,False,CPUExecutionProvider
440184,7.337965000260738,384.6779899995454,4.945724000208429,396.96202900086064,True,False,CPUExecutionProvider
85157,5.679914998836466,352.9620560002513,4.66409399996337,363.30675600038376,True,False,CPUExecutionProvider
256916,5.2896409997629235,332.49459199942066,4.561972000374226,342.3467049997271,True,False,CPUExecutionProvider
504415,6.781055999454111,274.9974279995513,4.573563999656471,286.3526989985985,True,False,CPUExecutionProvider
246522,6.951487001060741,312.53181799911545,4.428259999258444,323.9119350000692,True,False,CPUExecutionProvider
446703,6.250709000596544,289.50082099981955,4.258540999217075,300.0105219998659,True,False,CPUExecutionProvider
367095,4.54352800079505,372.43935500009684,7.819309999831603,384.8025229999621,True,False,CPUExecutionProvider
529148,10.198234998824773,341.24850899934245,12.672629000007873,364.1201039990847,True,False,CPUExecutionProvider
480212,11.438628000178142,290.5164509993483,4.443469000761979,306.39938000058464,True,False,CPUExecutionProvider
442993,6.78081700061739,285.9114370003226,4.404605999297928,297.0975810003438,True,False,CPUExecutionProvider
71938,6.872939000459155,435.5139199997211,12.48397500057763,454.8712150008214,True,False,CPUExecutionProvider
136466,11.069484000472585,276.70001900150965,4.626442998414859,292.3964769997838,True,False,CPUExecutionProvider
28452,7.796197000061511,301.8816900003003,4.665106000175001,314.34375400021963,True,False,CPUExecutionProvider
581482,6.3514590001432225,304.81996799971967,4.39167200056545,315.56351899962465,True,False,CPUExecutionProvider
217425,6.5240330004598945,329.22336499905214,4.284149001250626,340.03239900084736,True,False,CPUExecutionProvider
140439,6.961635999687132,320.14784199964197,4.5055560003675055,331.6155449992948,True,False,CPUExecutionProvider
151820,4.527707998931874,325.49078299962275,6.517761001305189,336.53697299996566,True,False,CPUExecutionProvider
260105,7.851920998291462,381.12147399988316,4.5165370011091,393.49074399979145,True,False,CPUExecutionProvider
127394,8.186520999515778,354.0694139992411,5.004213000574964,367.26115999954345,True,False,CPUExecutionProvider
238410,7.985082000232069,331.93567600028473,5.054297998867696,344.9755969995749,True,False,CPUExecutionProvider
166918,4.8444140011270065,373.1255409984442,6.062064001525869,384.0326300014567,True,False,CPUExecutionProvider
290768,7.782781000059913,383.65305600018473,4.6769689997745445,396.1131859996385,True,False,CPUExecutionProvider
357567,7.037888999548159,358.27080699891667,5.020134000005783,370.32982199889375,True,False,CPUExecutionProvider
237118,8.90552300006675,347.74883299905923,4.457124001419288,361.11221100145485,True,False,CPUExecutionProvider
343561,4.746017999423202,386.7179210010363,4.955541999152047,396.4199120000558,True,False,CPUExecutionProvider
195165,8.681100998728652,319.9400390003575,4.926446999888867,333.5484780000115,True,False,CPUExecutionProvider
23272,6.423673999961466,375.4453340006876,4.346386000179336,386.2161859997286,True,False,CPUExecutionProvider
464689,5.494306000400684,295.2531369992357,4.719458000181476,305.46761199912,True,False,CPUExecutionProvider
360943,7.330499998715823,296.66041400014365,4.2791200012288755,308.27052499989804,True,False,CPUExecutionProvider
410221,7.810623999830568,347.92400000151247,4.981090998626314,360.7160749998002,True,False,CPUExecutionProvider
245513,6.979900999795063,336.9617169992125,4.408965000038734,348.3510040005058,True,False,CPUExecutionProvider
445365,8.129482999720494,325.3657730001578,4.469408000659314,337.96574599909945,True,False,CPUExecutionProvider
59386,13.346638001166866,298.1657050004287,4.674784000599175,316.18794800124306,True,False,CPUExecutionProvider
279714,6.838555000285851,341.7528299996775,4.3140450015926035,352.90643200096383,True,False,CPUExecutionProvider
507042,6.866486999570043,364.18942700038315,4.261445999873104,375.3181219999533,True,False,CPUExecutionProvider
314541,5.550050000238116,293.8290259990026,4.493874001127551,303.87388200142595,True,False,CPUExecutionProvider
341921,5.240388001766405,384.5918579991121,12.671457001488307,402.5043240017112,True,False,CPUExecutionProvider
186449,8.174167000106536,272.8499600016221,5.378116999054328,286.4029960001062,True,False,CPUExecutionProvider
547336,5.016326000259141,344.71220600062225,4.470118999961414,354.199162000441,True,False,CPUExecutionProvider
226154,7.0975820017338265,273.4989909986325,4.476531001273543,285.0735950014496,True,False,CPUExecutionProvider
394275,6.6652890000113985,292.25177700027416,4.3696800003090175,303.2874880009331,True,False,CPUExecutionProvider
229753,13.447618001009687,253.07006900038687,4.307463999793981,270.82609300123295,True,False,CPUExecutionProvider
261712,8.342002998688258,267.5177179989987,4.452917000890011,280.3137800001423,True,False,CPUExecutionProvider
19042,4.4191529996169265,380.5310260013357,4.550279998511542,389.50096999906236,True,False,CPUExecutionProvider
534394,7.4163310000585625,315.36889400013024,4.7120840008574305,327.4978400004329,True,False,CPUExecutionProvider
322610,6.998155000474071,261.4756810016843,4.999003998818807,273.47328100040613,True,False,CPUExecutionProvider
263299,6.907765000505606,309.20123099895136,4.566179999528686,320.6760579996626,True,False,CPUExecutionProvider
236690,7.631877000676468,274.53864500057534,4.447676999916439,286.61898000063957,True,False,CPUExecutionProvider
252559,6.664586999249877,352.8579270005139,4.565097000522655,364.08813200068835,True,False,CPUExecutionProvider
50145,6.369161001202883,264.5891579995805,4.475768999327556,275.4349099996034,True,False,CPUExecutionProvider
467848,7.47782699909294,378.9747860009811,4.448027999387705,390.90108199889073,True,False,CPUExecutionProvider
572388,6.022950001352001,285.41851099907944,5.330478001269512,296.7727200011723,True,False,CPUExecutionProvider
272212,4.291784000088228,328.91466499859234,4.341076000855537,337.54782500000147,True,False,CPUExecutionProvider
377000,5.304599000737653,310.0878469995223,4.374739999548183,319.76819800001977,True,False,CPUExecutionProvider
198641,7.713580998824909,296.70025299856206,4.551161000563297,308.96552599915594,True,False,CPUExecutionProvider
181421,7.260038000822533,345.3414650011837,4.580797998642083,357.18278199965425,True,False,CPUExecutionProvider
477227,4.738334000649047,313.4471769990341,4.463056000531651,322.6489170010609,True,False,CPUExecutionProvider
119641,4.714648999652127,307.1498400004202,4.786503999639535,316.6512829993735,True,False,CPUExecutionProvider
40083,6.126225000116392,380.92982200032566,12.867655999798444,399.92431400060013,True,False,CPUExecutionProvider
244496,9.000251000543358,321.48871299978055,4.61703500150179,335.1063400004932,True,False,CPUExecutionProvider
565624,6.5676350004650885,368.0288319992542,4.361575000075391,378.9585230006196,True,False,CPUExecutionProvider
549220,6.913193999935174,338.4595480001735,4.572591000396642,349.94611500042083,True,False,CPUExecutionProvider
442836,5.378396999731194,326.7855670001154,4.468596000151592,336.63306100061163,True,False,CPUExecutionProvider
428218,4.74328299969784,304.0240280006401,4.599071999109583,313.3666429985169,True,False,CPUExecutionProvider
574297,5.010876000596909,385.56449899988365,4.415145000166376,394.9909809998644,True,False,CPUExecutionProvider
61747,5.215511000642437,376.3342250003916,12.47064900053374,394.02062500084867,True,False,CPUExecutionProvider
553788,10.705038001106004,369.6342410003126,4.424873999596457,384.7648740011209,True,False,CPUExecutionProvider
153510,7.209983001303044,327.719552000417,4.383114999654936,339.31340200069826,True,False,CPUExecutionProvider
456143,6.965562999539543,271.13541799917584,4.633116001059534,282.73503899981733,True,False,CPUExecutionProvider
157418,18.692855001063435,253.01258700164908,4.6675300000060815,276.37365300142847,True,False,CPUExecutionProvider
345469,7.661072000701097,310.56482100029825,4.621944999598782,322.8483389993926,True,False,CPUExecutionProvider
533855,3.955419999329024,299.9415559988847,4.356114999609417,308.25334199835197,True,False,CPUExecutionProvider
389197,7.494237999708275,289.1985480000585,4.50451299911947,301.198219998696,True,False,CPUExecutionProvider
422998,7.2309620009036735,289.3902479991084,4.6400179999182,301.26171899973997,True,False,CPUExecutionProvider
632,4.427539000971592,340.80716999960714,4.5036119990982115,349.73888199965586,True,False,CPUExecutionProvider
477955,12.300448999667424,345.8751840007608,4.412128999319975,362.58873400038283,True,False,CPUExecutionProvider
128675,7.634882000274956,265.29567100078566,4.562303000057,277.4932270003774,True,False,CPUExecutionProvider
402720,7.701488000748213,296.01238400027796,4.644396000003326,308.3587990004162,True,False,CPUExecutionProvider
179141,4.556280999167939,320.50538799921924,4.403244000059203,329.4652339991444,True,False,CPUExecutionProvider
353096,6.248585001230822,371.0303429998021,5.260476000330527,382.5399550005386,True,False,CPUExecutionProvider
13729,7.234689999677357,272.12750199942093,4.632103000403731,283.99515700039046,True,False,CPUExecutionProvider
391140,6.812023999373196,378.58119799966516,15.827003000595141,401.2212569996336,True,False,CPUExecutionProvider
157046,10.43521000065084,309.5101340004476,4.150126998865744,324.0960319999431,True,False,CPUExecutionProvider
384527,7.209682000393514,261.7523839999194,4.744886000480619,273.707774000286,True,False,CPUExecutionProvider
478721,8.057046999965678,336.9085140002426,4.698008000559639,349.66440000061993,True,False,CPUExecutionProvider
33759,6.47800700062362,331.2272570001369,4.972163998900214,342.6784189996397,True,False,CPUExecutionProvider
98287,6.8614669999078615,288.8187390017265,4.428270998687367,300.10883799877774,True,False,CPUExecutionProvider
158227,6.537727998875198,272.77178300028027,5.166449000171269,284.47645099913643,True,False,CPUExecutionProvider
407646,9.695288999864715,358.81793800035666,4.271855999832042,372.78595400130143,True,False,CPUExecutionProvider
220310,3.65756999963196,301.4933619997464,4.580015000101412,309.73127800098155,True,False,CPUExecutionProvider
512403,8.283061000838643,251.94548500076053,4.46717299928423,264.6967609998683,True,False,CPUExecutionProvider
168974,6.893297999340575,311.5066279988241,4.428981001183274,322.82945800034213,True,False,CPUExecutionProvider
552775,7.29002399930323,265.4535660003603,4.698187998656067,277.4424089984677,True,False,CPUExecutionProvider
394940,7.5793569994857535,272.8024300013203,4.469497000172851,284.85167500002717,True,False,CPUExecutionProvider
15335,4.862166000748402,269.0518340004928,4.454789999726927,278.36930100056634,True,False,CPUExecutionProvider
